patient_id;admission_date;district;hospital_name;ward;age;blood_oxygen_level;heart_rate
ID-#08455-X!;2026-10-29;West;Westview Hospital;Observation;45;99;102
ID-#05101-K!;2026-10-30;Industrial;Industrial Med;ER;44;92;116
ID-#01656-L!;2026-10-16;Waterfront;Bayview Hospital;Observation;71;98;72
ID-#07552-R!;2026-10-26;South;South Park Hospital;ER;88;98;81
**ID_02536?W;2026-10-16;Industrial;Workers Health Center;General;87;96;118
ID-#00420-B!;2026-10-05;North;Northside Clinic;ICU;89;98;107
ID-#07507-N!;2026-10-12;Central;Central Care;General;28;94;91
**ID_02501?H;2026-10-06;Waterfront;Bayview Hospital;ER;39;96;82
ID-#01479-B!;2026-10-02;Industrial;Workers Health Center;ICU;54;93;111
ID-#01744-P!;2026-10-21;Industrial;Workers Health Center;ICU;-;84;88
ID-#04255-P!;2026-10-19;South;South Park Hospital;ICU;84;95;99
ID-#07355-F!;2026-10-31;Waterfront;Bayview Hospital;General;54;96;78
ID-#00846-H!;2026-10-23;Central;Metropolis General;ER;48;93;120
ID-#06379-G!;2026-10-19;Waterfront;Bayview Hospital;Observation;68;95;91
ID-#00022-Z!;2026-10-25;North;Northside Clinic;ER;44;95;72
**ID_01385?S;2026-10-25;Waterfront;Bayview Hospital;ER;30;97;85
ID-#07892-N!;2026-10-27;Industrial;Industrial Med;ICU;80;83;77
**ID_03418?U;2026-10-09;Industrial;Workers Health Center;ICU;70;99;112
ID-#08253-W!;2026-10-29;South;South Park Hospital;ER;80;99;110
ID-#00055-I!;2026-10-24;West;Westview Hospital;ER;37;98;94
**ID_01356?W;2026-10-15;West;Westview Hospital;General;65;96;103
ID-#05420-B!;2026-10-23;West;Westview Hospital;ER;29;97;76
ID-#07438-H!;2026-10-26;Waterfront;Bayview Hospital;ICU;67;95;78
ID-#08270-Y!;2026-10-25;East;Eastern Health;Observation;78;91;106
ID-#03466-W!;2026-10-24;Industrial;Industrial Med;ER;21;90;86
ID-#04379-M!;2026-10-08;North;Northern Medical;ICU;50;97;109
ID-#00519-E!;2026-10-24;Central;Metropolis General;General;18;97;116
**ID_06330?U;2026-10-08;North;Northern Medical;ER;29;96;119
ID-#05285-P!;2026-10-23;Central;Metropolis General;ER;-;97;77
ID-#02740-Q!;2026-10-07;Waterfront;Bayview Hospital;General;44;94;101
ID-#00787-A!;2026-10-21;South;South Park Hospital;Observation;32;98;88
ID-#04077-K!;2026-10-20;West;Westview Hospital;General;47;93;105
ID-#00820-T!;2026-10-30;West;Westview Hospital;ER;31;95;113
ID-#01054-A!;2026-10-15;North;Northside Clinic;Observation;35;100;114
ID-#07280-I!;2026-10-20;North;Northern Medical;ICU;67;98;74
ID-#03420-C!;2026-10-22;South;South Park Hospital;ER;61;98;102
ID-#02957-B!;2026-10-07;South;South Park Hospital;General;73;94;87
ID-#00351-T!;2026-10-25;Central;Central Care;ER;33;98;95
ID-#06077-E!;2026-10-26;Industrial;Workers Health Center;General;50;83;118
ID-#00243-V!;2026-10-31;South;South Park Hospital;ER;27;100;90
ID-#04956-A!;2026-10-18;East;East Point Med;General;81;95;89
**ID_02451?Z;2026-10-23;Waterfront;Bayview Hospital;General;35;96;76
ID-#07604-A!;2026-10-17;East;Eastern Health;ICU;66;100;94
ID-#07312-K!;2026-10-17;Industrial;Industrial Med;ICU;58;100;87
ID-#02673-V!;2026-10-19;West;Westview Hospital;ICU;49;96;113
ID-#05969-Z!;2026-10-12;Waterfront;Bayview Hospital;General;20;94;105
ID-#02447-Q!;2026-10-17;North;Northern Medical;ICU;21;94;80
ID-#00244-S!;2026-10-12;North;Northern Medical;ER;64;100;99
ID-#01221-Y!;2026-10-20;Central;Metropolis General;ER;70;93;79
ID-#00516-X!;2026-10-19;Central;Metropolis General;General;19;94;70
ID-#08259-A!;2026-10-17;West;Westview Hospital;ICU;65;94;73
ID-#08001-B!;2026-10-23;Industrial;Industrial Med;ER;23;81;81
ID-#03330-H!;2026-10-16;East;Eastern Health;General;68;100;115
ID-#08235-U!;2026-10-31;East;East Point Med;ER;33;91;84
ID-#07412-W!;2026-10-26;West;Westview Hospital;General;18;95;112
**ID_08291?T;2026-10-11;South;South Park Hospital;ER;90;100;91
ID-#03486-I!;2026-10-24;North;Northside Clinic;General;68;96;113
ID-#05202-Q!;2026-10-05;North;Northside Clinic;ICU;84;-;104
ID-#03184-G!;2026-10-20;South;South Park Hospital;General;44;93;97
ID-#01438-G!;2026-10-13;West;Westview Hospital;ICU;82;93;N/A
ID-#03465-D!;2026-10-26;North;Northern Medical;General;40;98;N/A
ID-#00982-F!;2026-10-29;Central;Central Care;Observation;70;93;82
ID-#02209-I!;2026-10-23;North;Northern Medical;ER;60;93;100
ID-#04742-D!;2026-10-08;North;Northern Medical;ICU;33;95;81
**ID_03259?J;2026-10-24;Central;Metropolis General;ER;53;94;74
ID-#07126-Q!;2026-10-19;Industrial;Industrial Med;Observation;76;92;100
ID-#03311-S!;2026-10-21;Industrial;Workers Health Center;General;82;88;75
ID-#04810-Z!;2026-10-23;West;Westview Hospital;ER;37;93;102
ID-#01213-S!;2026-10-18;Waterfront;Bayview Hospital;ICU;74;93;108
ID-#07338-P!;2026-10-29;Waterfront;Bayview Hospital;ER;31;100;81
ID-#03515-H!;2026-10-28;Industrial;Industrial Med;General;47;88;112
ID-#00590-E!;2026-10-21;North;Northern Medical;Observation;22;99;92
ID-#00160-R!;2026-10-29;East;East Point Med;ICU;76;91;120
ID-#08143-S!;2026-10-05;Waterfront;Bayview Hospital;ER;66;94;103
ID-#03698-S!;2026-10-19;East;Eastern Health;General;70;83;109
ID-#05451-H!;2026-10-17;Central;Metropolis General;General;89;94;98
ID-#04207-A!;2026-10-19;Industrial;Industrial Med;ICU;86;91;111
ID-#01668-N!;2026-10-08;West;Westview Hospital;ER;36;-;114
ID-#07304-X!;2026-10-24;South;South Park Hospital;ICU;59;96;90
ID-#03251-J!;2026-10-20;Waterfront;Bayview Hospital;General;58;96;104
ID-#02881-L!;2026-10-05;Industrial;Industrial Med;Observation;56;99;101
ID-#01122-C!;2026-10-31;West;Westview Hospital;General;72;100;116
ID-#01125-T!;2026-10-04;South;South Park Hospital;General;73;100;106
ID-#00897-G!;2026-10-22;East;Eastern Health;Observation;67;84;96
ID-#06247-U!;2026-10-09;East;Eastern Health;Observation;44;97;72
ID-#01164-B!;2026-10-24;South;South Park Hospital;ICU;18;98;97
ID-#01527-Q!;2026-10-24;East;Eastern Health;General;21;82;95
ID-#04123-V!;2026-10-22;East;East Point Med;General;32;83;96
ID-#06318-U!;2026-10-20;Waterfront;Bayview Hospital;ER;53;98;119
ID-#00075-X!;2026-10-14;North;Northern Medical;ER;36;97;118
ID-#00523-J!;2026-10-03;Central;Metropolis General;General;39;-;112
ID-#07256-M!;2026-10-07;Central;Metropolis General;ER;67;98;85
ID-#03600-E!;2026-10-20;North;Northern Medical;Observation;39;96;84
ID-#07644-T!;2026-10-25;South;South Park Hospital;General;56;95;112
**ID_01621?R;2026-10-03;Waterfront;Bayview Hospital;ICU;76;95;114
ID-#01109-S!;2026-10-26;Industrial;Industrial Med;ICU;74;86;102
ID-#07172-S!;2026-10-22;Industrial;Industrial Med;General;24;-;105
ID-#05515-L!;2026-10-10;East;East Point Med;General;36;93;72
ID-#02628-X!;2026-10-15;East;Eastern Health;ER;58;96;77
ID-#00247-U!;2026-10-07;East;Eastern Health;General;30;100;108
ID-#00793-A!;2026-10-17;East;East Point Med;ER;-;99;109
ID-#03526-Z!;2026-10-24;Industrial;Workers Health Center;General;34;84;100
ID-#02824-F!;2026-10-27;Waterfront;Bayview Hospital;ER;50;97;118
ID-#05746-A!;2026-10-19;Central;Central Care;ER;69;100;81
ID-#06097-Z!;2026-10-09;Waterfront;Bayview Hospital;ICU;-;95;74
ID-#05491-L!;2026-10-03;Industrial;Industrial Med;ER;82;99;98
ID-#04726-F!;2026-10-13;South;South Park Hospital;General;68;99;118
ID-#08465-N!;2026-10-25;East;East Point Med;ER;47;89;81
ID-#02623-Y!;2026-10-21;Central;Central Care;ICU;64;94;115
ID-#04566-A!;2026-10-06;South;South Park Hospital;General;35;93;93
ID-#08024-J!;2026-10-25;Waterfront;Bayview Hospital;ICU;59;94;88
ID-#07136-O!;2026-10-26;Central;Central Care;ER;39;94;118
ID-#07857-X!;2026-10-23;Waterfront;Bayview Hospital;General;41;94;87
ID-#03176-L!;2026-10-22;West;Westview Hospital;ER;44;93;100
ID-#01316-X!;2026-10-10;Waterfront;Bayview Hospital;ER;52;94;118
ID-#00275-F!;2026-10-16;Waterfront;Bayview Hospital;General;52;98;104
ID-#06408-A!;2026-10-21;East;East Point Med;General;25;84;107
ID-#00845-V!;2026-10-08;Central;Central Care;ER;71;95;95
ID-#08038-X!;2026-10-24;North;Northern Medical;Observation;31;100;108
ID-#07623-X!;2026-10-21;Central;Central Care;ER;90;94;85
ID-#05858-H!;2026-10-20;North;Northern Medical;ICU;85;95;77
ID-#03391-L!;2026-10-18;South;South Park Hospital;ER;79;95;106
**ID_04045?Q;2026-10-17;South;South Park Hospital;General;82;94;101
ID-#06273-G!;2026-10-22;South;South Park Hospital;ER;35;99;114
ID-#08369-U!;2026-10-26;Industrial;Industrial Med;General;21;81;115
ID-#04862-K!;2026-10-25;Waterfront;Bayview Hospital;ER;28;99;100
ID-#05694-T!;2026-10-19;North;Northside Clinic;ICU;66;95;73
ID-#02589-F!;2026-10-25;Waterfront;Bayview Hospital;ICU;64;97;104
ID-#01021-J!;2026-10-27;Central;Metropolis General;ER;57;96;106
ID-#00240-J!;2026-10-27;East;Eastern Health;Observation;77;83;117
ID-#03070-O!;2026-10-18;Central;Central Care;ICU;50;93;103
ID-#00043-H!;2026-10-24;West;Westview Hospital;ER;44;97;84
ID-#04661-U!;2026-10-26;Waterfront;Bayview Hospital;ER;37;100;71
ID-#00591-O!;2026-10-24;West;Westview Hospital;ER;78;95;82
ID-#02314-R!;2026-10-06;North;Northern Medical;ER;51;96;108
ID-#06935-C!;2026-10-20;Central;Central Care;ER;38;96;71
ID-#08063-W!;2026-10-25;North;Northern Medical;Observation;38;100;118
ID-#04131-G!;2026-10-23;South;South Park Hospital;ICU;34;96;111
ID-#08026-V!;2026-10-31;Industrial;Workers Health Center;ICU;80;84;111
ID-#00283-I!;2026-10-21;East;Eastern Health;General;41;84;88
ID-#01892-F!;2026-10-07;West;Westview Hospital;ER;84;95;117
ID-#04573-M!;2026-10-19;East;Eastern Health;ICU;28;90;82
ID-#03917-V!;2026-10-18;North;Northern Medical;Observation;87;95;71
ID-#02351-L!;2026-10-20;Central;Metropolis General;ICU;58;96;101
ID-#03929-U!;2026-10-20;North;Northern Medical;ICU;59;99;102
ID-#03214-G!;2026-10-03;North;Northern Medical;ER;47;99;80
ID-#02420-K!;2026-10-25;Waterfront;Bayview Hospital;ICU;51;97;102
ID-#02657-R!;2026-10-25;Central;Metropolis General;Observation;-;100;115
ID-#03260-I!;2026-10-30;Central;Metropolis General;Observation;24;99;96
ID-#00355-T!;2026-10-20;Waterfront;Bayview Hospital;Observation;58;99;89
ID-#04273-S!;2026-10-19;South;South Park Hospital;ER;33;94;80
ID-#01752-W!;2026-10-13;North;Northside Clinic;ER;89;98;104
ID-#05003-A!;2026-10-15;West;Westview Hospital;ICU;90;100;74
ID-#06581-N!;2026-10-19;East;Eastern Health;General;36;80;115
ID-#06752-E!;2026-10-17;Waterfront;Bayview Hospital;ER;19;97;120
ID-#03042-K!;2026-10-14;Industrial;Workers Health Center;ER;50;98;81
ID-#07536-B!;2026-10-22;East;East Point Med;ICU;87;85;100
ID-#01078-G!;2026-10-23;South;South Park Hospital;ER;30;96;106
ID-#01896-J!;2026-10-26;Waterfront;Bayview Hospital;ICU;67;96;109
ID-#06028-P!;2026-10-11;Industrial;Workers Health Center;ER;33;94;87
ID-#08112-A!;2026-10-23;Waterfront;Bayview Hospital;General;87;95;75
ID-#05636-T!;2026-10-18;Industrial;Workers Health Center;ER;28;97;76
ID-#02116-E!;2026-10-22;Central;Central Care;Observation;35;93;N/A
ID-#06317-E!;2026-10-08;East;East Point Med;ER;26;-;109
ID-#00370-Q!;2026-10-16;Industrial;Industrial Med;ICU;57;98;104
ID-#07856-N!;2026-10-19;West;Westview Hospital;ER;67;96;82
ID-#02514-H!;2026-10-22;South;South Park Hospital;General;83;99;111
ID-#04483-T!;2026-10-08;East;East Point Med;ER;60;-;108
ID-#06777-E!;2026-10-19;West;Westview Hospital;General;23;99;111
ID-#00319-W!;2026-10-19;North;Northside Clinic;ER;34;97;102
ID-#04323-B!;2026-10-22;East;Eastern Health;ICU;84;89;82
**ID_04295?S;2026-10-23;South;South Park Hospital;General;37;96;N/A
ID-#05692-L!;2026-10-11;Waterfront;Bayview Hospital;General;74;100;107
ID-#01980-K!;2026-10-09;Waterfront;Bayview Hospital;ER;34;96;94
ID-#01451-U!;2026-10-22;Industrial;Industrial Med;General;41;88;102
ID-#00690-L!;2026-10-11;East;Eastern Health;ER;35;97;N/A
ID-#05581-I!;2026-10-08;Central;Metropolis General;ER;46;98;115
ID-#07927-J!;2026-10-12;Waterfront;Bayview Hospital;General;57;94;93
ID-#07720-M!;2026-10-26;East;East Point Med;General;46;91;107
ID-#08116-K!;2026-10-07;West;Westview Hospital;ER;20;97;113
**ID_03842?Q;2026-10-13;Waterfront;Bayview Hospital;ER;28;97;90
ID-#02469-I!;2026-10-25;East;Eastern Health;ER;78;85;90
ID-#04588-L!;2026-10-27;Industrial;Industrial Med;General;20;81;108
ID-#05505-T!;2026-10-21;Industrial;Industrial Med;ER;88;81;115
ID-#03624-Y!;2026-10-10;West;Westview Hospital;General;82;94;119
ID-#04139-Q!;2026-10-09;Waterfront;Bayview Hospital;ER;18;99;86
ID-#07728-S!;2026-10-22;South;South Park Hospital;ER;37;94;109
ID-#05113-D!;2026-10-30;Central;Central Care;ER;29;96;101
ID-#01365-O!;2026-10-25;South;South Park Hospital;General;43;95;83
ID-#02256-H!;2026-10-22;West;Westview Hospital;ICU;42;97;101
ID-#04451-H!;2026-10-23;West;Westview Hospital;General;26;93;98
**ID_05189?J;2026-10-26;Central;Central Care;General;44;99;91
ID-#02836-U!;2026-10-05;Industrial;Industrial Med;ER;42;99;76
ID-#04758-E!;2026-10-05;North;Northern Medical;General;50;97;77
ID-#01488-G!;2026-10-15;Central;Metropolis General;ICU;35;94;90
ID-#08166-R!;2026-10-22;North;Northside Clinic;ER;26;95;99
ID-#02849-X!;2026-10-21;South;South Park Hospital;Observation;82;93;86
ID-#04667-S!;2026-10-30;Industrial;Industrial Med;ER;26;81;120
ID-#00473-X!;2026-10-25;Central;Metropolis General;General;23;97;75
ID-#08046-T!;2026-10-19;South;South Park Hospital;General;29;96;76
ID-#03820-G!;2026-10-08;Industrial;Industrial Med;General;71;96;76
ID-#04243-R!;2026-10-19;East;East Point Med;ER;86;85;75
ID-#00684-D!;2026-10-27;East;East Point Med;General;87;86;70
ID-#00337-O!;2026-10-19;North;Northside Clinic;Observation;52;98;112
**ID_06586?Z;2026-10-27;Central;Central Care;Observation;73;95;76
ID-#08168-J!;2026-10-23;Industrial;Workers Health Center;ER;81;84;111
ID-#06105-S!;2026-10-24;South;South Park Hospital;ICU;39;95;101
ID-#01317-H!;2026-10-23;South;South Park Hospital;ER;53;93;78
ID-#04890-J!;2026-10-24;Central;Metropolis General;General;70;95;107
**ID_01360?Q;2026-10-18;Waterfront;Bayview Hospital;ER;66;97;89
ID-#08175-M!;2026-10-14;East;Eastern Health;General;34;95;77
ID-#03117-C!;2026-10-12;East;East Point Med;ICU;33;95;115
ID-#08374-V!;2026-10-26;North;Northern Medical;ICU;31;95;N/A
ID-#06419-A!;2026-10-15;West;Westview Hospital;ER;89;94;78
ID-#00352-J!;2026-10-18;Central;Metropolis General;ER;90;95;120
**ID_03123?B;2026-10-09;East;East Point Med;Observation;35;99;89
ID-#05135-Q!;2026-10-20;West;Westview Hospital;ICU;26;100;116
ID-#08053-N!;2026-10-22;South;South Park Hospital;ICU;20;100;107
**ID_06326?P;2026-10-03;South;South Park Hospital;ER;-;93;71
**ID_08068?Y;2026-10-25;South;South Park Hospital;ICU;28;98;81
ID-#04286-Q!;2026-10-24;Waterfront;Bayview Hospital;ICU;72;98;98
ID-#03380-O!;2026-10-19;Central;Metropolis General;General;44;98;76
ID-#07611-Q!;2026-10-25;South;South Park Hospital;ER;-;94;119
ID-#04558-T!;2026-10-23;West;Westview Hospital;ICU;35;93;109
ID-#07797-G!;2026-10-31;Waterfront;Bayview Hospital;General;85;100;116
ID-#06555-X!;2026-10-25;Waterfront;Bayview Hospital;ER;24;99;90
ID-#04874-D!;2026-10-27;Industrial;Workers Health Center;ER;21;92;N/A
**ID_06519?E;2026-10-24;Industrial;Workers Health Center;ER;76;82;107
ID-#01159-C!;2026-10-28;Industrial;Industrial Med;Observation;20;82;100
ID-#04687-P!;2026-10-12;East;Eastern Health;General;88;96;82
ID-#06972-Y!;2026-10-29;Industrial;Industrial Med;General;81;85;94
ID-#00014-V!;2026-10-21;Waterfront;Bayview Hospital;General;25;96;106
ID-#03869-E!;2026-10-09;Central;Metropolis General;ER;64;100;110
ID-#00935-A!;2026-10-17;West;Westview Hospital;ER;34;99;N/A
ID-#01426-B!;2026-10-23;Waterfront;Bayview Hospital;ICU;63;95;95
ID-#02221-M!;2026-10-11;East;Eastern Health;ER;45;94;96
ID-#04493-R!;2026-10-20;North;Northern Medical;General;59;93;119
**ID_01635?R;2026-10-13;West;Westview Hospital;ICU;-;99;112
ID-#02648-J!;2026-10-30;West;Westview Hospital;ER;42;97;94
ID-#01537-G!;2026-10-24;Central;Central Care;General;36;93;107
ID-#02713-O!;2026-10-22;Industrial;Industrial Med;General;86;90;118
ID-#02425-F!;2026-10-09;Waterfront;Bayview Hospital;ER;43;97;82
ID-#03604-B!;2026-10-24;South;South Park Hospital;ICU;89;100;86
ID-#04853-H!;2026-10-25;Waterfront;Bayview Hospital;ER;62;-;96
ID-#06838-Z!;2026-10-22;East;Eastern Health;ER;41;83;96
ID-#08109-E!;2026-10-19;North;Northside Clinic;General;45;100;112
ID-#06148-Y!;2026-10-24;South;South Park Hospital;General;77;96;72
ID-#04776-E!;2026-10-20;East;East Point Med;General;23;82;100
ID-#05487-S!;2026-10-30;Waterfront;Bayview Hospital;General;83;99;77
ID-#01570-A!;2026-10-30;Industrial;Workers Health Center;ER;63;89;79
ID-#05163-S!;2026-10-17;Central;Central Care;General;25;96;87
ID-#05384-Q!;2026-10-17;Central;Metropolis General;ER;88;97;107
ID-#06728-Q!;2026-10-22;Industrial;Workers Health Center;ER;41;83;97
ID-#06150-Z!;2026-10-03;East;East Point Med;ER;37;98;115
ID-#02196-L!;2026-10-09;North;Northern Medical;Observation;84;93;110
ID-#05124-R!;2026-10-23;North;Northern Medical;ICU;61;100;87
ID-#05983-L!;2026-10-24;East;East Point Med;General;64;80;73
ID-#07558-J!;2026-10-11;Central;Metropolis General;ER;30;96;79
ID-#03099-X!;2026-10-21;South;South Park Hospital;ICU;31;95;88
ID-#02417-M!;2026-10-22;North;Northern Medical;ER;66;95;75
ID-#06790-V!;2026-10-04;South;South Park Hospital;ER;80;-;74
ID-#04176-T!;2026-10-21;South;South Park Hospital;ICU;79;98;81
ID-#01578-L!;2026-10-22;Industrial;Industrial Med;General;27;90;73
ID-#05905-T!;2026-10-07;North;Northside Clinic;Observation;-;93;110
ID-#04515-V!;2026-10-22;South;South Park Hospital;ER;65;93;97
ID-#05305-R!;2026-10-23;Waterfront;Bayview Hospital;General;67;93;108
ID-#00328-O!;2026-10-21;West;Westview Hospital;Observation;45;95;77
ID-#08295-P!;2026-10-19;West;Westview Hospital;General;50;94;120
ID-#05191-X!;2026-10-24;North;Northside Clinic;ER;55;100;89
ID-#07021-A!;2026-10-10;West;Westview Hospital;ER;77;96;74
ID-#01395-D!;2026-10-08;Industrial;Industrial Med;General;86;93;97
ID-#07701-D!;2026-10-18;Central;Metropolis General;Observation;71;93;107
ID-#03767-R!;2026-10-13;Industrial;Workers Health Center;ER;-;100;88
ID-#04940-J!;2026-10-17;South;South Park Hospital;ICU;69;100;77
ID-#07253-C!;2026-10-26;Industrial;Workers Health Center;ER;69;90;84
ID-#05664-Q!;2026-10-17;North;Northern Medical;ER;54;97;115
**ID_06613?K;2026-10-23;Waterfront;Bayview Hospital;General;44;98;81
ID-#04569-Q!;2026-10-19;North;Northern Medical;ER;89;96;92
ID-#00268-V!;2026-10-04;Central;Metropolis General;ER;35;98;90
ID-#03514-F!;2026-10-18;Waterfront;Bayview Hospital;ICU;25;99;81
ID-#00138-N!;2026-10-14;Central;Central Care;General;65;96;N/A
ID-#06931-U!;2026-10-07;West;Westview Hospital;ER;62;93;106
ID-#06095-T!;2026-10-06;South;South Park Hospital;ER;78;97;93
ID-#00865-Q!;2026-10-21;South;South Park Hospital;ER;60;96;104
ID-#07158-W!;2026-10-10;North;Northside Clinic;ER;70;97;115
ID-#02309-A!;2026-10-21;Waterfront;Bayview Hospital;ER;88;97;94
ID-#03576-C!;2026-10-19;South;South Park Hospital;ER;24;95;99
ID-#03770-L!;2026-10-13;West;Westview Hospital;General;32;97;94
ID-#04189-G!;2026-10-02;Industrial;Industrial Med;ER;83;93;111
ID-#07183-H!;2026-10-06;East;East Point Med;ICU;26;94;81
ID-#06271-E!;2026-10-24;Central;Metropolis General;ER;58;94;117
ID-#05047-E!;2026-10-24;East;Eastern Health;ER;41;92;N/A
ID-#08164-W!;2026-10-10;Central;Metropolis General;ER;55;94;78
ID-#05002-G!;2026-10-19;South;South Park Hospital;General;80;95;111
**ID_00391?Z;2026-10-25;Waterfront;Bayview Hospital;General;85;96;87
ID-#06042-Q!;2026-10-20;Industrial;Workers Health Center;ICU;75;82;82
**ID_06076?C;2026-10-22;East;Eastern Health;General;-;83;120
ID-#05914-A!;2026-10-19;Waterfront;Bayview Hospital;ICU;35;95;108
ID-#06559-P!;2026-10-20;North;Northern Medical;General;-;97;100
ID-#07861-T!;2026-10-21;West;Westview Hospital;ICU;30;95;88
ID-#07752-C!;2026-10-06;North;Northern Medical;ER;41;96;119
ID-#02177-X!;2026-10-31;West;Westview Hospital;Observation;49;96;72
ID-#06734-T!;2026-10-10;South;South Park Hospital;ER;85;98;78
ID-#00015-U!;2026-10-13;Industrial;Industrial Med;General;64;93;75
ID-#00165-Y!;2026-10-20;South;South Park Hospital;ICU;81;95;82
ID-#07853-I!;2026-10-23;Central;Central Care;ER;63;100;103
ID-#07152-P!;2026-10-15;North;Northside Clinic;General;22;95;80
ID-#05466-I!;2026-10-02;Waterfront;Bayview Hospital;General;60;93;95
ID-#02034-T!;2026-10-19;Industrial;Workers Health Center;General;28;83;87
ID-#03217-H!;2026-10-25;Central;Metropolis General;ER;63;96;104
**ID_08122?Z;2026-10-07;West;Westview Hospital;ICU;90;98;87
ID-#03999-S!;2026-10-26;Central;Central Care;General;42;95;71
ID-#05226-O!;2026-10-12;Industrial;Industrial Med;ER;-;97;116
ID-#07084-R!;2026-10-22;Central;Central Care;ICU;53;96;83
ID-#07690-R!;2026-10-26;North;Northside Clinic;ER;68;99;95
ID-#08309-I!;2026-10-17;South;South Park Hospital;ER;30;99;107
ID-#02515-V!;2026-10-25;West;Westview Hospital;Observation;32;99;92
ID-#07920-E!;2026-10-21;North;Northside Clinic;General;27;100;72
ID-#05031-C!;2026-10-23;West;Westview Hospital;Observation;85;93;108
ID-#04644-P!;2026-10-23;Industrial;Workers Health Center;ER;57;86;104
ID-#03507-M!;2026-10-09;Industrial;Workers Health Center;ER;82;95;91
ID-#00480-I!;2026-10-12;South;South Park Hospital;ER;88;96;103
ID-#07825-T!;2026-10-07;West;Westview Hospital;General;76;96;104
ID-#01856-J!;2026-10-30;North;Northside Clinic;ER;44;-;118
ID-#04214-A!;2026-10-10;Industrial;Workers Health Center;Observation;66;-;117
ID-#07692-Y!;2026-10-20;North;Northside Clinic;ER;60;94;106
ID-#06888-H!;2026-10-07;Waterfront;Bayview Hospital;ER;62;-;81
ID-#06514-Q!;2026-10-20;Industrial;Industrial Med;ER;41;88;91
ID-#02497-F!;2026-10-28;East;East Point Med;General;65;87;114
ID-#04626-D!;2026-10-20;South;South Park Hospital;ICU;22;94;71
**ID_03928?A;2026-10-10;Waterfront;Bayview Hospital;General;30;99;97
ID-#08296-G!;2026-10-30;East;East Point Med;General;59;83;73
ID-#06238-A!;2026-10-26;East;Eastern Health;General;54;92;105
ID-#05618-H!;2026-10-29;Industrial;Industrial Med;ER;69;89;101
ID-#02226-G!;2026-10-20;South;South Park Hospital;ER;40;98;88
ID-#06949-X!;2026-10-20;Waterfront;Bayview Hospital;ICU;37;100;116
ID-#06403-Q!;2026-10-22;Central;Central Care;ER;78;100;87
**ID_02020?W;2026-10-21;South;South Park Hospital;ICU;23;97;96
ID-#03971-I!;2026-10-19;East;Eastern Health;ER;85;86;102
ID-#06848-W!;2026-10-27;West;Westview Hospital;General;48;96;116
ID-#00346-Y!;2026-10-29;Central;Metropolis General;ICU;64;94;70
ID-#05593-D!;2026-10-26;West;Westview Hospital;Observation;77;99;70
ID-#05235-B!;2026-10-21;Waterfront;Bayview Hospital;ER;72;93;105
ID-#06880-F!;2026-10-29;West;Westview Hospital;General;-;93;84
ID-#05165-V!;2026-10-18;West;Westview Hospital;ER;23;96;104
ID-#01005-I!;2026-10-05;Central;Central Care;ICU;50;94;74
ID-#06644-K!;2026-10-06;Central;Metropolis General;General;40;95;93
ID-#06275-N!;2026-10-25;Central;Central Care;ER;18;96;105
ID-#08082-Z!;2026-10-05;West;Westview Hospital;ER;26;95;83
ID-#00191-U!;2026-10-20;North;Northside Clinic;General;20;93;71
ID-#06180-E!;2026-10-20;West;Westview Hospital;ER;25;98;101
ID-#04184-A!;2026-10-31;Central;Central Care;ICU;44;96;78
ID-#03319-A!;2026-10-23;East;Eastern Health;General;48;81;105
ID-#06847-V!;2026-10-13;West;Westview Hospital;Observation;86;99;82
ID-#02560-Y!;2026-10-29;Industrial;Industrial Med;General;65;86;74
ID-#07672-D!;2026-10-21;Central;Central Care;ER;64;99;115
ID-#00428-Y!;2026-10-11;East;Eastern Health;ER;58;97;103
ID-#02143-U!;2026-10-23;North;Northside Clinic;ER;-;97;73
ID-#01408-Z!;2026-10-12;East;East Point Med;General;73;98;103
ID-#06669-Y!;2026-10-21;South;South Park Hospital;General;84;93;86
ID-#00744-S!;2026-10-28;East;East Point Med;ER;69;83;73
ID-#04444-X!;2026-10-08;Central;Metropolis General;ER;-;100;97
ID-#06654-K!;2026-10-08;Central;Metropolis General;ER;37;96;109
ID-#03263-L!;2026-10-14;South;South Park Hospital;Observation;37;96;102
ID-#04182-C!;2026-10-10;West;Westview Hospital;Observation;21;96;75
ID-#08254-H!;2026-10-10;Waterfront;Bayview Hospital;ER;70;98;75
**ID_02897?N;2026-10-13;North;Northside Clinic;Observation;80;93;103
ID-#05850-D!;2026-10-21;North;Northern Medical;ICU;-;100;88
ID-#01403-B!;2026-10-16;Central;Central Care;ER;35;98;81
ID-#08378-P!;2026-10-19;West;Westview Hospital;General;46;96;114
ID-#01036-I!;2026-10-19;North;Northern Medical;ER;45;100;99
ID-#00455-H!;2026-10-22;West;Westview Hospital;Observation;21;99;79
ID-#06341-E!;2026-10-15;North;Northern Medical;ICU;48;93;78
ID-#03172-E!;2026-10-09;Industrial;Workers Health Center;ICU;61;100;81
ID-#03942-H!;2026-10-28;Waterfront;Bayview Hospital;General;38;95;109
ID-#06415-L!;2026-10-23;West;Westview Hospital;ER;77;98;73
ID-#03863-C!;2026-10-09;Central;Metropolis General;General;53;95;85
ID-#04460-G!;2026-10-27;Waterfront;Bayview Hospital;ER;30;99;102
ID-#08360-U!;2026-10-17;North;Northern Medical;ER;57;-;94
ID-#02908-Q!;2026-10-30;South;South Park Hospital;Observation;69;99;73
ID-#08071-G!;2026-10-18;East;Eastern Health;Observation;67;96;86
ID-#00288-U!;2026-10-20;West;Westview Hospital;General;32;98;97
ID-#05435-O!;2026-10-08;West;Westview Hospital;ER;39;94;113
ID-#05424-Y!;2026-10-18;Industrial;Industrial Med;ER;89;98;116
ID-#00719-A!;2026-10-25;East;East Point Med;ER;20;86;72
ID-#07777-X!;2026-10-24;Central;Central Care;ICU;81;97;103
ID-#03744-A!;2026-10-25;West;Westview Hospital;ICU;88;99;101
ID-#06943-W!;2026-10-22;Central;Central Care;Observation;31;100;87
ID-#06766-J!;2026-10-12;Waterfront;Bayview Hospital;General;36;97;95
ID-#07056-X!;2026-10-17;North;Northside Clinic;General;25;95;75
ID-#02268-B!;2026-10-24;South;South Park Hospital;General;27;99;81
ID-#06546-Q!;2026-10-18;Industrial;Industrial Med;ER;58;99;78
ID-#06422-W!;2026-10-04;North;Northern Medical;General;38;98;80
ID-#06966-T!;2026-10-29;East;East Point Med;ER;-;87;76
ID-#03764-S!;2026-10-19;West;Westview Hospital;ER;36;93;100
ID-#03025-N!;2026-10-21;Industrial;Industrial Med;ER;35;81;76
ID-#01997-Z!;2026-10-02;Industrial;Industrial Med;ICU;78;96;108
ID-#07751-S!;2026-10-19;East;Eastern Health;ER;88;84;117
ID-#06944-T!;2026-10-23;Industrial;Industrial Med;ICU;56;-;89
ID-#00976-X!;2026-10-07;East;East Point Med;Observation;55;98;70
ID-#03540-X!;2026-10-23;Industrial;Industrial Med;ICU;86;82;91
ID-#05358-P!;2026-10-08;Industrial;Workers Health Center;ER;-;96;115
ID-#03811-Y!;2026-10-26;Industrial;Workers Health Center;General;37;84;104
ID-#04852-Q!;2026-10-29;South;South Park Hospital;ER;72;100;98
ID-#03857-K!;2026-10-10;Central;Central Care;ER;-;94;120
ID-#04466-Z!;2026-10-15;Industrial;Workers Health Center;Observation;77;96;105
ID-#06400-W!;2026-10-21;Industrial;Industrial Med;General;35;90;117
ID-#06263-D!;2026-10-03;South;South Park Hospital;General;45;97;72
ID-#02023-K!;2026-10-10;North;Northside Clinic;ICU;65;97;91
ID-#06885-Q!;2026-10-20;Central;Central Care;General;84;98;111
ID-#04027-R!;2026-10-26;West;Westview Hospital;General;25;99;73
ID-#02085-F!;2026-10-14;South;South Park Hospital;General;25;97;103
ID-#07898-A!;2026-10-31;Industrial;Workers Health Center;ER;24;89;99
ID-#03890-K!;2026-10-03;North;Northern Medical;General;48;98;76
ID-#00818-V!;2026-10-26;North;Northside Clinic;ICU;28;95;88
ID-#00084-K!;2026-10-27;Waterfront;Bayview Hospital;ER;35;100;N/A
**ID_03337?W;2026-10-26;North;Northside Clinic;General;87;96;70
ID-#03911-Z!;2026-10-22;West;Westview Hospital;ER;80;98;88
ID-#01190-V!;2026-10-13;West;Westview Hospital;ER;90;97;88
ID-#02244-J!;2026-10-09;West;Westview Hospital;ER;88;93;114
ID-#07460-R!;2026-10-24;East;East Point Med;ICU;58;81;81
ID-#01390-B!;2026-10-15;Central;Metropolis General;ICU;34;96;117
ID-#03414-K!;2026-10-18;South;South Park Hospital;General;20;100;104
ID-#02727-P!;2026-10-09;Waterfront;Bayview Hospital;General;37;93;98
ID-#02049-X!;2026-10-20;East;Eastern Health;ER;78;91;119
ID-#04271-B!;2026-10-12;East;East Point Med;General;59;98;N/A
ID-#04590-S!;2026-10-22;Central;Central Care;General;73;94;82
ID-#06668-S!;2026-10-25;Central;Central Care;Observation;56;99;96
ID-#06331-O!;2026-10-23;Industrial;Industrial Med;ER;48;84;80
ID-#08303-K!;2026-10-25;Waterfront;Bayview Hospital;ER;44;100;75
ID-#01639-V!;2026-10-24;Waterfront;Bayview Hospital;General;80;99;110
ID-#08049-R!;2026-10-06;Industrial;Workers Health Center;ER;77;94;96
ID-#01519-K!;2026-10-16;South;South Park Hospital;General;27;95;95
ID-#06118-Q!;2026-10-20;East;Eastern Health;ER;25;84;109
ID-#05247-Y!;2026-10-10;East;Eastern Health;ER;47;94;71
ID-#00541-S!;2026-10-06;East;Eastern Health;General;73;96;87
ID-#07224-V!;2026-10-04;Waterfront;Bayview Hospital;ER;18;96;89
ID-#00190-I!;2026-10-19;Central;Central Care;ER;35;100;109
ID-#04796-C!;2026-10-09;West;Westview Hospital;General;34;97;116
ID-#03701-R!;2026-10-24;South;South Park Hospital;ER;75;-;93
ID-#08403-U!;2026-10-03;Central;Central Care;Observation;71;95;78
ID-#00199-G!;2026-10-21;West;Westview Hospital;ER;32;97;109
ID-#02814-E!;2026-10-20;North;Northside Clinic;Observation;84;96;100
ID-#03923-L!;2026-10-20;Industrial;Workers Health Center;General;69;80;113
ID-#08386-N!;2026-10-19;North;Northern Medical;ER;18;98;73
ID-#04706-W!;2026-10-30;Waterfront;Bayview Hospital;Observation;63;94;75
**ID_02204?O;2026-10-26;Central;Metropolis General;ER;28;96;99
ID-#05647-T!;2026-10-23;South;South Park Hospital;ICU;25;96;113
ID-#07130-D!;2026-10-08;Industrial;Industrial Med;ICU;59;98;N/A
ID-#00657-N!;2026-10-03;East;Eastern Health;General;74;100;86
**ID_00886?M;2026-10-21;Industrial;Workers Health Center;ER;69;80;79
ID-#08497-Y!;2026-10-30;East;East Point Med;General;64;89;88
ID-#06030-Q!;2026-10-14;West;Westview Hospital;ER;-;100;100
**ID_03016?B;2026-10-17;Waterfront;Bayview Hospital;General;76;95;89
ID-#01249-U!;2026-10-28;Waterfront;Bayview Hospital;ER;83;93;96
ID-#06114-J!;2026-10-21;Central;Metropolis General;ICU;75;95;78
ID-#08329-A!;2026-10-19;East;East Point Med;Observation;79;89;116
ID-#08059-A!;2026-10-08;Waterfront;Bayview Hospital;ER;47;93;102
ID-#07594-H!;2026-10-06;North;Northern Medical;ER;82;97;98
ID-#01584-G!;2026-10-02;West;Westview Hospital;ICU;43;99;108
ID-#03509-K!;2026-10-14;Waterfront;Bayview Hospital;ICU;74;94;79
ID-#00036-I!;2026-10-24;North;Northern Medical;ICU;64;99;71
ID-#04568-X!;2026-10-21;South;South Park Hospital;ER;35;98;107
ID-#00609-H!;2026-10-14;Central;Central Care;General;44;95;120
ID-#05291-U!;2026-10-23;East;East Point Med;ER;74;92;106
ID-#02736-Z!;2026-10-27;West;Westview Hospital;ICU;71;97;78
ID-#03008-Y!;2026-10-31;Waterfront;Bayview Hospital;ICU;81;93;112
**ID_07557?W;2026-10-13;West;Westview Hospital;Observation;44;99;79
ID-#05378-A!;2026-10-28;Waterfront;Bayview Hospital;ICU;87;93;117
ID-#08364-E!;2026-10-20;Industrial;Workers Health Center;ER;22;88;78
ID-#06938-P!;2026-10-09;South;South Park Hospital;Observation;89;98;106
ID-#04761-T!;2026-10-19;North;Northside Clinic;Observation;39;97;113
ID-#07921-V!;2026-10-20;East;East Point Med;General;56;83;103
ID-#00339-H!;2026-10-22;Industrial;Workers Health Center;ER;26;85;73
ID-#07283-B!;2026-10-12;North;Northern Medical;ICU;59;96;107
ID-#03313-P!;2026-10-23;South;South Park Hospital;ICU;38;97;90
ID-#02654-V!;2026-10-17;North;Northside Clinic;Observation;25;94;109
ID-#01422-J!;2026-10-26;Waterfront;Bayview Hospital;ER;26;97;113
ID-#07424-M!;2026-10-05;Industrial;Workers Health Center;Observation;64;95;76
ID-#00306-K!;2026-10-17;North;Northside Clinic;General;32;98;73
ID-#02638-W!;2026-10-24;South;South Park Hospital;ICU;59;99;102
ID-#04021-P!;2026-10-04;North;Northside Clinic;General;67;93;89
ID-#02677-I!;2026-10-20;Central;Central Care;ER;22;95;114
ID-#05901-W!;2026-10-30;South;South Park Hospital;General;41;98;115
ID-#04993-J!;2026-10-27;South;South Park Hospital;ICU;45;100;80
ID-#05939-O!;2026-10-08;West;Westview Hospital;ER;55;93;96
ID-#03429-D!;2026-10-10;Waterfront;Bayview Hospital;ICU;66;100;77
ID-#05373-X!;2026-10-20;Industrial;Industrial Med;ER;30;81;75
ID-#00601-F!;2026-10-26;East;East Point Med;General;45;90;92
ID-#05149-A!;2026-10-10;Industrial;Workers Health Center;ER;62;100;117
**ID_04770?G;2026-10-21;Waterfront;Bayview Hospital;ER;25;95;106
ID-#01745-L!;2026-10-06;North;Northern Medical;ER;29;93;83
ID-#00906-N!;2026-10-30;Central;Metropolis General;ER;40;94;118
ID-#05965-L!;2026-10-19;West;Westview Hospital;ER;62;94;103
ID-#08194-W!;2026-10-26;South;South Park Hospital;ER;33;99;76
ID-#04252-D!;2026-10-31;East;Eastern Health;General;19;90;87
ID-#03287-E!;2026-10-26;Industrial;Industrial Med;Observation;28;80;101
ID-#02330-U!;2026-10-18;Industrial;Workers Health Center;Observation;88;97;103
ID-#00156-P!;2026-10-24;North;Northside Clinic;ICU;36;96;90
ID-#02483-S!;2026-10-08;Central;Central Care;General;39;98;74
ID-#03039-D!;2026-10-26;Central;Metropolis General;ICU;89;98;77
**ID_02062?K;2026-10-24;West;Westview Hospital;ICU;83;99;101
ID-#03296-B!;2026-10-10;North;Northern Medical;General;79;97;97
ID-#02267-J!;2026-10-29;North;Northern Medical;Observation;80;98;80
ID-#00330-L!;2026-10-24;Industrial;Industrial Med;Observation;79;81;92
ID-#00764-Q!;2026-10-25;Waterfront;Bayview Hospital;ER;66;94;103
ID-#01802-R!;2026-10-16;West;Westview Hospital;General;69;93;118
**ID_04519?M;2026-10-30;South;South Park Hospital;ICU;86;95;120
ID-#00353-B!;2026-10-24;Central;Metropolis General;ER;31;100;114
ID-#05331-T!;2026-10-21;West;Westview Hospital;ICU;53;98;115
ID-#04484-K!;2026-10-22;Industrial;Workers Health Center;General;43;87;87
ID-#02071-R!;2026-10-21;Industrial;Workers Health Center;ICU;72;86;88
ID-#03561-R!;2026-10-31;East;East Point Med;ICU;-;81;82
ID-#04186-L!;2026-10-21;Waterfront;Bayview Hospital;ICU;82;99;90
ID-#07874-V!;2026-10-19;South;South Park Hospital;Observation;49;96;90
ID-#04212-J!;2026-10-23;Waterfront;Bayview Hospital;ER;36;100;84
ID-#01416-B!;2026-10-23;West;Westview Hospital;ER;86;95;74
ID-#01456-F!;2026-10-14;West;Westview Hospital;General;55;94;99
ID-#01601-P!;2026-10-24;Waterfront;Bayview Hospital;ER;70;99;84
ID-#02408-T!;2026-10-25;South;South Park Hospital;ER;62;99;71
ID-#05054-N!;2026-10-20;East;Eastern Health;General;66;91;107
ID-#01629-P!;2026-10-11;East;East Point Med;General;25;-;84
**ID_02783?U;2026-10-12;West;Westview Hospital;ICU;47;95;73
ID-#02106-R!;2026-10-05;West;Westview Hospital;ER;50;-;N/A
**ID_06142?H;2026-10-22;Central;Central Care;General;40;93;81
ID-#05072-N!;2026-10-24;North;Northern Medical;General;71;94;80
ID-#05949-T!;2026-10-22;North;Northern Medical;General;27;98;79
ID-#06417-Z!;2026-10-13;West;Westview Hospital;General;90;94;110
ID-#07008-G!;2026-10-25;Industrial;Workers Health Center;General;81;87;90
ID-#00501-D!;2026-10-21;North;Northern Medical;ER;38;99;72
ID-#05586-O!;2026-10-10;West;Westview Hospital;ER;-;96;97
ID-#07431-Y!;2026-10-03;Waterfront;Bayview Hospital;ICU;84;97;92
ID-#02210-H!;2026-10-17;East;Eastern Health;General;70;96;116
ID-#03814-A!;2026-10-16;Industrial;Workers Health Center;Observation;76;99;71
ID-#00955-I!;2026-10-22;East;East Point Med;ICU;-;85;94
ID-#02185-Y!;2026-10-25;West;Westview Hospital;ICU;51;95;115
ID-#07190-Q!;2026-10-18;North;Northside Clinic;Observation;65;100;85
ID-#06758-C!;2026-10-25;East;Eastern Health;Observation;39;86;105
ID-#02482-L!;2026-10-08;South;South Park Hospital;Observation;37;94;90
**ID_03279?M;2026-10-31;Central;Central Care;ER;23;93;N/A
ID-#08283-J!;2026-10-16;Central;Central Care;ER;67;99;72
ID-#05391-U!;2026-10-10;North;Northern Medical;General;54;94;108
ID-#02294-R!;2026-10-31;Central;Central Care;General;29;95;108
ID-#05900-P!;2026-10-25;Central;Central Care;ER;24;100;84
ID-#00825-G!;2026-10-08;Waterfront;Bayview Hospital;ICU;66;98;110
ID-#04420-F!;2026-10-18;Central;Metropolis General;General;41;99;73
ID-#03583-M!;2026-10-22;Industrial;Industrial Med;ER;50;91;105
**ID_01166?R;2026-10-22;Industrial;Industrial Med;ER;83;84;90
ID-#02211-G!;2026-10-25;North;Northside Clinic;ER;26;96;105
ID-#02773-A!;2026-10-28;Industrial;Industrial Med;ICU;39;83;81
ID-#07326-A!;2026-10-26;East;Eastern Health;Observation;80;81;70
ID-#07129-X!;2026-10-19;North;Northside Clinic;ICU;62;95;71
**ID_01281?G;2026-10-07;North;Northern Medical;ICU;84;99;75
ID-#04842-D!;2026-10-07;East;Eastern Health;ICU;32;100;98
ID-#03480-V!;2026-10-02;West;Westview Hospital;General;79;99;87
ID-#04285-Y!;2026-10-26;East;Eastern Health;ER;82;84;87
ID-#03719-I!;2026-10-24;Waterfront;Bayview Hospital;ICU;56;97;94
ID-#01964-C!;2026-10-19;Central;Central Care;General;42;99;116
**ID_06741?T;2026-10-26;Industrial;Industrial Med;Observation;53;80;87
ID-#07673-I!;2026-10-21;West;Westview Hospital;ICU;58;99;84
ID-#08174-W!;2026-10-25;Central;Metropolis General;ICU;71;95;103
ID-#01886-S!;2026-10-15;West;Westview Hospital;General;24;99;93
ID-#01305-F!;2026-10-12;Central;Metropolis General;ER;27;97;101
ID-#00594-A!;2026-10-02;North;Northern Medical;ER;69;95;74
ID-#03489-Q!;2026-10-13;South;South Park Hospital;General;67;96;96
ID-#05767-G!;2026-10-24;Industrial;Industrial Med;General;87;83;86
ID-#07025-N!;2026-10-25;East;East Point Med;ER;21;90;109
ID-#06416-Q!;2026-10-26;Industrial;Industrial Med;Observation;79;84;112
ID-#04494-Q!;2026-10-22;Industrial;Industrial Med;ER;44;88;105
ID-#02980-B!;2026-10-17;North;Northside Clinic;General;24;99;72
ID-#05794-P!;2026-10-20;Waterfront;Bayview Hospital;ER;18;95;107
ID-#05514-B!;2026-10-02;West;Westview Hospital;ICU;79;96;115
ID-#08217-D!;2026-10-23;North;Northside Clinic;General;52;96;77
ID-#03653-S!;2026-10-13;Central;Metropolis General;General;43;99;107
ID-#05264-S!;2026-10-08;Central;Central Care;ER;84;99;106
ID-#03930-P!;2026-10-23;Central;Central Care;ER;83;93;105
ID-#06640-L!;2026-10-25;East;East Point Med;Observation;87;87;102
ID-#07602-Z!;2026-10-22;Industrial;Industrial Med;ICU;45;90;97
ID-#01412-X!;2026-10-09;East;East Point Med;ICU;21;97;88
ID-#02752-H!;2026-10-14;Central;Metropolis General;ICU;56;98;102
ID-#00610-F!;2026-10-25;Central;Metropolis General;General;48;98;92
ID-#03493-O!;2026-10-29;North;Northern Medical;General;20;93;109
ID-#04957-V!;2026-10-22;Central;Central Care;ICU;36;96;80
**ID_03224?A;2026-10-27;East;East Point Med;ER;78;80;74
ID-#00797-S!;2026-10-26;West;Westview Hospital;ER;47;98;109
ID-#01235-T!;2026-10-24;Industrial;Workers Health Center;ER;34;81;93
ID-#07173-G!;2026-10-13;East;Eastern Health;General;69;93;116
ID-#06878-J!;2026-10-06;Industrial;Workers Health Center;ICU;90;100;77
ID-#07142-X!;2026-10-24;Industrial;Industrial Med;General;27;89;78
**ID_03610?Z;2026-10-21;South;South Park Hospital;ER;25;94;101
ID-#06204-D!;2026-10-28;North;Northern Medical;ER;-;96;82
ID-#07380-L!;2026-10-09;East;East Point Med;ER;89;95;107
ID-#04851-C!;2026-10-05;West;Westview Hospital;ICU;71;100;76
ID-#01929-B!;2026-10-11;Central;Metropolis General;Observation;59;99;73
ID-#03365-K!;2026-10-26;North;Northern Medical;ER;68;-;117
ID-#00356-E!;2026-10-24;South;South Park Hospital;ER;81;98;110
ID-#05353-R!;2026-10-05;Industrial;Workers Health Center;ER;69;98;100
ID-#00809-W!;2026-10-09;Industrial;Industrial Med;ER;80;99;83
ID-#06664-V!;2026-10-05;East;East Point Med;ICU;81;96;102
ID-#00017-X!;2026-10-02;West;Westview Hospital;Observation;88;93;105
ID-#04505-M!;2026-10-08;Waterfront;Bayview Hospital;ER;85;96;86
ID-#03980-N!;2026-10-26;East;East Point Med;General;-;81;117
ID-#04482-F!;2026-10-25;North;Northern Medical;General;80;93;96
ID-#05471-H!;2026-10-19;East;East Point Med;ER;33;85;100
ID-#01292-L!;2026-10-30;Industrial;Workers Health Center;ER;43;83;86
ID-#02354-A!;2026-10-24;Industrial;Workers Health Center;General;57;92;71
ID-#07042-D!;2026-10-19;Central;Metropolis General;General;-;100;91
ID-#00475-P!;2026-10-19;Central;Metropolis General;ER;72;97;96
ID-#06043-Q!;2026-10-25;Industrial;Workers Health Center;General;56;87;90
ID-#02818-F!;2026-10-31;South;South Park Hospital;ICU;88;93;81
**ID_07132?X;2026-10-20;Central;Metropolis General;ER;81;94;117
**ID_03914?A;2026-10-21;Waterfront;Bayview Hospital;Observation;76;100;90
ID-#05734-X!;2026-10-14;North;Northern Medical;General;77;99;89
ID-#02090-N!;2026-10-22;Central;Metropolis General;Observation;45;96;86
ID-#07419-P!;2026-10-11;East;East Point Med;ER;71;-;98
ID-#03875-V!;2026-10-06;Waterfront;Bayview Hospital;ER;48;100;76
ID-#00658-G!;2026-10-18;North;Northside Clinic;General;45;94;79
**ID_07696?O;2026-10-12;North;Northside Clinic;ER;65;100;110
ID-#07407-R!;2026-10-02;Central;Central Care;ER;52;95;100
ID-#08012-P!;2026-10-16;North;Northside Clinic;ICU;26;96;96
**ID_05107?D;2026-10-23;North;Northern Medical;ICU;32;-;77
ID-#01252-G!;2026-10-22;West;Westview Hospital;ICU;25;93;120
ID-#07112-U!;2026-10-26;Industrial;Workers Health Center;General;60;80;81
ID-#06083-I!;2026-10-31;South;South Park Hospital;ICU;33;96;114
ID-#02423-B!;2026-10-05;East;Eastern Health;ER;86;100;113
ID-#07477-W!;2026-10-20;Waterfront;Bayview Hospital;ICU;55;97;97
ID-#03455-N!;2026-10-23;Industrial;Industrial Med;ER;80;92;111
ID-#02738-M!;2026-10-09;East;Eastern Health;ICU;27;93;105
ID-#00758-M!;2026-10-26;North;Northern Medical;General;83;100;88
ID-#00533-E!;2026-10-31;West;Westview Hospital;Observation;88;94;110
ID-#01689-B!;2026-10-31;North;Northside Clinic;ICU;51;100;84
**ID_00345?A;2026-10-10;South;South Park Hospital;ER;90;93;73
ID-#03303-D!;2026-10-05;West;Westview Hospital;ER;88;93;73
**ID_02634?X;2026-10-05;Industrial;Workers Health Center;ER;20;93;93
ID-#05808-L!;2026-10-29;Industrial;Workers Health Center;General;84;87;105
ID-#04997-H!;2026-10-25;Industrial;Industrial Med;ICU;50;89;109
ID-#00024-L!;2026-10-26;North;Northside Clinic;General;62;96;89
ID-#02530-O!;2026-10-11;North;Northern Medical;Observation;18;94;83
ID-#00611-C!;2026-10-25;East;East Point Med;Observation;32;89;76
ID-#04557-M!;2026-10-07;East;East Point Med;General;83;96;97
ID-#07997-D!;2026-10-21;Central;Metropolis General;ER;52;96;105
**ID_04933?A;2026-10-30;Waterfront;Bayview Hospital;General;45;94;114
ID-#07704-D!;2026-10-05;Central;Metropolis General;ER;23;99;113
ID-#02971-D!;2026-10-20;West;Westview Hospital;ICU;78;93;102
ID-#04448-L!;2026-10-19;West;Westview Hospital;General;45;98;87
ID-#00711-N!;2026-10-28;Waterfront;Bayview Hospital;Observation;43;95;119
ID-#03388-P!;2026-10-25;West;Westview Hospital;Observation;86;98;109
ID-#07916-J!;2026-10-31;Industrial;Workers Health Center;ER;24;84;81
ID-#02260-Y!;2026-10-09;North;Northside Clinic;General;25;97;70
ID-#03390-V!;2026-10-10;West;Westview Hospital;General;86;98;82
ID-#03709-E!;2026-10-06;Industrial;Industrial Med;ER;81;93;85
ID-#06805-P!;2026-10-22;East;East Point Med;ER;54;81;112
ID-#00558-B!;2026-10-21;South;South Park Hospital;ICU;75;96;95
ID-#01654-K!;2026-10-28;East;Eastern Health;ICU;33;92;102
ID-#04452-O!;2026-10-13;North;Northern Medical;General;58;100;97
ID-#01747-J!;2026-10-04;West;Westview Hospital;ER;20;100;110
ID-#03161-K!;2026-10-03;South;South Park Hospital;ER;89;98;115
**ID_03315?N;2026-10-23;South;South Park Hospital;General;-;97;95
ID-#02833-I!;2026-10-25;Waterfront;Bayview Hospital;General;32;97;110
ID-#00251-O!;2026-10-10;East;Eastern Health;ER;59;100;88
ID-#05061-C!;2026-10-03;Central;Metropolis General;ICU;58;94;87
**ID_01756?I;2026-10-26;West;Westview Hospital;General;81;93;112
ID-#05825-M!;2026-10-05;South;South Park Hospital;Observation;64;96;70
ID-#04594-X!;2026-10-22;North;Northern Medical;ER;78;95;106
ID-#03355-H!;2026-10-20;Waterfront;Bayview Hospital;Observation;83;100;106
ID-#03178-T!;2026-10-21;West;Westview Hospital;General;69;94;71
ID-#01925-T!;2026-10-12;South;South Park Hospital;ER;74;94;88
ID-#04630-M!;2026-10-31;Waterfront;Bayview Hospital;ICU;57;100;83
ID-#07835-O!;2026-10-24;Industrial;Industrial Med;ER;82;92;97
ID-#06179-R!;2026-10-20;Central;Metropolis General;ER;83;100;86
ID-#06930-D!;2026-10-30;West;Westview Hospital;ER;79;94;91
ID-#02381-F!;2026-10-24;North;Northside Clinic;Observation;62;98;99
ID-#04712-M!;2026-10-04;Industrial;Industrial Med;General;39;100;83
ID-#00341-G!;2026-10-25;Central;Central Care;ER;52;94;72
ID-#00145-U!;2026-10-24;Industrial;Industrial Med;ER;23;88;107
**ID_04040?Y;2026-10-26;West;Westview Hospital;ER;51;94;120
ID-#05411-F!;2026-10-14;East;East Point Med;ER;-;94;90
ID-#05637-T!;2026-10-26;West;Westview Hospital;General;61;97;74
ID-#03566-K!;2026-10-23;Central;Metropolis General;General;60;93;72
**ID_03721?T;2026-10-03;Industrial;Industrial Med;ER;44;100;83
ID-#02667-M!;2026-10-26;Waterfront;Bayview Hospital;ICU;68;95;96
ID-#07030-N!;2026-10-14;South;South Park Hospital;ER;49;98;70
ID-#07791-M!;2026-10-07;Waterfront;Bayview Hospital;Observation;46;94;81
**ID_03636?L;2026-10-21;Central;Central Care;ICU;48;95;73
ID-#04251-N!;2026-10-26;North;Northern Medical;ICU;82;96;77
ID-#01832-X!;2026-10-04;Industrial;Workers Health Center;ER;83;93;98
ID-#02437-S!;2026-10-21;South;South Park Hospital;ER;45;97;91
ID-#08345-F!;2026-10-12;East;Eastern Health;Observation;33;97;88
ID-#07925-Z!;2026-10-24;Waterfront;Bayview Hospital;ER;88;100;84
**ID_01009?X;2026-10-14;Waterfront;Bayview Hospital;ER;27;98;93
ID-#03724-P!;2026-10-19;Waterfront;Bayview Hospital;ICU;81;98;112
ID-#06332-Q!;2026-10-22;Central;Metropolis General;ICU;83;99;98
**ID_06173?J;2026-10-09;Industrial;Industrial Med;ER;23;95;70
ID-#03409-C!;2026-10-14;North;Northern Medical;ICU;37;98;113
ID-#06466-L!;2026-10-02;South;South Park Hospital;General;56;93;91
ID-#07847-Z!;2026-10-27;East;Eastern Health;ER;45;92;84
**ID_04383?I;2026-10-20;West;Westview Hospital;ER;50;97;104
ID-#04856-Z!;2026-10-24;East;Eastern Health;ICU;41;86;87
ID-#02312-C!;2026-10-06;Industrial;Workers Health Center;Observation;80;-;93
ID-#05764-L!;2026-10-23;Industrial;Workers Health Center;Observation;72;81;71
ID-#03874-S!;2026-10-03;Industrial;Workers Health Center;ICU;86;100;72
ID-#04724-F!;2026-10-27;East;Eastern Health;Observation;65;90;109
ID-#04767-O!;2026-10-24;Industrial;Industrial Med;ICU;33;87;82
ID-#05059-B!;2026-10-21;South;South Park Hospital;ER;81;94;71
ID-#00130-A!;2026-10-22;West;Westview Hospital;General;87;100;72
**ID_04147?Z;2026-10-20;Central;Central Care;ICU;18;97;114
**ID_01810?B;2026-10-22;South;South Park Hospital;ER;52;97;84
ID-#01256-P!;2026-10-22;Central;Metropolis General;ER;54;100;74
ID-#02008-P!;2026-10-05;Waterfront;Bayview Hospital;General;90;-;75
ID-#03399-T!;2026-10-23;West;Westview Hospital;Observation;85;94;106
**ID_06897?U;2026-10-22;Waterfront;Bayview Hospital;General;37;99;84
ID-#04946-D!;2026-10-15;Waterfront;Bayview Hospital;Observation;60;97;115
ID-#05360-U!;2026-10-21;Waterfront;Bayview Hospital;Observation;74;98;110
ID-#07386-L!;2026-10-20;East;Eastern Health;General;-;90;71
ID-#06853-F!;2026-10-16;East;Eastern Health;ER;90;93;87
ID-#05388-C!;2026-10-25;Central;Central Care;ER;65;97;87
ID-#05661-Q!;2026-10-11;Waterfront;Bayview Hospital;ER;52;97;96
ID-#02693-O!;2026-10-23;Industrial;Industrial Med;General;45;88;97
ID-#05761-J!;2026-10-06;East;Eastern Health;General;64;94;117
ID-#03571-J!;2026-10-05;North;Northern Medical;Observation;56;97;103
**ID_07399?A;2026-10-29;North;Northern Medical;ER;77;95;114
ID-#08102-L!;2026-10-26;Central;Central Care;General;54;97;100
ID-#07478-S!;2026-10-13;East;Eastern Health;General;-;97;110
ID-#03082-J!;2026-10-02;South;South Park Hospital;ER;50;99;71
ID-#07955-U!;2026-10-19;South;South Park Hospital;General;31;100;111
ID-#06844-G!;2026-10-22;East;Eastern Health;ICU;22;84;119
ID-#07199-Y!;2026-10-14;East;Eastern Health;General;57;93;103
ID-#02223-N!;2026-10-26;West;Westview Hospital;Observation;38;97;120
ID-#01541-S!;2026-10-09;Industrial;Industrial Med;Observation;26;97;96
ID-#03291-T!;2026-10-18;Waterfront;Bayview Hospital;ICU;59;93;116
ID-#00644-H!;2026-10-07;Waterfront;Bayview Hospital;ICU;47;99;85
ID-#06235-Z!;2026-10-23;North;Northside Clinic;ER;26;93;77
ID-#03992-N!;2026-10-22;West;Westview Hospital;ICU;27;95;100
ID-#07203-J!;2026-10-13;Industrial;Workers Health Center;General;34;95;120
ID-#05511-D!;2026-10-11;Waterfront;Bayview Hospital;ICU;19;93;92
ID-#06872-Q!;2026-10-31;Waterfront;Bayview Hospital;General;32;99;78
ID-#03976-R!;2026-10-10;South;South Park Hospital;General;68;94;86
ID-#07371-T!;2026-10-28;East;Eastern Health;General;52;88;94
ID-#02686-R!;2026-10-02;North;Northern Medical;Observation;83;95;117
ID-#08025-S!;2026-10-20;South;South Park Hospital;ER;72;100;102
ID-#06411-U!;2026-10-14;Waterfront;Bayview Hospital;General;70;93;86
ID-#07439-R!;2026-10-16;Central;Metropolis General;ER;65;98;84
ID-#06579-S!;2026-10-23;South;South Park Hospital;General;37;97;77
ID-#06260-Q!;2026-10-04;South;South Park Hospital;ER;82;96;105
ID-#07614-Y!;2026-10-22;Waterfront;Bayview Hospital;ER;60;96;96
ID-#04188-V!;2026-10-22;Industrial;Workers Health Center;ICU;28;86;87
ID-#05750-F!;2026-10-24;Central;Central Care;ER;38;97;71
ID-#07620-W!;2026-10-19;West;Westview Hospital;General;24;93;84
ID-#05660-P!;2026-10-27;North;Northern Medical;General;22;96;73
ID-#00848-D!;2026-10-10;East;East Point Med;Observation;47;99;73
ID-#05501-E!;2026-10-06;East;East Point Med;General;76;95;90
**ID_04413?Y;2026-10-22;West;Westview Hospital;General;30;99;112
ID-#04567-X!;2026-10-27;West;Westview Hospital;General;74;93;120
ID-#00878-J!;2026-10-10;East;East Point Med;ICU;77;93;81
**ID_00119?F;2026-10-08;East;East Point Med;ICU;86;94;96
ID-#01544-O!;2026-10-07;North;Northside Clinic;General;44;97;101
ID-#03851-X!;2026-10-29;East;East Point Med;ICU;46;84;74
ID-#04132-I!;2026-10-19;West;Westview Hospital;ICU;30;100;117
ID-#07449-X!;2026-10-22;East;East Point Med;ER;37;87;114
ID-#05577-K!;2026-10-10;East;Eastern Health;General;47;100;97
ID-#05594-D!;2026-10-23;East;East Point Med;General;22;87;95
ID-#03477-Q!;2026-10-30;Central;Metropolis General;ER;45;97;76
ID-#03609-U!;2026-10-11;Central;Central Care;ER;83;94;107
ID-#05623-K!;2026-10-24;South;South Park Hospital;ICU;88;95;89
ID-#00155-C!;2026-10-24;Industrial;Industrial Med;General;55;85;100
ID-#00478-G!;2026-10-20;Waterfront;Bayview Hospital;Observation;18;97;73
ID-#08279-U!;2026-10-08;Central;Metropolis General;ICU;37;96;73
ID-#01931-F!;2026-10-26;Waterfront;Bayview Hospital;General;46;98;118
ID-#06939-Z!;2026-10-12;Industrial;Workers Health Center;ICU;32;96;111
ID-#07076-P!;2026-10-28;North;Northern Medical;General;77;97;78
ID-#03356-X!;2026-10-25;North;Northern Medical;Observation;72;96;99
ID-#03886-C!;2026-10-12;North;Northern Medical;ER;61;98;74
ID-#02458-Z!;2026-10-26;South;South Park Hospital;ER;37;98;85
ID-#06956-B!;2026-10-03;Industrial;Industrial Med;ER;63;99;74
ID-#04844-P!;2026-10-20;Industrial;Workers Health Center;ER;70;89;101
ID-#00327-S!;2026-10-19;Central;Metropolis General;ER;59;100;78
ID-#08018-O!;2026-10-31;South;South Park Hospital;Observation;86;99;73
ID-#05634-G!;2026-10-23;Waterfront;Bayview Hospital;ICU;89;100;88
ID-#04596-W!;2026-10-06;Industrial;Workers Health Center;ER;73;94;87
ID-#00569-S!;2026-10-23;Industrial;Industrial Med;ICU;37;83;88
ID-#05446-D!;2026-10-21;Waterfront;Bayview Hospital;ICU;89;97;113
ID-#05171-F!;2026-10-04;Waterfront;Bayview Hospital;ER;56;94;88
ID-#02193-N!;2026-10-20;West;Westview Hospital;ER;44;99;102
ID-#04771-T!;2026-10-22;Central;Central Care;General;68;98;73
ID-#06521-P!;2026-10-21;Waterfront;Bayview Hospital;ICU;74;97;76
ID-#07343-J!;2026-10-31;Central;Metropolis General;General;32;97;72
ID-#01634-R!;2026-10-22;Central;Metropolis General;ER;24;96;71
ID-#02373-F!;2026-10-16;North;Northside Clinic;General;27;95;94
ID-#01107-C!;2026-10-23;North;Northern Medical;General;82;95;91
ID-#08137-L!;2026-10-02;South;South Park Hospital;ER;29;100;99
ID-#05131-H!;2026-10-21;Waterfront;Bayview Hospital;General;-;95;N/A
ID-#07320-Z!;2026-10-30;East;East Point Med;General;52;85;111
ID-#01043-B!;2026-10-21;North;Northside Clinic;ER;58;93;117
ID-#00032-D!;2026-10-19;Industrial;Industrial Med;General;56;91;107
ID-#01762-W!;2026-10-23;Central;Central Care;ICU;89;96;108
ID-#07357-K!;2026-10-31;Waterfront;Bayview Hospital;General;83;93;N/A
ID-#02375-Q!;2026-10-25;East;East Point Med;Observation;59;90;102
ID-#01733-C!;2026-10-25;West;Westview Hospital;General;19;96;89
ID-#04995-H!;2026-10-23;East;Eastern Health;ER;45;91;118
ID-#01341-Q!;2026-10-12;North;Northern Medical;ER;54;96;107
ID-#00477-M!;2026-10-25;East;East Point Med;ICU;30;89;90
ID-#07305-W!;2026-10-26;North;Northside Clinic;General;54;99;102
ID-#04599-O!;2026-10-26;South;South Park Hospital;ER;73;94;72
ID-#00380-Q!;2026-10-26;West;Westview Hospital;General;34;97;114
ID-#03873-T!;2026-10-19;South;South Park Hospital;ICU;86;94;91
ID-#03548-I!;2026-10-27;Waterfront;Bayview Hospital;General;46;99;75
ID-#04572-S!;2026-10-22;East;Eastern Health;General;70;91;70
ID-#06738-F!;2026-10-21;Waterfront;Bayview Hospital;ER;34;96;110
ID-#00293-J!;2026-10-22;Waterfront;Bayview Hospital;ER;76;96;103
**ID_03954?P;2026-10-21;Industrial;Industrial Med;ICU;54;82;73
ID-#02017-F!;2026-10-26;North;Northern Medical;General;55;95;82
ID-#01353-M!;2026-10-23;Industrial;Workers Health Center;ER;46;81;87
ID-#02473-G!;2026-10-16;West;Westview Hospital;General;31;94;108
ID-#05579-C!;2026-10-19;North;Northern Medical;ER;76;94;118
**ID_07307?M;2026-10-08;Central;Central Care;ICU;79;97;104
ID-#06719-A!;2026-10-29;Industrial;Industrial Med;ICU;52;89;102
ID-#03164-G!;2026-10-15;Waterfront;Bayview Hospital;General;71;96;88
ID-#07824-N!;2026-10-25;Industrial;Industrial Med;ER;72;91;85
ID-#03882-M!;2026-10-27;West;Westview Hospital;General;71;96;109
ID-#06041-C!;2026-10-24;Industrial;Workers Health Center;ICU;46;81;109
**ID_05611?X;2026-10-16;Central;Metropolis General;ICU;33;99;87
ID-#02735-F!;2026-10-06;West;Westview Hospital;ER;21;97;77
**ID_01314?Z;2026-10-28;West;Westview Hospital;ICU;86;93;106
ID-#03101-S!;2026-10-22;East;Eastern Health;General;81;85;70
ID-#04319-N!;2026-10-15;Waterfront;Bayview Hospital;ICU;81;99;72
ID-#05955-O!;2026-10-19;Central;Metropolis General;ICU;27;99;103
ID-#04338-S!;2026-10-19;North;Northside Clinic;ER;42;100;70
ID-#06242-U!;2026-10-11;South;South Park Hospital;ER;67;97;114
ID-#01518-M!;2026-10-13;Industrial;Workers Health Center;General;76;-;93
ID-#04012-G!;2026-10-04;Central;Central Care;ICU;72;97;71
ID-#07071-N!;2026-10-17;East;East Point Med;General;34;94;76
ID-#06713-U!;2026-10-25;Central;Metropolis General;ER;21;93;114
ID-#02033-V!;2026-10-19;Waterfront;Bayview Hospital;Observation;39;99;99
ID-#00488-L!;2026-10-25;North;Northside Clinic;ER;-;95;93
ID-#02128-Z!;2026-10-29;East;East Point Med;ICU;86;92;102
ID-#03601-E!;2026-10-14;Waterfront;Bayview Hospital;ER;38;100;108
ID-#02806-H!;2026-10-28;North;Northside Clinic;General;45;93;73
ID-#01205-I!;2026-10-27;North;Northside Clinic;ER;63;-;108
ID-#00733-N!;2026-10-26;West;Westview Hospital;General;80;100;112
ID-#00726-K!;2026-10-21;South;South Park Hospital;ER;19;100;75
ID-#03157-A!;2026-10-06;East;Eastern Health;ER;30;93;N/A
ID-#03772-N!;2026-10-29;Industrial;Industrial Med;Observation;47;81;77
ID-#07960-B!;2026-10-17;West;Westview Hospital;ICU;43;95;76
ID-#04823-X!;2026-10-24;West;Westview Hospital;Observation;54;93;85
ID-#05160-P!;2026-10-31;Industrial;Industrial Med;ER;50;91;103
ID-#07426-X!;2026-10-10;Waterfront;Bayview Hospital;ICU;37;100;109
ID-#00724-K!;2026-10-24;West;Westview Hospital;General;19;99;117
ID-#02467-C!;2026-10-25;Industrial;Workers Health Center;General;53;81;106
**ID_05180?D;2026-10-24;Industrial;Workers Health Center;ER;70;86;105
ID-#06651-A!;2026-10-25;Waterfront;Bayview Hospital;General;-;100;114
ID-#01640-P!;2026-10-30;West;Westview Hospital;ER;40;93;96
ID-#03541-D!;2026-10-21;Industrial;Workers Health Center;Observation;25;86;117
ID-#01675-H!;2026-10-12;Waterfront;Bayview Hospital;General;26;96;83
ID-#00998-E!;2026-10-12;East;East Point Med;ICU;35;96;108
ID-#01506-Z!;2026-10-09;North;Northern Medical;ER;76;100;100
ID-#05930-V!;2026-10-19;East;East Point Med;ER;56;87;89
ID-#01786-D!;2026-10-25;Central;Metropolis General;ICU;42;95;93
ID-#03837-Y!;2026-10-03;North;Northside Clinic;General;74;99;104
**ID_04253?G;2026-10-21;Central;Central Care;ER;68;100;103
ID-#07287-T!;2026-10-22;Central;Metropolis General;ICU;50;94;85
ID-#05106-E!;2026-10-21;East;East Point Med;General;50;83;71
ID-#08119-O!;2026-10-25;West;Westview Hospital;ER;84;94;99
ID-#02273-I!;2026-10-14;Waterfront;Bayview Hospital;ER;53;98;101
ID-#06232-J!;2026-10-11;West;Westview Hospital;ER;87;100;97
ID-#01757-E!;2026-10-18;Industrial;Industrial Med;Observation;-;97;112
ID-#01789-T!;2026-10-23;East;East Point Med;ER;87;81;116
ID-#08113-E!;2026-10-22;East;Eastern Health;General;-;91;71
ID-#06915-L!;2026-10-09;East;East Point Med;ICU;-;93;108
ID-#00058-V!;2026-10-17;Industrial;Industrial Med;General;83;98;119
ID-#03661-B!;2026-10-20;South;South Park Hospital;General;50;98;70
ID-#01558-W!;2026-10-04;South;South Park Hospital;General;-;94;112
ID-#02337-M!;2026-10-09;South;South Park Hospital;General;33;98;98
**ID_01224?O;2026-10-26;West;Westview Hospital;ER;38;93;100
ID-#06813-R!;2026-10-09;Industrial;Industrial Med;General;80;99;71
ID-#06680-X!;2026-10-21;North;Northside Clinic;General;84;97;120
ID-#02995-H!;2026-10-22;Central;Central Care;General;33;99;100
**ID_04974?T;2026-10-22;South;South Park Hospital;General;24;97;81
ID-#00126-U!;2026-10-29;East;Eastern Health;General;32;84;117
ID-#03887-R!;2026-10-06;Waterfront;Bayview Hospital;ICU;48;100;100
ID-#01671-R!;2026-10-25;Central;Central Care;ER;49;98;116
ID-#02265-F!;2026-10-22;East;Eastern Health;ER;84;92;110
ID-#06998-H!;2026-10-08;Waterfront;Bayview Hospital;ER;57;98;117
ID-#04228-I!;2026-10-13;Industrial;Industrial Med;ICU;61;98;96
ID-#05438-V!;2026-10-17;Industrial;Workers Health Center;ER;34;96;109
ID-#05783-A!;2026-10-28;South;South Park Hospital;ICU;89;95;73
ID-#07356-W!;2026-10-30;Central;Central Care;General;71;-;99
ID-#02270-H!;2026-10-15;Central;Metropolis General;General;65;97;98
ID-#01581-I!;2026-10-25;North;Northern Medical;ER;52;93;94
ID-#05082-K!;2026-10-17;Waterfront;Bayview Hospital;General;-;100;104
ID-#01878-N!;2026-10-24;South;South Park Hospital;Observation;-;94;94
**ID_06243?U;2026-10-08;Waterfront;Bayview Hospital;Observation;43;95;116
ID-#03223-R!;2026-10-26;West;Westview Hospital;ER;84;-;70
ID-#08488-D!;2026-10-09;Central;Metropolis General;General;81;97;82
ID-#05793-O!;2026-10-15;Waterfront;Bayview Hospital;Observation;74;93;111
ID-#04827-O!;2026-10-27;North;Northside Clinic;ER;44;100;80
ID-#01998-O!;2026-10-25;South;South Park Hospital;ICU;36;97;80
ID-#00299-N!;2026-10-10;South;South Park Hospital;ICU;77;96;82
**ID_04369?H;2026-10-22;East;East Point Med;Observation;-;84;119
ID-#03121-C!;2026-10-20;East;East Point Med;General;29;89;119
**ID_03791?T;2026-10-19;South;South Park Hospital;Observation;44;94;93
ID-#03843-P!;2026-10-20;East;Eastern Health;General;70;81;75
ID-#03501-S!;2026-10-21;North;Northern Medical;General;66;93;112
ID-#05367-G!;2026-10-16;Central;Metropolis General;General;71;97;70
ID-#00782-N!;2026-10-19;Waterfront;Bayview Hospital;ICU;86;97;88
ID-#04672-N!;2026-10-18;Industrial;Industrial Med;ICU;41;97;105
ID-#04591-Y!;2026-10-22;Industrial;Workers Health Center;ER;78;82;116
ID-#06073-H!;2026-10-21;West;Westview Hospital;ICU;57;96;92
ID-#07140-N!;2026-10-19;North;Northern Medical;Observation;56;93;94
ID-#02591-B!;2026-10-28;East;East Point Med;General;79;80;83
**ID_01104?D;2026-10-15;Industrial;Industrial Med;ER;28;97;81
ID-#04191-P!;2026-10-06;South;South Park Hospital;ER;74;93;78
ID-#04467-P!;2026-10-28;South;South Park Hospital;ER;49;94;95
ID-#01262-Z!;2026-10-24;West;Westview Hospital;Observation;57;95;102
ID-#00931-U!;2026-10-21;Industrial;Workers Health Center;ER;59;90;96
ID-#01695-M!;2026-10-21;Central;Central Care;ER;61;100;94
ID-#01319-R!;2026-10-30;Industrial;Industrial Med;General;72;80;90
ID-#05513-X!;2026-10-03;North;Northern Medical;General;75;97;96
ID-#02109-Y!;2026-10-26;Industrial;Workers Health Center;ER;-;85;104
ID-#06165-S!;2026-10-22;Central;Metropolis General;ER;68;96;96
ID-#05787-Y!;2026-10-22;Central;Central Care;General;78;94;91
ID-#04104-X!;2026-10-15;North;Northern Medical;ER;82;100;92
ID-#00009-E!;2026-10-28;South;South Park Hospital;ER;71;93;75
ID-#08244-F!;2026-10-19;Central;Central Care;ER;46;93;111
ID-#05548-S!;2026-10-26;East;East Point Med;General;30;85;114
ID-#02492-D!;2026-10-05;Industrial;Industrial Med;ICU;87;95;117
ID-#03389-V!;2026-10-02;East;Eastern Health;ER;35;98;106
ID-#08037-B!;2026-10-27;West;Westview Hospital;ER;60;100;93
ID-#02404-Y!;2026-10-11;South;South Park Hospital;Observation;-;98;73
ID-#06617-O!;2026-10-06;Industrial;Workers Health Center;General;86;94;72
ID-#02734-T!;2026-10-24;Waterfront;Bayview Hospital;ER;26;94;97
ID-#00006-J!;2026-10-30;North;Northside Clinic;General;48;96;70
ID-#02331-A!;2026-10-20;North;Northern Medical;ER;40;94;74
ID-#08417-R!;2026-10-26;Industrial;Workers Health Center;General;73;87;95
ID-#00502-B!;2026-10-21;North;Northern Medical;General;79;98;93
ID-#08095-E!;2026-10-18;Central;Metropolis General;ICU;53;97;89
ID-#05164-C!;2026-10-25;North;Northern Medical;General;90;96;108
**ID_08281?T;2026-10-26;South;South Park Hospital;ER;-;96;70
ID-#02240-E!;2026-10-23;Waterfront;Bayview Hospital;ER;64;97;N/A
ID-#04882-F!;2026-10-05;Industrial;Industrial Med;General;53;96;82
ID-#06522-I!;2026-10-24;West;Westview Hospital;ER;21;98;75
ID-#06049-L!;2026-10-25;West;Westview Hospital;ICU;26;99;108
ID-#07790-F!;2026-10-26;East;Eastern Health;General;34;91;80
ID-#06316-Z!;2026-10-26;Central;Metropolis General;General;79;94;116
**ID_05740?D;2026-10-08;South;South Park Hospital;ER;39;99;100
**ID_03072?M;2026-10-23;Industrial;Industrial Med;General;50;86;77
ID-#07637-Y!;2026-10-26;Central;Central Care;Observation;49;94;85
ID-#05817-W!;2026-10-25;Industrial;Industrial Med;ICU;51;80;101
ID-#00720-J!;2026-10-22;South;South Park Hospital;General;84;98;91
ID-#00875-I!;2026-10-20;North;Northern Medical;ER;57;97;71
ID-#07930-X!;2026-10-23;West;Westview Hospital;General;33;98;120
ID-#06609-P!;2026-10-22;West;Westview Hospital;General;49;97;97
ID-#01956-W!;2026-10-20;Central;Central Care;General;22;95;105
ID-#03740-D!;2026-10-26;Central;Central Care;ICU;28;98;100
ID-#02187-J!;2026-10-10;North;Northside Clinic;General;34;95;88
ID-#06748-S!;2026-10-16;East;Eastern Health;Observation;90;94;102
**ID_07379?I;2026-10-28;Waterfront;Bayview Hospital;ER;25;99;99
ID-#06046-H!;2026-10-20;West;Westview Hospital;ER;56;-;107
**ID_01394?H;2026-10-25;North;Northern Medical;General;65;94;87
ID-#04755-G!;2026-10-29;Industrial;Workers Health Center;Observation;46;82;78
ID-#07742-O!;2026-10-22;Waterfront;Bayview Hospital;General;63;95;90
ID-#03645-E!;2026-10-23;South;South Park Hospital;General;24;97;77
ID-#05844-P!;2026-10-25;Industrial;Workers Health Center;General;31;84;105
ID-#07100-T!;2026-10-24;South;South Park Hospital;General;29;93;89
ID-#03644-K!;2026-10-22;West;Westview Hospital;ICU;49;97;110
ID-#06706-G!;2026-10-25;North;Northside Clinic;ER;22;97;85
**ID_05048?O;2026-10-06;North;Northern Medical;General;27;97;102
**ID_02232?A;2026-10-26;Central;Central Care;ER;50;100;106
ID-#06395-I!;2026-10-16;North;Northside Clinic;General;25;100;74
ID-#00737-E!;2026-10-20;East;Eastern Health;ICU;89;80;120
ID-#05763-C!;2026-10-27;Central;Central Care;ER;67;-;82
ID-#08370-Z!;2026-10-24;South;South Park Hospital;ER;42;93;77
ID-#02513-T!;2026-10-20;Central;Central Care;General;68;-;112
ID-#06913-F!;2026-10-10;East;East Point Med;ICU;76;97;106
ID-#01308-Q!;2026-10-11;Waterfront;Bayview Hospital;ER;81;97;87
ID-#05645-E!;2026-10-21;Waterfront;Bayview Hospital;ER;54;95;71
ID-#02761-H!;2026-10-19;Waterfront;Bayview Hospital;ER;18;97;113
ID-#06052-V!;2026-10-30;West;Westview Hospital;ICU;47;-;101
ID-#01838-U!;2026-10-25;Waterfront;Bayview Hospital;General;42;98;88
ID-#01014-Y!;2026-10-05;South;South Park Hospital;ICU;60;93;95
**ID_00047?N;2026-10-08;South;South Park Hospital;General;29;96;113
ID-#04748-K!;2026-10-14;Waterfront;Bayview Hospital;ER;25;94;89
ID-#06019-Z!;2026-10-24;East;Eastern Health;General;54;90;112
**ID_03128?R;2026-10-06;Central;Metropolis General;General;63;-;90
ID-#06647-Z!;2026-10-02;East;Eastern Health;ER;24;93;109
ID-#03847-S!;2026-10-23;Central;Central Care;ER;70;97;79
ID-#01592-U!;2026-10-24;West;Westview Hospital;General;89;96;115
ID-#07251-B!;2026-10-02;Industrial;Workers Health Center;ER;37;97;76
ID-#06697-C!;2026-10-12;North;Northside Clinic;General;46;98;70
ID-#07674-D!;2026-10-22;South;South Park Hospital;Observation;87;94;99
ID-#03370-T!;2026-10-15;East;East Point Med;ER;36;98;105
ID-#05916-L!;2026-10-07;Waterfront;Bayview Hospital;General;38;96;72
ID-#00988-I!;2026-10-31;Waterfront;Bayview Hospital;ICU;47;99;106
ID-#05536-Q!;2026-10-05;South;South Park Hospital;ER;88;97;100
ID-#07095-I!;2026-10-28;North;Northside Clinic;ER;36;94;90
ID-#00308-E!;2026-10-19;West;Westview Hospital;ER;18;100;81
ID-#02235-H!;2026-10-09;East;East Point Med;ICU;90;97;114
ID-#08409-X!;2026-10-21;East;Eastern Health;ER;56;84;103
ID-#07331-W!;2026-10-29;Central;Metropolis General;ER;33;100;83
ID-#01418-I!;2026-10-25;West;Westview Hospital;General;45;96;114
ID-#03167-Z!;2026-10-21;West;Westview Hospital;General;68;97;101
ID-#08275-Z!;2026-10-20;North;Northside Clinic;ER;80;99;74
**ID_00669?D;2026-10-08;Waterfront;Bayview Hospital;ICU;56;97;118
ID-#01342-V!;2026-10-26;Central;Central Care;ER;28;93;120
ID-#01321-E!;2026-10-25;East;East Point Med;General;89;90;110
ID-#02705-S!;2026-10-24;West;Westview Hospital;General;23;93;109
ID-#03760-X!;2026-10-20;Industrial;Workers Health Center;ER;69;82;101
ID-#07516-T!;2026-10-18;Central;Central Care;ER;75;94;92
ID-#05287-P!;2026-10-29;North;Northside Clinic;ER;64;96;92
ID-#02905-O!;2026-10-03;East;Eastern Health;ICU;54;98;90
ID-#00181-P!;2026-10-21;Waterfront;Bayview Hospital;General;34;96;78
ID-#01682-K!;2026-10-07;West;Westview Hospital;General;73;98;105
ID-#06050-J!;2026-10-25;Waterfront;Bayview Hospital;ER;75;93;115
ID-#08007-K!;2026-10-29;Waterfront;Bayview Hospital;General;34;95;115
ID-#03537-Y!;2026-10-19;North;Northern Medical;ICU;24;98;85
ID-#07210-W!;2026-10-22;Industrial;Industrial Med;ER;82;85;90
ID-#02279-U!;2026-10-22;South;South Park Hospital;ER;43;98;88
**ID_08052?L;2026-10-20;Industrial;Industrial Med;ICU;74;81;72
ID-#04410-K!;2026-10-26;Industrial;Industrial Med;ER;29;82;113
ID-#04785-G!;2026-10-21;Central;Metropolis General;ER;48;94;N/A
ID-#05877-G!;2026-10-21;South;South Park Hospital;ER;74;98;110
ID-#07879-C!;2026-10-14;East;East Point Med;ER;66;93;92
ID-#05801-R!;2026-10-23;Industrial;Workers Health Center;General;71;85;96
ID-#01475-Y!;2026-10-11;Waterfront;Bayview Hospital;ER;21;98;N/A
ID-#08349-U!;2026-10-26;West;Westview Hospital;General;30;99;84
ID-#04425-S!;2026-10-18;Waterfront;Bayview Hospital;Observation;70;95;103
ID-#05710-I!;2026-10-20;West;Westview Hospital;ER;87;98;108
ID-#04350-D!;2026-10-08;North;Northside Clinic;ER;41;97;116
ID-#06372-D!;2026-10-21;Industrial;Workers Health Center;General;49;-;118
ID-#07725-E!;2026-10-13;North;Northern Medical;ICU;25;97;N/A
ID-#06288-L!;2026-10-25;West;Westview Hospital;ER;82;96;77
**ID_03242?D;2026-10-19;West;Westview Hospital;ER;19;95;103
ID-#05322-J!;2026-10-25;North;Northside Clinic;General;73;95;91
ID-#06306-P!;2026-10-08;Industrial;Industrial Med;General;78;93;110
**ID_02114?J;2026-10-22;Industrial;Workers Health Center;ER;39;80;86
ID-#01602-H!;2026-10-24;Central;Central Care;ER;31;95;83
ID-#05167-Z!;2026-10-20;West;Westview Hospital;Observation;88;99;87
ID-#03348-Z!;2026-10-06;Central;Central Care;ICU;46;95;90
ID-#06100-S!;2026-10-20;West;Westview Hospital;General;71;94;77
ID-#03479-Y!;2026-10-23;North;Northern Medical;Observation;82;97;75
ID-#05277-N!;2026-10-19;East;East Point Med;ICU;90;84;97
ID-#04516-Q!;2026-10-25;South;South Park Hospital;ER;33;99;118
ID-#04241-P!;2026-10-29;Central;Metropolis General;ER;85;97;88
ID-#07967-T!;2026-10-21;West;Westview Hospital;ER;44;93;80
ID-#01454-I!;2026-10-15;Waterfront;Bayview Hospital;ICU;62;95;105
ID-#00335-V!;2026-10-19;Industrial;Workers Health Center;ICU;31;90;95
ID-#00615-H!;2026-10-21;West;Westview Hospital;ICU;31;93;106
ID-#04868-E!;2026-10-09;East;East Point Med;General;45;100;117
ID-#02989-Z!;2026-10-18;Central;Central Care;ER;75;97;112
ID-#04831-H!;2026-10-24;North;Northern Medical;General;28;98;111
ID-#05099-V!;2026-10-07;West;Westview Hospital;General;50;95;73
ID-#03331-A!;2026-10-30;West;Westview Hospital;ER;61;97;107
ID-#05088-H!;2026-10-13;East;East Point Med;ICU;78;96;93
ID-#00969-M!;2026-10-09;South;South Park Hospital;ICU;65;99;83
ID-#00527-O!;2026-10-25;Industrial;Industrial Med;Observation;89;92;119
ID-#00890-W!;2026-10-22;Central;Central Care;General;79;96;70
ID-#00552-D!;2026-10-22;Industrial;Industrial Med;ER;50;82;84
ID-#02427-J!;2026-10-25;North;Northern Medical;ER;27;95;78
**ID_08474?U;2026-10-24;West;Westview Hospital;General;23;93;101
ID-#04772-C!;2026-10-26;Industrial;Industrial Med;ER;28;90;110
ID-#03867-T!;2026-10-26;Industrial;Industrial Med;ER;21;84;78
ID-#01030-V!;2026-10-11;Waterfront;Bayview Hospital;General;-;94;113
ID-#04441-W!;2026-10-28;North;Northern Medical;ER;49;97;96
ID-#05261-M!;2026-10-09;Waterfront;Bayview Hospital;ER;52;94;96
**ID_00453?Y;2026-10-03;Waterfront;Bayview Hospital;ER;38;99;103
**ID_00404?O;2026-10-21;Industrial;Workers Health Center;ER;81;90;96
ID-#06354-J!;2026-10-07;West;Westview Hospital;General;33;94;80
ID-#06459-V!;2026-10-03;Industrial;Industrial Med;General;76;98;97
ID-#03641-Y!;2026-10-22;South;South Park Hospital;General;21;95;101
ID-#05090-B!;2026-10-23;West;Westview Hospital;ER;81;94;90
ID-#04981-J!;2026-10-21;North;Northside Clinic;Observation;72;97;94
ID-#00004-V!;2026-10-23;North;Northside Clinic;ER;51;98;108
ID-#02364-I!;2026-10-21;North;Northside Clinic;ER;69;98;79
ID-#03443-B!;2026-10-17;Central;Metropolis General;General;79;100;108
**ID_06856?K;2026-10-25;Waterfront;Bayview Hospital;ICU;26;93;71
ID-#07062-J!;2026-10-16;Industrial;Industrial Med;General;23;95;77
ID-#00742-Z!;2026-10-19;North;Northside Clinic;General;35;93;106
ID-#07851-X!;2026-10-22;Waterfront;Bayview Hospital;ER;55;97;72
ID-#05091-J!;2026-10-08;West;Westview Hospital;ER;86;100;93
ID-#04052-V!;2026-10-22;Waterfront;Bayview Hospital;ER;74;98;70
ID-#01037-N!;2026-10-19;Industrial;Industrial Med;ICU;18;86;101
ID-#06333-C!;2026-10-24;South;South Park Hospital;ER;80;94;112
ID-#03227-E!;2026-10-26;Central;Metropolis General;ER;76;99;83
ID-#04839-B!;2026-10-26;North;Northern Medical;General;41;93;86
ID-#04331-L!;2026-10-10;East;Eastern Health;ICU;18;-;73
ID-#05897-T!;2026-10-26;North;Northside Clinic;Observation;41;98;74
ID-#07413-B!;2026-10-12;South;South Park Hospital;ER;31;95;N/A
ID-#01041-X!;2026-10-20;East;Eastern Health;ER;80;91;115
ID-#01633-N!;2026-10-21;Waterfront;Bayview Hospital;ICU;86;94;118
ID-#00051-T!;2026-10-26;East;Eastern Health;ICU;62;88;91
ID-#05350-A!;2026-10-21;North;Northern Medical;ER;40;98;101
ID-#07187-J!;2026-10-26;Waterfront;Bayview Hospital;General;65;97;94
ID-#03108-F!;2026-10-15;Industrial;Workers Health Center;Observation;24;94;101
ID-#05486-D!;2026-10-23;West;Westview Hospital;ER;33;94;96
ID-#05073-J!;2026-10-25;Waterfront;Bayview Hospital;ER;77;95;88
ID-#04643-F!;2026-10-23;North;Northern Medical;ER;84;-;113
ID-#00605-L!;2026-10-21;North;Northside Clinic;ER;87;100;106
ID-#06967-Y!;2026-10-20;South;South Park Hospital;General;76;94;111
ID-#01767-T!;2026-10-21;Industrial;Workers Health Center;ICU;56;81;97
ID-#08115-Z!;2026-10-28;Waterfront;Bayview Hospital;ER;45;93;115
ID-#01567-A!;2026-10-23;Industrial;Industrial Med;General;59;81;75
ID-#01690-S!;2026-10-05;East;Eastern Health;General;51;93;81
ID-#00139-L!;2026-10-25;Central;Central Care;Observation;87;100;80
ID-#00843-C!;2026-10-17;West;Westview Hospital;General;33;94;96
ID-#06645-U!;2026-10-26;Industrial;Industrial Med;General;72;-;74
ID-#07787-P!;2026-10-31;Industrial;Workers Health Center;General;67;83;120
ID-#01295-C!;2026-10-19;East;East Point Med;ER;88;90;106
ID-#03985-E!;2026-10-11;South;South Park Hospital;ER;71;96;95
ID-#02565-J!;2026-10-24;North;Northern Medical;General;42;94;80
ID-#04117-G!;2026-10-29;South;South Park Hospital;General;48;99;108
ID-#04375-N!;2026-10-05;Industrial;Industrial Med;ICU;18;96;81
ID-#05087-T!;2026-10-23;Industrial;Industrial Med;General;85;87;112
ID-#07592-O!;2026-10-10;Central;Metropolis General;ER;67;100;115
ID-#03040-G!;2026-10-22;North;Northern Medical;ER;78;99;80
ID-#07941-X!;2026-10-22;West;Westview Hospital;ER;38;94;80
ID-#07207-P!;2026-10-27;Industrial;Industrial Med;ER;65;90;84
ID-#07164-D!;2026-10-23;West;Westview Hospital;General;52;99;82
**ID_05899?L;2026-10-25;South;South Park Hospital;ER;83;97;116
ID-#07491-U!;2026-10-08;North;Northside Clinic;General;90;99;70
ID-#04246-O!;2026-10-19;Industrial;Industrial Med;ICU;30;87;76
ID-#07605-T!;2026-10-10;West;Westview Hospital;ER;35;95;92
ID-#06842-E!;2026-10-18;Waterfront;Bayview Hospital;ICU;33;97;110
ID-#06475-N!;2026-10-21;West;Westview Hospital;ER;29;95;88
ID-#03191-A!;2026-10-26;North;Northside Clinic;ER;39;100;72
ID-#01278-I!;2026-10-19;East;East Point Med;General;58;83;80
ID-#07268-K!;2026-10-24;North;Northside Clinic;ER;49;98;N/A
ID-#03093-P!;2026-10-14;West;Westview Hospital;ER;71;100;112
ID-#04173-E!;2026-10-17;East;East Point Med;ICU;81;100;79
ID-#07265-X!;2026-10-25;West;Westview Hospital;General;77;96;105
ID-#06312-H!;2026-10-23;Central;Central Care;ER;18;95;96
ID-#05725-T!;2026-10-20;East;East Point Med;ER;30;90;113
ID-#05870-X!;2026-10-31;North;Northern Medical;ER;59;99;97
ID-#00636-A!;2026-10-26;West;Westview Hospital;General;48;95;111
**ID_04067?G;2026-10-10;North;Northside Clinic;ER;46;93;95
ID-#01069-N!;2026-10-14;West;Westview Hospital;General;56;93;106
ID-#02181-O!;2026-10-24;Industrial;Workers Health Center;ER;84;81;107
ID-#03327-K!;2026-10-31;Waterfront;Bayview Hospital;ER;69;-;92
ID-#01134-G!;2026-10-19;East;Eastern Health;ER;32;81;102
ID-#01848-P!;2026-10-22;East;Eastern Health;Observation;41;81;88
ID-#04032-N!;2026-10-25;South;South Park Hospital;ER;90;99;77
ID-#07904-O!;2026-10-10;Industrial;Industrial Med;ICU;87;93;113
ID-#08169-S!;2026-10-19;West;Westview Hospital;ER;46;97;93
ID-#06096-H!;2026-10-23;Central;Metropolis General;ER;28;94;74
ID-#01162-Q!;2026-10-02;North;Northern Medical;General;40;98;114
ID-#06446-P!;2026-10-26;North;Northern Medical;ER;40;96;71
ID-#06578-F!;2026-10-21;North;Northside Clinic;ER;37;97;118
ID-#00192-R!;2026-10-23;Central;Central Care;ICU;75;93;102
ID-#04180-F!;2026-10-26;East;East Point Med;General;40;84;116
ID-#03258-P!;2026-10-13;South;South Park Hospital;General;66;99;88
ID-#04670-E!;2026-10-24;Central;Metropolis General;ICU;33;-;81
ID-#02527-Q!;2026-10-19;West;Westview Hospital;Observation;60;99;112
ID-#06937-U!;2026-10-02;North;Northside Clinic;ICU;86;95;110
ID-#06356-M!;2026-10-24;Waterfront;Bayview Hospital;ER;62;97;89
ID-#00894-Y!;2026-10-17;West;Westview Hospital;General;28;93;74
ID-#00442-V!;2026-10-21;Central;Central Care;Observation;32;98;120
ID-#08276-N!;2026-10-24;North;Northside Clinic;General;44;100;102
ID-#01605-F!;2026-10-25;Waterfront;Bayview Hospital;ER;39;97;85
ID-#00588-U!;2026-10-22;Central;Metropolis General;General;72;95;84
ID-#01701-K!;2026-10-30;Waterfront;Bayview Hospital;ER;52;95;76
ID-#06362-R!;2026-10-11;South;South Park Hospital;ICU;52;99;N/A
ID-#04457-Y!;2026-10-26;Waterfront;Bayview Hospital;ER;58;95;84
ID-#00924-J!;2026-10-15;Central;Metropolis General;ICU;38;100;95
ID-#06863-O!;2026-10-14;North;Northside Clinic;General;87;96;90
ID-#02749-K!;2026-10-25;East;East Point Med;ER;78;87;120
ID-#07489-R!;2026-10-24;Waterfront;Bayview Hospital;Observation;89;99;73
ID-#05479-Q!;2026-10-02;Industrial;Workers Health Center;Observation;73;93;104
ID-#05179-O!;2026-10-18;South;South Park Hospital;General;86;100;118
ID-#07509-V!;2026-10-02;Waterfront;Bayview Hospital;General;71;99;115
ID-#02444-F!;2026-10-20;North;Northern Medical;ER;79;100;89
ID-#06851-M!;2026-10-25;Waterfront;Bayview Hospital;General;53;97;96
ID-#08203-G!;2026-10-13;East;Eastern Health;ICU;28;95;81
ID-#03407-M!;2026-10-18;East;Eastern Health;ER;88;93;106
ID-#02175-L!;2026-10-22;South;South Park Hospital;ICU;78;100;81
**ID_01135?Q;2026-10-31;West;Westview Hospital;General;38;94;75
ID-#00142-A!;2026-10-14;Industrial;Industrial Med;ICU;38;100;111
ID-#01253-S!;2026-10-16;Industrial;Workers Health Center;ER;77;100;97
ID-#08423-Y!;2026-10-03;South;South Park Hospital;ICU;72;98;71
ID-#04966-S!;2026-10-19;East;East Point Med;ER;59;86;107
ID-#07660-V!;2026-10-17;South;South Park Hospital;ER;78;96;72
ID-#04982-Q!;2026-10-20;North;Northern Medical;ICU;65;94;85
**ID_04695?M;2026-10-30;South;South Park Hospital;ICU;40;93;98
ID-#02592-V!;2026-10-09;East;Eastern Health;Observation;71;97;85
ID-#02825-Y!;2026-10-11;South;South Park Hospital;General;79;96;91
ID-#00038-I!;2026-10-03;Waterfront;Bayview Hospital;Observation;18;100;77
ID-#07038-I!;2026-10-28;North;Northern Medical;General;18;98;99
ID-#04310-H!;2026-10-06;Waterfront;Bayview Hospital;ICU;45;95;120
ID-#00980-P!;2026-10-23;South;South Park Hospital;General;80;95;90
ID-#03156-Z!;2026-10-18;Industrial;Workers Health Center;ER;64;98;90
ID-#03124-I!;2026-10-20;North;Northside Clinic;ICU;86;94;76
ID-#02523-B!;2026-10-21;East;Eastern Health;Observation;83;80;74
ID-#01823-X!;2026-10-16;South;South Park Hospital;ICU;46;94;117
ID-#04475-G!;2026-10-24;West;Westview Hospital;ER;40;96;87
ID-#05152-O!;2026-10-12;Waterfront;Bayview Hospital;ER;60;95;N/A
ID-#02900-D!;2026-10-19;South;South Park Hospital;ICU;35;100;119
**ID_07762?C;2026-10-15;East;East Point Med;ICU;39;99;111
ID-#05876-C!;2026-10-17;Waterfront;Bayview Hospital;General;89;97;95
ID-#07881-N!;2026-10-22;North;Northside Clinic;ER;25;99;99
**ID_01912?U;2026-10-28;Waterfront;Bayview Hospital;ER;63;93;92
ID-#07293-F!;2026-10-24;Industrial;Industrial Med;ER;51;91;83
ID-#04138-B!;2026-10-25;Central;Central Care;Observation;67;97;118
ID-#01228-P!;2026-10-20;Central;Central Care;ICU;52;95;76
ID-#06670-N!;2026-10-22;North;Northside Clinic;Observation;21;98;74
ID-#01561-E!;2026-10-24;West;Westview Hospital;ICU;25;100;102
**ID_03733?R;2026-10-23;East;Eastern Health;General;50;83;91
ID-#01348-U!;2026-10-09;South;South Park Hospital;General;79;95;73
ID-#06000-A!;2026-10-18;East;East Point Med;Observation;56;97;98
ID-#00822-F!;2026-10-23;West;Westview Hospital;ER;33;95;104
ID-#03908-N!;2026-10-20;Industrial;Industrial Med;General;54;84;97
ID-#05161-D!;2026-10-30;Waterfront;Bayview Hospital;General;42;97;116
ID-#05269-O!;2026-10-20;West;Westview Hospital;ER;90;97;78
ID-#02754-C!;2026-10-22;West;Westview Hospital;ER;67;100;77
ID-#06678-B!;2026-10-30;East;Eastern Health;ER;43;82;104
ID-#07550-D!;2026-10-26;North;Northern Medical;General;78;96;71
ID-#08008-U!;2026-10-24;Industrial;Industrial Med;General;44;88;110
ID-#07120-R!;2026-10-20;Waterfront;Bayview Hospital;ICU;54;-;106
ID-#00685-N!;2026-10-25;West;Westview Hospital;ICU;-;100;118
ID-#00049-O!;2026-10-21;North;Northside Clinic;ER;58;99;97
ID-#01201-M!;2026-10-06;Central;Central Care;General;41;97;88
ID-#00349-U!;2026-10-14;West;Westview Hospital;ICU;-;95;112
ID-#05576-X!;2026-10-20;West;Westview Hospital;General;73;-;85
ID-#08377-U!;2026-10-18;Central;Metropolis General;ER;88;97;106
ID-#01087-X!;2026-10-27;West;Westview Hospital;ICU;46;95;74
ID-#06667-U!;2026-10-31;Industrial;Workers Health Center;General;90;85;120
ID-#04622-U!;2026-10-20;West;Westview Hospital;ICU;19;93;78
ID-#02042-U!;2026-10-08;East;East Point Med;ICU;64;95;111
ID-#02465-F!;2026-10-17;South;South Park Hospital;ER;53;96;92
**ID_00271?H;2026-10-10;Waterfront;Bayview Hospital;Observation;20;94;109
ID-#00307-P!;2026-10-13;South;South Park Hospital;General;54;98;93
ID-#08476-T!;2026-10-24;South;South Park Hospital;ICU;-;94;120
ID-#01721-X!;2026-10-09;Waterfront;Bayview Hospital;ICU;55;99;76
ID-#08145-O!;2026-10-21;Waterfront;Bayview Hospital;ICU;73;97;118
ID-#05818-I!;2026-10-24;East;East Point Med;ER;64;87;74
ID-#00840-M!;2026-10-24;North;Northside Clinic;ER;83;100;86
ID-#04102-W!;2026-10-20;East;East Point Med;General;30;81;98
ID-#06675-H!;2026-10-26;Central;Central Care;ER;41;98;77
ID-#03111-I!;2026-10-28;South;South Park Hospital;ICU;40;99;104
ID-#01285-O!;2026-10-25;North;Northern Medical;ER;36;98;97
ID-#05157-E!;2026-10-11;South;South Park Hospital;General;67;99;93
ID-#04327-P!;2026-10-28;Industrial;Industrial Med;General;67;82;118
ID-#06974-U!;2026-10-30;East;Eastern Health;General;34;81;117
ID-#03441-Y!;2026-10-23;North;Northside Clinic;ER;72;94;84
ID-#07367-J!;2026-10-25;South;South Park Hospital;General;42;93;106
ID-#02277-I!;2026-10-21;Waterfront;Bayview Hospital;ER;56;93;77
ID-#08182-W!;2026-10-23;West;Westview Hospital;ICU;19;98;N/A
ID-#01649-A!;2026-10-04;Industrial;Workers Health Center;ER;64;94;116
ID-#02933-Q!;2026-10-24;West;Westview Hospital;General;60;96;85
ID-#04035-E!;2026-10-25;North;Northside Clinic;ER;23;99;78
**ID_00342?I;2026-10-11;East;East Point Med;ER;53;97;N/A
ID-#07900-R!;2026-10-17;South;South Park Hospital;ER;44;95;71
ID-#05541-D!;2026-10-25;East;Eastern Health;General;86;85;81
**ID_08448?D;2026-10-23;Waterfront;Bayview Hospital;ICU;-;97;79
ID-#07058-U!;2026-10-30;Waterfront;Bayview Hospital;General;75;93;81
ID-#00185-T!;2026-10-22;Waterfront;Bayview Hospital;ER;89;97;113
ID-#00538-O!;2026-10-15;North;Northern Medical;ICU;36;94;89
ID-#02726-J!;2026-10-26;Industrial;Workers Health Center;ICU;26;80;106
ID-#03546-X!;2026-10-29;East;Eastern Health;ER;70;87;112
ID-#00520-V!;2026-10-18;East;East Point Med;General;56;100;90
ID-#00098-Z!;2026-10-29;North;Northside Clinic;ER;73;94;108
ID-#01149-R!;2026-10-24;North;Northern Medical;General;25;96;98
ID-#00557-E!;2026-10-03;Industrial;Industrial Med;ER;88;100;107
ID-#07599-C!;2026-10-21;West;Westview Hospital;ER;40;97;73
ID-#06462-C!;2026-10-09;Central;Metropolis General;ER;55;95;114
**ID_05386?I;2026-10-20;South;South Park Hospital;ER;77;97;109
ID-#08490-V!;2026-10-20;Waterfront;Bayview Hospital;General;34;95;N/A
ID-#08162-C!;2026-10-14;North;Northside Clinic;General;81;-;114
ID-#04714-H!;2026-10-04;East;Eastern Health;ER;75;98;116
ID-#06806-C!;2026-10-23;Central;Metropolis General;ER;83;97;75
ID-#00495-A!;2026-10-16;North;Northside Clinic;ICU;36;93;117
ID-#00234-P!;2026-10-24;North;Northern Medical;Observation;70;98;102
ID-#01907-P!;2026-10-24;Industrial;Industrial Med;ER;80;85;103
ID-#05966-N!;2026-10-20;North;Northside Clinic;Observation;29;100;94
ID-#05236-C!;2026-10-15;West;Westview Hospital;ER;81;95;75
ID-#08328-Y!;2026-10-24;East;East Point Med;General;63;86;89
ID-#08365-X!;2026-10-16;North;Northside Clinic;ER;86;95;83
ID-#00633-Z!;2026-10-05;East;Eastern Health;General;26;95;76
ID-#08011-B!;2026-10-30;South;South Park Hospital;ER;70;93;76
ID-#00230-I!;2026-10-24;North;Northern Medical;General;75;99;97
ID-#05397-B!;2026-10-25;North;Northside Clinic;ER;90;98;89
ID-#05964-X!;2026-10-06;South;South Park Hospital;ER;63;96;99
ID-#05788-Y!;2026-10-15;South;South Park Hospital;ER;73;94;104
**ID_08238?H;2026-10-26;East;East Point Med;General;82;89;104
ID-#07422-K!;2026-10-27;North;Northside Clinic;ER;76;95;99
ID-#02415-V!;2026-10-22;East;Eastern Health;ER;82;90;120
ID-#06327-N!;2026-10-02;Waterfront;Bayview Hospital;General;-;95;73
ID-#06751-I!;2026-10-10;East;Eastern Health;ER;64;96;97
**ID_04904?Y;2026-10-20;West;Westview Hospital;ICU;43;99;95
ID-#05297-I!;2026-10-03;Waterfront;Bayview Hospital;ER;66;97;97
ID-#02278-C!;2026-10-19;East;Eastern Health;General;-;90;107
ID-#03827-W!;2026-10-20;Waterfront;Bayview Hospital;ICU;-;98;111
ID-#01473-B!;2026-10-12;South;South Park Hospital;ER;-;94;104
**ID_00278?J;2026-10-03;South;South Park Hospital;ER;37;95;116
ID-#03902-O!;2026-10-18;West;Westview Hospital;Observation;37;95;88
ID-#00926-N!;2026-10-16;East;Eastern Health;ICU;52;97;98
ID-#02291-V!;2026-10-23;North;Northern Medical;Observation;72;97;80
ID-#02435-T!;2026-10-27;Waterfront;Bayview Hospital;ER;82;94;115
ID-#04989-D!;2026-10-24;West;Westview Hospital;General;48;94;72
ID-#04585-U!;2026-10-22;South;South Park Hospital;ER;26;-;119
ID-#03973-J!;2026-10-16;West;Westview Hospital;ICU;32;94;74
ID-#05142-L!;2026-10-20;North;Northern Medical;Observation;41;99;93
ID-#07488-J!;2026-10-09;Industrial;Industrial Med;General;49;99;73
ID-#07538-F!;2026-10-22;Industrial;Industrial Med;General;39;83;114
ID-#00019-E!;2026-10-12;West;Westview Hospital;ER;62;97;N/A
ID-#01579-U!;2026-10-08;West;Westview Hospital;General;22;97;115
ID-#01758-H!;2026-10-12;North;Northern Medical;ER;78;98;116
ID-#00479-Y!;2026-10-23;Central;Metropolis General;ER;29;97;106
ID-#04316-I!;2026-10-11;South;South Park Hospital;ER;39;94;80
ID-#05303-B!;2026-10-27;South;South Park Hospital;ER;70;95;76
ID-#08373-Z!;2026-10-09;North;Northern Medical;ER;88;96;109
ID-#03359-F!;2026-10-24;North;Northern Medical;General;66;-;95
ID-#07051-H!;2026-10-28;East;East Point Med;ICU;24;81;102
ID-#03639-I!;2026-10-23;Waterfront;Bayview Hospital;ER;55;95;93
ID-#00406-G!;2026-10-24;Waterfront;Bayview Hospital;General;77;96;96
ID-#03186-D!;2026-10-19;West;Westview Hospital;ER;61;100;111
**ID_05874?K;2026-10-30;South;South Park Hospital;General;28;100;87
**ID_05243?N;2026-10-26;South;South Park Hospital;ER;59;98;80
ID-#01158-N!;2026-10-12;Central;Central Care;General;31;96;116
**ID_06013?B;2026-10-19;West;Westview Hospital;ER;33;95;106
ID-#01831-B!;2026-10-22;West;Westview Hospital;ICU;31;96;75
ID-#01259-C!;2026-10-19;Central;Central Care;ER;65;94;70
ID-#05216-S!;2026-10-19;West;Westview Hospital;ER;-;100;118
ID-#07866-K!;2026-10-18;Waterfront;Bayview Hospital;ER;64;93;108
ID-#02714-K!;2026-10-22;North;Northern Medical;ICU;60;95;104
**ID_01890?M;2026-10-23;East;East Point Med;General;29;82;100
**ID_03205?F;2026-10-21;South;South Park Hospital;ER;74;95;117
ID-#05333-Q!;2026-10-23;South;South Park Hospital;ER;28;93;83
ID-#04332-R!;2026-10-13;West;Westview Hospital;General;75;97;70
ID-#07247-R!;2026-10-16;Industrial;Workers Health Center;ER;63;99;96
ID-#06407-P!;2026-10-10;Waterfront;Bayview Hospital;ICU;36;97;87
ID-#02001-D!;2026-10-06;South;South Park Hospital;ER;40;99;99
ID-#07744-P!;2026-10-24;South;South Park Hospital;Observation;40;96;77
ID-#07014-W!;2026-10-19;West;Westview Hospital;General;74;93;99
ID-#04577-J!;2026-10-25;North;Northside Clinic;Observation;-;93;103
ID-#05256-U!;2026-10-08;Central;Metropolis General;ER;57;97;108
ID-#07968-Y!;2026-10-26;Industrial;Workers Health Center;General;52;91;80
ID-#00078-V!;2026-10-25;Central;Metropolis General;ER;63;99;107
ID-#03297-I!;2026-10-19;West;Westview Hospital;ER;56;97;114
ID-#00489-X!;2026-10-16;North;Northern Medical;General;78;98;71
ID-#06031-R!;2026-10-21;East;Eastern Health;Observation;78;84;N/A
ID-#04154-H!;2026-10-06;Waterfront;Bayview Hospital;ER;45;95;98
ID-#06786-Z!;2026-10-07;East;Eastern Health;ER;72;93;70
ID-#07046-L!;2026-10-16;South;South Park Hospital;ICU;54;96;75
ID-#01974-X!;2026-10-05;North;Northern Medical;ICU;24;96;71
ID-#01032-V!;2026-10-24;Industrial;Industrial Med;ER;49;87;96
ID-#04615-T!;2026-10-19;Industrial;Workers Health Center;ER;57;85;117
ID-#03586-F!;2026-10-14;Waterfront;Bayview Hospital;ICU;66;94;90
ID-#00266-J!;2026-10-11;South;South Park Hospital;ICU;18;97;103
ID-#02303-O!;2026-10-06;Industrial;Industrial Med;Observation;63;97;102
ID-#00344-R!;2026-10-02;North;Northside Clinic;ER;79;98;105
ID-#03118-V!;2026-10-18;Waterfront;Bayview Hospital;Observation;31;94;119
ID-#04248-D!;2026-10-28;East;Eastern Health;ICU;-;82;116
ID-#07711-T!;2026-10-25;Waterfront;Bayview Hospital;ER;41;94;117
ID-#05797-G!;2026-10-24;Industrial;Workers Health Center;ER;48;85;120
ID-#05317-F!;2026-10-24;Waterfront;Bayview Hospital;General;23;99;106
ID-#00403-E!;2026-10-29;West;Westview Hospital;ICU;53;97;88
ID-#01827-B!;2026-10-18;Central;Metropolis General;ICU;28;97;114
ID-#03235-R!;2026-10-22;East;East Point Med;ER;63;80;120
ID-#00654-O!;2026-10-15;West;Westview Hospital;Observation;46;99;94
ID-#01500-O!;2026-10-24;Industrial;Workers Health Center;ICU;88;83;100
ID-#04365-L!;2026-10-18;Waterfront;Bayview Hospital;General;88;93;106
ID-#01096-B!;2026-10-22;Central;Metropolis General;General;52;94;86
ID-#01935-I!;2026-10-15;West;Westview Hospital;General;64;100;120
ID-#02939-K!;2026-10-26;Industrial;Industrial Med;ER;77;86;100
ID-#06618-D!;2026-10-19;Waterfront;Bayview Hospital;General;67;95;106
ID-#00110-O!;2026-10-26;East;Eastern Health;ER;85;86;72
ID-#04500-Y!;2026-10-03;Waterfront;Bayview Hospital;General;58;95;114
ID-#05116-F!;2026-10-24;Industrial;Workers Health Center;ICU;27;-;105
ID-#05365-M!;2026-10-31;West;Westview Hospital;ICU;32;94;102
ID-#06239-F!;2026-10-07;East;Eastern Health;General;82;99;88
ID-#05941-D!;2026-10-02;Central;Central Care;ER;57;94;96
ID-#00849-F!;2026-10-16;Waterfront;Bayview Hospital;General;90;95;99
ID-#07281-N!;2026-10-12;Industrial;Industrial Med;ICU;57;100;81
ID-#03993-W!;2026-10-26;Waterfront;Bayview Hospital;ER;63;96;82
ID-#06817-Z!;2026-10-26;Waterfront;Bayview Hospital;General;28;94;74
ID-#07782-V!;2026-10-25;Industrial;Workers Health Center;ICU;37;81;98
ID-#05493-L!;2026-10-28;South;South Park Hospital;General;66;93;76
**ID_00549?Q;2026-10-31;West;Westview Hospital;ER;29;94;86
ID-#01423-Z!;2026-10-19;North;Northern Medical;ER;77;100;96
ID-#03086-H!;2026-10-09;North;Northside Clinic;ICU;66;93;112
ID-#03702-I!;2026-10-20;Central;Metropolis General;Observation;84;93;95
ID-#01927-V!;2026-10-20;Central;Metropolis General;General;33;99;108
ID-#00584-P!;2026-10-19;East;Eastern Health;Observation;39;90;89
ID-#05293-M!;2026-10-20;Central;Metropolis General;ICU;37;94;70
ID-#06808-Q!;2026-10-28;South;South Park Hospital;ER;44;96;118
ID-#03012-V!;2026-10-21;South;South Park Hospital;ER;-;100;101
ID-#05829-W!;2026-10-13;Central;Metropolis General;General;84;93;N/A
ID-#02112-E!;2026-10-23;Industrial;Workers Health Center;General;76;-;89
ID-#01888-H!;2026-10-02;East;Eastern Health;ICU;33;99;101
ID-#01830-N!;2026-10-25;East;Eastern Health;ER;84;91;98
ID-#03821-Z!;2026-10-26;Waterfront;Bayview Hospital;General;67;97;112
ID-#06396-V!;2026-10-20;Waterfront;Bayview Hospital;ICU;18;96;90
ID-#05693-K!;2026-10-09;South;South Park Hospital;General;21;95;91
ID-#02401-I!;2026-10-16;West;Westview Hospital;General;26;95;95
ID-#05847-B!;2026-10-26;South;South Park Hospital;General;88;97;100
ID-#01665-S!;2026-10-19;Industrial;Industrial Med;Observation;47;83;70
ID-#07077-D!;2026-10-25;Waterfront;Bayview Hospital;ER;75;95;98
ID-#05368-J!;2026-10-25;North;Northside Clinic;ER;63;98;104
**ID_00547?F;2026-10-22;East;Eastern Health;Observation;60;89;70
ID-#02646-R!;2026-10-21;South;South Park Hospital;ICU;79;95;107
ID-#01871-N!;2026-10-07;North;Northside Clinic;ER;34;94;71
ID-#06503-V!;2026-10-23;South;South Park Hospital;ER;64;98;70
ID-#06507-O!;2026-10-25;South;South Park Hospital;ER;51;95;108
ID-#04125-A!;2026-10-06;Industrial;Workers Health Center;ER;57;99;108
ID-#06992-X!;2026-10-07;Industrial;Industrial Med;ICU;51;100;93
ID-#08418-J!;2026-10-21;South;South Park Hospital;ICU;73;100;94
ID-#00667-M!;2026-10-25;Waterfront;Bayview Hospital;Observation;64;95;77
ID-#05789-Y!;2026-10-24;East;Eastern Health;ER;76;81;N/A
**ID_06995?O;2026-10-20;Waterfront;Bayview Hospital;General;25;95;81
**ID_07205?G;2026-10-24;South;South Park Hospital;General;55;96;118
ID-#05852-B!;2026-10-26;West;Westview Hospital;ICU;-;96;70
**ID_06145?C;2026-10-20;South;South Park Hospital;ER;82;97;81
ID-#08080-K!;2026-10-19;South;South Park Hospital;ER;49;-;95
ID-#04078-W!;2026-10-21;Waterfront;Bayview Hospital;General;65;97;116
ID-#03666-D!;2026-10-18;Waterfront;Bayview Hospital;Observation;31;100;118
ID-#00159-R!;2026-10-22;South;South Park Hospital;ICU;56;93;102
ID-#05198-U!;2026-10-24;Waterfront;Bayview Hospital;ER;40;97;98
**ID_00254?J;2026-10-17;Central;Metropolis General;General;88;100;75
ID-#05896-S!;2026-10-17;Waterfront;Bayview Hospital;ER;67;94;75
ID-#04731-I!;2026-10-29;East;East Point Med;General;26;86;100
ID-#05301-G!;2026-10-25;Industrial;Industrial Med;ER;55;86;95
ID-#00485-V!;2026-10-25;Waterfront;Bayview Hospital;General;79;99;100
ID-#06197-S!;2026-10-07;Waterfront;Bayview Hospital;General;83;94;100
ID-#06137-R!;2026-10-26;North;Northside Clinic;General;-;99;106
ID-#06754-R!;2026-10-30;Industrial;Workers Health Center;General;57;87;93
ID-#05409-W!;2026-10-24;East;East Point Med;ICU;73;81;70
ID-#02182-U!;2026-10-21;East;Eastern Health;ER;-;81;95
ID-#08368-M!;2026-10-09;Industrial;Workers Health Center;General;86;100;87
ID-#06370-I!;2026-10-11;South;South Park Hospital;General;51;97;72
**ID_03281?O;2026-10-24;West;Westview Hospital;Observation;46;93;80
ID-#02485-G!;2026-10-26;West;Westview Hospital;General;86;93;117
ID-#01048-K!;2026-10-17;East;East Point Med;ER;74;100;110
ID-#01499-P!;2026-10-16;East;East Point Med;ER;88;98;110
ID-#03735-V!;2026-10-22;West;Westview Hospital;ICU;50;99;107
ID-#06081-W!;2026-10-20;North;Northside Clinic;Observation;70;98;80
ID-#00993-E!;2026-10-25;East;Eastern Health;ER;47;82;91
ID-#02887-E!;2026-10-21;West;Westview Hospital;General;72;95;107
ID-#05547-J!;2026-10-23;North;Northern Medical;General;70;100;78
ID-#08142-P!;2026-10-31;Central;Metropolis General;ER;57;94;120
ID-#07366-A!;2026-10-26;South;South Park Hospital;ICU;56;94;70
ID-#03334-R!;2026-10-16;West;Westview Hospital;General;76;99;84
ID-#02557-O!;2026-10-25;Central;Central Care;ICU;87;97;112
ID-#00571-H!;2026-10-05;Central;Metropolis General;Observation;54;94;79
ID-#05759-G!;2026-10-25;Central;Central Care;ER;26;96;70
ID-#06302-D!;2026-10-04;West;Westview Hospital;ER;20;95;72
ID-#05940-Q!;2026-10-14;North;Northern Medical;ER;69;93;88
ID-#08019-I!;2026-10-11;West;Westview Hospital;General;36;96;109
ID-#06160-L!;2026-10-06;West;Westview Hospital;General;34;-;117
ID-#08237-I!;2026-10-25;Waterfront;Bayview Hospital;Observation;73;98;115
ID-#01901-S!;2026-10-25;East;Eastern Health;ICU;68;91;97
ID-#08176-V!;2026-10-23;South;South Park Hospital;ER;49;94;96
ID-#05262-P!;2026-10-17;North;Northside Clinic;ICU;87;100;108
ID-#03085-D!;2026-10-30;West;Westview Hospital;General;68;96;110
ID-#04685-M!;2026-10-05;North;Northern Medical;Observation;28;97;87
ID-#04361-M!;2026-10-02;North;Northern Medical;ER;43;100;87
ID-#01560-V!;2026-10-25;West;Westview Hospital;ER;55;95;85
ID-#02478-W!;2026-10-21;South;South Park Hospital;General;51;94;84
ID-#04372-A!;2026-10-08;Waterfront;Bayview Hospital;General;30;97;97
ID-#03739-O!;2026-10-24;Industrial;Workers Health Center;Observation;26;85;85
**ID_02287?O;2026-10-19;Waterfront;Bayview Hospital;ER;79;93;98
ID-#08397-Q!;2026-10-23;West;Westview Hospital;ER;81;94;98
ID-#00792-O!;2026-10-19;Central;Metropolis General;General;52;94;79
**ID_06573?X;2026-10-26;Central;Metropolis General;ICU;25;94;106
ID-#00522-P!;2026-10-31;South;South Park Hospital;ICU;90;94;79
ID-#08039-N!;2026-10-24;South;South Park Hospital;ICU;53;94;75
**ID_03844?Q;2026-10-17;Industrial;Workers Health Center;ER;41;93;71
ID-#08021-O!;2026-10-13;Industrial;Industrial Med;Observation;55;95;90
ID-#00292-J!;2026-10-21;North;Northern Medical;General;65;98;81
ID-#05830-G!;2026-10-07;East;East Point Med;General;45;96;97
ID-#03611-F!;2026-10-17;Central;Metropolis General;General;35;97;112
ID-#05265-I!;2026-10-12;West;Westview Hospital;ICU;63;100;98
ID-#05574-B!;2026-10-13;North;Northern Medical;General;90;96;92
ID-#06346-J!;2026-10-18;Central;Central Care;ER;-;96;87
ID-#00962-U!;2026-10-23;Waterfront;Bayview Hospital;Observation;89;94;85
ID-#03664-L!;2026-10-22;Central;Central Care;ICU;73;93;76
ID-#01001-Z!;2026-10-02;Industrial;Workers Health Center;Observation;49;100;113
ID-#03682-D!;2026-10-23;Waterfront;Bayview Hospital;General;24;100;118
ID-#00674-W!;2026-10-20;Waterfront;Bayview Hospital;ER;67;97;120
ID-#07315-H!;2026-10-21;East;East Point Med;General;88;91;110
ID-#01550-A!;2026-10-19;Waterfront;Bayview Hospital;ICU;45;99;105
ID-#07520-N!;2026-10-21;East;Eastern Health;General;69;86;86
ID-#05071-F!;2026-10-10;Industrial;Workers Health Center;ER;73;94;83
ID-#07760-D!;2026-10-19;East;East Point Med;Observation;81;85;89
**ID_05046?E;2026-10-21;Industrial;Industrial Med;ER;74;83;111
ID-#05174-W!;2026-10-24;Industrial;Industrial Med;General;29;82;114
ID-#08171-L!;2026-10-17;Waterfront;Bayview Hospital;Observation;58;93;94
ID-#04600-C!;2026-10-23;Central;Metropolis General;ER;-;95;82
ID-#03079-E!;2026-10-19;South;South Park Hospital;General;70;93;73
ID-#04737-T!;2026-10-16;North;Northern Medical;Observation;84;100;77
ID-#01038-Z!;2026-10-25;Waterfront;Bayview Hospital;ICU;79;94;109
ID-#03402-H!;2026-10-25;Central;Metropolis General;ICU;48;95;113
**ID_04312?G;2026-10-23;Industrial;Industrial Med;General;87;88;102
ID-#05826-M!;2026-10-31;Waterfront;Bayview Hospital;ER;22;93;75
ID-#06985-G!;2026-10-06;North;Northern Medical;Observation;-;95;95
ID-#07867-T!;2026-10-21;West;Westview Hospital;General;69;98;72
ID-#05484-J!;2026-10-22;North;Northside Clinic;Observation;43;97;N/A
ID-#06551-N!;2026-10-23;North;Northside Clinic;ICU;63;96;118
ID-#01565-C!;2026-10-10;Waterfront;Bayview Hospital;ICU;22;93;85
ID-#06772-D!;2026-10-31;Waterfront;Bayview Hospital;ER;51;99;75
ID-#06366-Y!;2026-10-17;West;Westview Hospital;General;61;94;118
ID-#01230-V!;2026-10-03;Industrial;Industrial Med;ICU;50;99;87
**ID_06739?Q;2026-10-26;West;Westview Hospital;General;74;93;79
ID-#07980-S!;2026-10-20;North;Northside Clinic;ICU;46;93;111
ID-#06699-M!;2026-10-09;West;Westview Hospital;General;66;95;83
ID-#05820-M!;2026-10-26;North;Northern Medical;ICU;80;98;80
ID-#00291-E!;2026-10-20;Waterfront;Bayview Hospital;ICU;60;95;70
ID-#01636-N!;2026-10-19;East;Eastern Health;General;62;88;71
ID-#02795-L!;2026-10-24;Industrial;Industrial Med;General;88;88;76
ID-#03815-A!;2026-10-07;Waterfront;Bayview Hospital;ER;62;98;70
ID-#00535-L!;2026-10-21;South;South Park Hospital;ER;42;-;100
ID-#03672-G!;2026-10-29;Central;Central Care;General;47;93;92
ID-#00650-D!;2026-10-23;Industrial;Workers Health Center;ER;41;90;112
ID-#01728-O!;2026-10-24;East;East Point Med;General;73;84;89
ID-#00250-S!;2026-10-31;South;South Park Hospital;General;34;98;77
ID-#05343-P!;2026-10-23;Industrial;Workers Health Center;ER;76;88;114
ID-#05490-T!;2026-10-19;North;Northside Clinic;ICU;42;95;110
ID-#03655-B!;2026-10-09;South;South Park Hospital;ICU;77;93;86
ID-#05118-T!;2026-10-29;Waterfront;Bayview Hospital;General;48;100;110
ID-#05396-H!;2026-10-20;Central;Central Care;ICU;89;97;100
ID-#05819-W!;2026-10-23;Waterfront;Bayview Hospital;ER;35;93;114
ID-#07432-B!;2026-10-26;Central;Central Care;ER;43;100;103
**ID_05805?F;2026-10-25;Central;Metropolis General;ER;62;97;114
ID-#07565-N!;2026-10-24;North;Northern Medical;ER;72;93;105
ID-#00042-J!;2026-10-03;Central;Metropolis General;ER;-;98;120
ID-#01963-Y!;2026-10-23;Industrial;Workers Health Center;ER;30;80;76
ID-#03674-S!;2026-10-11;East;Eastern Health;General;26;97;85
ID-#07124-L!;2026-10-12;Industrial;Industrial Med;ER;76;94;102
ID-#04470-J!;2026-10-24;Central;Metropolis General;General;54;95;84
ID-#01571-C!;2026-10-27;Waterfront;Bayview Hospital;General;19;99;94
ID-#00044-X!;2026-10-22;North;Northern Medical;Observation;50;96;120
ID-#01700-V!;2026-10-23;North;Northern Medical;ER;87;100;103
ID-#07983-D!;2026-10-19;East;East Point Med;ICU;68;80;81
ID-#06021-J!;2026-10-12;Waterfront;Bayview Hospital;ER;20;97;114
ID-#02632-X!;2026-10-28;North;Northside Clinic;ICU;-;-;87
ID-#06349-N!;2026-10-22;North;Northern Medical;ER;-;99;70
ID-#04797-A!;2026-10-22;Central;Metropolis General;ER;29;94;81
ID-#02039-Y!;2026-10-19;North;Northside Clinic;General;21;95;102
ID-#00198-A!;2026-10-25;Waterfront;Bayview Hospital;General;24;100;108
**ID_02257?F;2026-10-23;South;South Park Hospital;ICU;68;95;76
ID-#05770-D!;2026-10-31;South;South Park Hospital;General;-;98;75
ID-#06560-R!;2026-10-10;Central;Metropolis General;ICU;58;100;98
ID-#02054-C!;2026-10-29;North;Northside Clinic;General;87;96;79
**ID_06610?O;2026-10-20;East;Eastern Health;General;49;90;84
ID-#01743-M!;2026-10-12;Waterfront;Bayview Hospital;ICU;82;97;80
ID-#01098-O!;2026-10-25;North;Northern Medical;ER;59;95;101
ID-#02093-R!;2026-10-24;West;Westview Hospital;ER;20;95;100
ID-#05690-T!;2026-10-21;West;Westview Hospital;ICU;25;93;94
ID-#06891-P!;2026-10-21;Industrial;Workers Health Center;General;58;88;107
ID-#07545-Z!;2026-10-23;South;South Park Hospital;ER;-;93;86
ID-#02383-Y!;2026-10-23;North;Northern Medical;General;56;93;72
ID-#02104-G!;2026-10-25;East;East Point Med;ER;68;89;89
ID-#01961-P!;2026-10-12;Waterfront;Bayview Hospital;ER;57;95;109
**ID_04508?B;2026-10-06;Industrial;Workers Health Center;ER;88;97;79
ID-#00958-P!;2026-10-10;West;Westview Hospital;ICU;47;95;99
ID-#06045-W!;2026-10-12;East;Eastern Health;ICU;56;95;108
ID-#02029-J!;2026-10-23;Industrial;Workers Health Center;General;-;90;114
ID-#00274-A!;2026-10-31;South;South Park Hospital;General;70;100;107
ID-#07547-W!;2026-10-12;South;South Park Hospital;ER;88;94;109
ID-#05926-D!;2026-10-22;Industrial;Industrial Med;Observation;65;80;N/A
ID-#01551-Z!;2026-10-21;Waterfront;Bayview Hospital;General;18;95;111
ID-#05445-S!;2026-10-19;East;East Point Med;General;72;83;82
ID-#05604-G!;2026-10-21;Industrial;Workers Health Center;ICU;76;82;72
ID-#03010-U!;2026-10-04;North;Northside Clinic;General;33;97;114
**ID_00194?E;2026-10-13;Industrial;Industrial Med;General;-;98;97
ID-#03364-K!;2026-10-12;West;Westview Hospital;Observation;88;100;110
ID-#05585-G!;2026-10-21;East;Eastern Health;ER;70;88;83
ID-#00224-K!;2026-10-25;South;South Park Hospital;ICU;63;94;111
**ID_00773?C;2026-10-19;Waterfront;Bayview Hospital;Observation;30;97;98
ID-#04141-M!;2026-10-26;South;South Park Hospital;ICU;59;97;71
ID-#06506-Z!;2026-10-21;East;East Point Med;ICU;78;90;113
ID-#04939-H!;2026-10-31;Waterfront;Bayview Hospital;General;32;98;114
ID-#03789-I!;2026-10-28;Industrial;Industrial Med;General;64;91;86
ID-#08388-A!;2026-10-21;Industrial;Workers Health Center;General;70;84;93
ID-#05382-R!;2026-10-26;West;Westview Hospital;ER;74;96;76
ID-#06720-A!;2026-10-22;North;Northern Medical;ER;85;95;71
ID-#04537-H!;2026-10-21;Waterfront;Bayview Hospital;General;62;100;79
ID-#00544-J!;2026-10-26;North;Northside Clinic;Observation;51;98;97
ID-#07736-J!;2026-10-23;Industrial;Industrial Med;ER;64;88;N/A
ID-#01340-P!;2026-10-21;Waterfront;Bayview Hospital;General;48;98;119
ID-#02890-B!;2026-10-22;Industrial;Industrial Med;ICU;73;81;75
**ID_02819?X;2026-10-19;South;South Park Hospital;General;22;97;106
ID-#04034-H!;2026-10-12;South;South Park Hospital;ICU;58;93;107
ID-#07303-Q!;2026-10-14;Industrial;Workers Health Center;ER;82;96;111
ID-#01287-I!;2026-10-20;Central;Metropolis General;ER;76;96;109
ID-#04010-T!;2026-10-20;Central;Central Care;ICU;88;93;97
ID-#01239-V!;2026-10-28;Waterfront;Bayview Hospital;ER;65;96;113
ID-#05128-V!;2026-10-25;North;Northside Clinic;ER;50;99;86
ID-#00397-X!;2026-10-08;Central;Metropolis General;ER;33;98;112
ID-#05507-H!;2026-10-23;East;Eastern Health;ICU;62;89;97
ID-#02941-K!;2026-10-03;East;Eastern Health;ER;33;96;95
**ID_07470?C;2026-10-26;Industrial;Industrial Med;ER;74;86;99
ID-#04307-G!;2026-10-09;East;East Point Med;ER;81;97;80
ID-#08075-Z!;2026-10-08;Central;Metropolis General;ER;78;98;86
ID-#00855-S!;2026-10-28;East;East Point Med;General;66;90;N/A
ID-#00260-F!;2026-10-30;Central;Metropolis General;Observation;37;95;100
ID-#05387-F!;2026-10-30;Central;Central Care;ER;76;95;113
**ID_08131?L;2026-10-11;Industrial;Workers Health Center;General;31;97;88
ID-#06177-O!;2026-10-22;North;Northside Clinic;General;74;100;115
ID-#08348-D!;2026-10-12;East;Eastern Health;ER;83;98;111
ID-#05648-Z!;2026-10-21;North;Northern Medical;ICU;65;93;99
ID-#03320-F!;2026-10-23;West;Westview Hospital;ICU;82;95;71
ID-#04313-U!;2026-10-23;Waterfront;Bayview Hospital;ER;25;99;118
**ID_04367?T;2026-10-24;Central;Metropolis General;General;46;94;71
ID-#00750-D!;2026-10-23;Waterfront;Bayview Hospital;ICU;63;-;110
**ID_05504?D;2026-10-31;East;Eastern Health;ICU;67;89;109
ID-#02656-T!;2026-10-19;Industrial;Workers Health Center;ICU;-;83;82
ID-#05535-C!;2026-10-26;Central;Metropolis General;ER;64;96;81
ID-#00450-K!;2026-10-23;Industrial;Workers Health Center;ER;27;92;77
ID-#03643-O!;2026-10-25;Waterfront;Bayview Hospital;Observation;89;98;105
ID-#06108-E!;2026-10-19;Industrial;Workers Health Center;Observation;75;81;70
ID-#00643-H!;2026-10-22;South;South Park Hospital;Observation;-;95;92
ID-#05035-K!;2026-10-25;Industrial;Workers Health Center;General;70;-;116
ID-#06301-S!;2026-10-20;East;East Point Med;ICU;30;80;93
ID-#02765-X!;2026-10-15;Central;Metropolis General;ER;18;96;73
**ID_02543?M;2026-10-24;West;Westview Hospital;ICU;59;95;106
ID-#04961-B!;2026-10-26;East;East Point Med;ICU;36;85;108
ID-#05597-S!;2026-10-09;West;Westview Hospital;General;27;99;75
ID-#03363-U!;2026-10-25;Waterfront;Bayview Hospital;ICU;25;95;86
ID-#04161-Z!;2026-10-06;East;Eastern Health;General;69;-;81
ID-#01577-J!;2026-10-12;West;Westview Hospital;General;-;100;107
ID-#02918-E!;2026-10-07;Industrial;Workers Health Center;General;58;97;76
ID-#06532-Z!;2026-10-26;Industrial;Workers Health Center;ICU;72;-;119
ID-#05851-F!;2026-10-27;Central;Central Care;ER;60;98;111
**ID_01391?G;2026-10-13;North;Northern Medical;ER;53;93;73
ID-#03061-Z!;2026-10-20;West;Westview Hospital;General;44;97;103
ID-#00715-D!;2026-10-12;East;Eastern Health;General;-;97;112
ID-#08300-V!;2026-10-30;North;Northern Medical;ER;-;98;109
ID-#06319-U!;2026-10-19;West;Westview Hospital;ER;88;96;96
ID-#08191-N!;2026-10-19;Industrial;Workers Health Center;General;67;85;80
ID-#02327-A!;2026-10-22;Central;Central Care;ER;85;93;N/A
ID-#03700-E!;2026-10-13;South;South Park Hospital;ICU;61;99;120
ID-#03678-I!;2026-10-18;East;Eastern Health;ER;83;95;110
ID-#01948-G!;2026-10-22;Waterfront;Bayview Hospital;General;-;95;73
ID-#00850-W!;2026-10-20;West;Westview Hospital;General;61;93;102
ID-#03377-Z!;2026-10-23;West;Westview Hospital;ICU;45;99;120
ID-#07754-J!;2026-10-24;West;Westview Hospital;ICU;59;97;88
**ID_01209?F;2026-10-08;West;Westview Hospital;General;89;99;72
ID-#02152-J!;2026-10-29;South;South Park Hospital;ICU;74;98;99
**ID_00513?H;2026-10-25;West;Westview Hospital;General;77;-;106
ID-#06603-M!;2026-10-21;East;East Point Med;ICU;54;89;96
ID-#03543-N!;2026-10-22;Industrial;Industrial Med;General;-;88;99
ID-#02611-Z!;2026-10-10;Waterfront;Bayview Hospital;ER;54;94;114
ID-#02999-K!;2026-10-07;Waterfront;Bayview Hospital;ER;37;95;103
ID-#04945-V!;2026-10-21;West;Westview Hospital;ICU;18;97;74
ID-#00153-S!;2026-10-23;West;Westview Hospital;General;-;93;120
ID-#06447-S!;2026-10-13;South;South Park Hospital;ICU;31;96;104
ID-#00367-K!;2026-10-26;Waterfront;Bayview Hospital;ER;70;96;98
ID-#00816-S!;2026-10-17;West;Westview Hospital;ICU;87;99;99
ID-#06961-M!;2026-10-04;Central;Central Care;Observation;77;-;114
ID-#06526-T!;2026-10-27;East;Eastern Health;Observation;33;88;82
ID-#05974-B!;2026-10-06;West;Westview Hospital;ER;52;96;98
ID-#05407-Q!;2026-10-28;North;Northside Clinic;General;31;93;87
**ID_02225?Q;2026-10-26;Central;Central Care;General;58;100;72
ID-#04014-M!;2026-10-26;Industrial;Workers Health Center;ER;20;89;96
ID-#01427-V!;2026-10-23;South;South Park Hospital;ER;58;-;101
ID-#08138-J!;2026-10-25;North;Northside Clinic;General;82;98;89
ID-#05136-P!;2026-10-07;Central;Metropolis General;General;70;95;87
ID-#02803-X!;2026-10-20;Waterfront;Bayview Hospital;ER;27;98;93
ID-#05121-B!;2026-10-22;Central;Central Care;General;64;100;77
ID-#07564-O!;2026-10-07;East;Eastern Health;General;62;93;70
ID-#06209-B!;2026-10-22;South;South Park Hospital;General;19;-;89
ID-#05701-T!;2026-10-22;South;South Park Hospital;Observation;39;100;75
ID-#08258-U!;2026-10-23;Industrial;Workers Health Center;Observation;43;84;74
**ID_04676?Y;2026-10-22;South;South Park Hospital;ICU;37;100;101
ID-#06732-R!;2026-10-04;Central;Central Care;ER;40;99;103
ID-#07208-O!;2026-10-24;South;South Park Hospital;ICU;-;95;119
ID-#01015-P!;2026-10-03;Central;Metropolis General;ER;51;97;103
ID-#01809-K!;2026-10-26;East;Eastern Health;Observation;54;89;108
ID-#04028-M!;2026-10-26;Industrial;Workers Health Center;ER;87;80;73
ID-#05599-N!;2026-10-23;North;Northside Clinic;General;-;100;84
ID-#06227-R!;2026-10-08;East;Eastern Health;ICU;18;-;75
**ID_03115?O;2026-10-06;North;Northside Clinic;Observation;86;96;97
ID-#01154-T!;2026-10-03;West;Westview Hospital;General;22;95;88
ID-#07646-C!;2026-10-13;Industrial;Workers Health Center;Observation;45;93;95
**ID_03112?G;2026-10-19;West;Westview Hospital;ER;55;100;98
ID-#07074-H!;2026-10-18;Central;Central Care;ICU;23;99;95
ID-#01126-B!;2026-10-23;Central;Metropolis General;General;34;98;117
ID-#01229-Q!;2026-10-08;South;South Park Hospital;ER;40;96;86
ID-#00359-Y!;2026-10-10;West;Westview Hospital;ER;72;96;111
ID-#00073-F!;2026-10-22;South;South Park Hospital;ER;75;94;85
ID-#07267-B!;2026-10-21;South;South Park Hospital;ICU;60;94;86
ID-#06500-S!;2026-10-09;North;Northside Clinic;ICU;51;100;N/A
ID-#08027-F!;2026-10-24;South;South Park Hospital;ICU;81;97;107
ID-#03879-Q!;2026-10-24;Industrial;Workers Health Center;Observation;32;86;119
ID-#07377-X!;2026-10-31;South;South Park Hospital;ER;72;95;91
ID-#07072-O!;2026-10-12;North;Northern Medical;ER;-;95;76
ID-#01498-U!;2026-10-07;West;Westview Hospital;ICU;67;96;102
ID-#03001-O!;2026-10-19;Industrial;Industrial Med;ICU;60;90;116
ID-#08017-G!;2026-10-03;North;Northern Medical;General;39;95;74
**ID_06975?J;2026-10-22;Central;Metropolis General;ICU;62;97;91
**ID_01557?F;2026-10-08;North;Northern Medical;ER;48;-;72
ID-#04403-H!;2026-10-07;West;Westview Hospital;General;19;95;112
ID-#03195-S!;2026-10-09;West;Westview Hospital;ICU;53;94;99
ID-#05700-V!;2026-10-03;East;East Point Med;General;21;96;82
**ID_02118?U;2026-10-31;Waterfront;Bayview Hospital;ICU;65;-;109
ID-#02262-O!;2026-10-05;Central;Metropolis General;ER;54;99;103
ID-#02572-U!;2026-10-04;East;East Point Med;ER;32;93;76
ID-#07710-R!;2026-10-11;East;Eastern Health;General;85;99;75
ID-#00236-H!;2026-10-13;North;Northside Clinic;General;57;97;83
ID-#06015-K!;2026-10-22;Waterfront;Bayview Hospital;ER;78;94;104
ID-#00616-O!;2026-10-06;Central;Central Care;General;72;96;100
ID-#01338-H!;2026-10-08;Waterfront;Bayview Hospital;ER;80;99;82
ID-#06386-T!;2026-10-08;South;South Park Hospital;ICU;18;100;106
ID-#08371-Z!;2026-10-26;South;South Park Hospital;ER;67;100;92
ID-#08077-D!;2026-10-13;Waterfront;Bayview Hospital;General;35;100;108
ID-#05695-N!;2026-10-18;Waterfront;Bayview Hospital;ER;79;93;85
ID-#05348-D!;2026-10-23;Central;Central Care;ICU;55;99;89
ID-#01246-K!;2026-10-21;East;East Point Med;ICU;49;89;95
ID-#06774-V!;2026-10-16;North;Northside Clinic;Observation;63;98;87
ID-#01770-V!;2026-10-25;East;East Point Med;ER;45;90;95
ID-#06338-C!;2026-10-21;North;Northside Clinic;General;88;95;N/A
ID-#02219-G!;2026-10-05;Waterfront;Bayview Hospital;ER;75;94;82
ID-#07511-A!;2026-10-23;West;Westview Hospital;ER;88;95;110
ID-#03194-P!;2026-10-22;East;Eastern Health;ER;23;-;71
ID-#05981-L!;2026-10-14;Industrial;Workers Health Center;ICU;34;97;85
ID-#03965-C!;2026-10-27;Central;Central Care;General;61;96;83
ID-#07106-S!;2026-10-04;Waterfront;Bayview Hospital;ICU;29;94;95
ID-#05454-E!;2026-10-26;North;Northside Clinic;General;31;99;77
ID-#04465-R!;2026-10-30;Waterfront;Bayview Hospital;ICU;20;100;118
ID-#02405-B!;2026-10-26;Central;Central Care;General;67;94;81
ID-#00766-Z!;2026-10-10;Industrial;Industrial Med;Observation;40;99;79
ID-#01421-L!;2026-10-22;Industrial;Industrial Med;ER;88;83;117
ID-#03729-G!;2026-10-15;Waterfront;Bayview Hospital;General;89;100;77
ID-#02165-S!;2026-10-26;Central;Central Care;ER;79;97;113
ID-#04530-R!;2026-10-19;West;Westview Hospital;ER;33;98;96
ID-#03020-J!;2026-10-24;Industrial;Workers Health Center;ER;77;88;90
ID-#02797-R!;2026-10-16;Industrial;Industrial Med;Observation;20;97;115
ID-#06489-B!;2026-10-29;South;South Park Hospital;ER;18;93;N/A
ID-#03317-A!;2026-10-13;West;Westview Hospital;ICU;-;99;94
ID-#01441-B!;2026-10-04;West;Westview Hospital;General;57;95;97
ID-#02352-O!;2026-10-24;West;Westview Hospital;General;89;97;74
**ID_03580?N;2026-10-29;Industrial;Workers Health Center;ER;20;86;81
ID-#07081-C!;2026-10-11;East;East Point Med;General;19;100;92
ID-#03512-K!;2026-10-23;North;Northside Clinic;Observation;33;98;77
ID-#07011-E!;2026-10-20;Industrial;Workers Health Center;ER;-;84;102
ID-#03855-S!;2026-10-24;North;Northern Medical;General;76;98;109
**ID_03412?C;2026-10-02;North;Northside Clinic;General;62;100;111
ID-#00144-N!;2026-10-21;East;East Point Med;ER;56;83;104
ID-#03371-H!;2026-10-06;Waterfront;Bayview Hospital;ER;42;-;92
ID-#08076-F!;2026-10-21;West;Westview Hospital;ER;28;98;74
**ID_04586?Q;2026-10-03;North;Northside Clinic;ICU;62;94;90
ID-#01447-Z!;2026-10-28;Central;Metropolis General;ER;88;93;74
ID-#00431-Z!;2026-10-22;South;South Park Hospital;ICU;30;96;101
ID-#07234-D!;2026-10-22;East;East Point Med;ER;47;86;73
ID-#03534-O!;2026-10-24;Waterfront;Bayview Hospital;ER;78;100;119
ID-#03619-S!;2026-10-19;Central;Metropolis General;ICU;71;99;N/A
ID-#00828-D!;2026-10-22;Central;Metropolis General;ER;50;95;80
ID-#02321-R!;2026-10-22;Waterfront;Bayview Hospital;ICU;28;100;79
ID-#06382-B!;2026-10-26;East;Eastern Health;ICU;58;87;90
ID-#06749-Y!;2026-10-25;West;Westview Hospital;ICU;19;98;112
ID-#06203-A!;2026-10-17;Industrial;Workers Health Center;ER;42;100;116
ID-#06463-E!;2026-10-14;South;South Park Hospital;General;89;94;113
ID-#04501-V!;2026-10-24;Industrial;Industrial Med;ER;74;-;86
ID-#00435-B!;2026-10-19;East;Eastern Health;ER;52;91;101
**ID_06294?W;2026-10-25;Waterfront;Bayview Hospital;ER;76;95;118
ID-#04633-S!;2026-10-25;Central;Metropolis General;General;44;100;120
ID-#02913-A!;2026-10-22;Waterfront;Bayview Hospital;ER;33;98;111
ID-#07839-V!;2026-10-24;East;Eastern Health;ER;86;-;71
**ID_07111?T;2026-10-26;East;East Point Med;Observation;37;89;97
ID-#06240-G!;2026-10-19;North;Northside Clinic;ICU;82;99;90
ID-#04743-R!;2026-10-19;Waterfront;Bayview Hospital;ICU;83;94;90
**ID_08321?R;2026-10-26;East;East Point Med;ER;67;-;106
ID-#03142-M!;2026-10-24;East;Eastern Health;ER;67;85;76
ID-#00785-A!;2026-10-14;South;South Park Hospital;ER;20;99;98
ID-#03171-N!;2026-10-26;Waterfront;Bayview Hospital;ICU;58;100;77
ID-#05341-Q!;2026-10-21;Central;Central Care;ICU;53;98;93
ID-#05617-T!;2026-10-15;North;Northern Medical;General;73;94;96
**ID_07862?U;2026-10-03;Industrial;Workers Health Center;ER;-;95;70
ID-#07717-B!;2026-10-11;East;Eastern Health;General;45;96;95
ID-#02767-K!;2026-10-07;South;South Park Hospital;General;59;99;79
ID-#02043-R!;2026-10-10;Waterfront;Bayview Hospital;ER;55;97;107
**ID_05894?G;2026-10-31;Waterfront;Bayview Hospital;ICU;21;99;99
ID-#05532-K!;2026-10-21;Industrial;Industrial Med;ER;73;86;70
ID-#05887-I!;2026-10-25;West;Westview Hospital;ER;25;99;113
ID-#06922-C!;2026-10-26;Waterfront;Bayview Hospital;General;63;96;98
ID-#01450-B!;2026-10-18;Industrial;Industrial Med;General;41;95;86
ID-#04769-Y!;2026-10-23;Industrial;Industrial Med;ER;18;88;102
ID-#07809-W!;2026-10-22;Industrial;Workers Health Center;ER;65;89;87
ID-#03680-D!;2026-10-20;Industrial;Workers Health Center;ICU;79;82;73
ID-#05601-F!;2026-10-10;South;South Park Hospital;ER;62;99;114
ID-#07743-D!;2026-10-24;North;Northside Clinic;General;46;93;88
ID-#08341-O!;2026-10-28;West;Westview Hospital;ER;86;93;113
ID-#03892-K!;2026-10-29;Central;Central Care;ER;71;95;100
ID-#07600-Y!;2026-10-24;South;South Park Hospital;General;61;100;117
ID-#02603-W!;2026-10-26;Central;Metropolis General;General;38;98;119
ID-#07679-M!;2026-10-26;South;South Park Hospital;ICU;46;98;108
ID-#02259-S!;2026-10-25;West;Westview Hospital;General;68;93;71
ID-#01885-S!;2026-10-18;East;Eastern Health;ER;28;98;88
ID-#06906-Z!;2026-10-20;Industrial;Industrial Med;General;79;86;92
ID-#07944-B!;2026-10-25;North;Northside Clinic;ER;56;98;81
ID-#06655-S!;2026-10-15;West;Westview Hospital;ER;85;97;96
ID-#04639-U!;2026-10-26;Central;Central Care;ICU;29;100;88
**ID_07122?P;2026-10-11;North;Northside Clinic;ICU;83;96;96
ID-#00326-A!;2026-10-09;South;South Park Hospital;ICU;-;96;74
ID-#04395-Y!;2026-10-24;South;South Park Hospital;General;75;93;93
ID-#01914-P!;2026-10-30;West;Westview Hospital;Observation;80;98;118
ID-#05241-S!;2026-10-20;West;Westview Hospital;General;67;97;102
ID-#06089-K!;2026-10-22;West;Westview Hospital;General;52;94;90
ID-#01480-F!;2026-10-12;Industrial;Workers Health Center;ER;73;99;98
ID-#01025-P!;2026-10-22;Industrial;Workers Health Center;ER;85;88;94
ID-#05375-L!;2026-10-29;West;Westview Hospital;General;40;97;120
ID-#07590-I!;2026-10-13;Central;Central Care;ICU;87;99;108
ID-#03981-D!;2026-10-21;Waterfront;Bayview Hospital;ER;79;-;92
ID-#02599-U!;2026-10-25;South;South Park Hospital;ICU;18;94;109
ID-#03765-D!;2026-10-08;South;South Park Hospital;ER;40;96;119
ID-#04095-E!;2026-10-25;East;East Point Med;ER;18;89;119
**ID_04738?L;2026-10-23;East;Eastern Health;ER;76;80;N/A
ID-#01819-X!;2026-10-02;West;Westview Hospital;General;20;100;78
ID-#00808-J!;2026-10-25;South;South Park Hospital;General;-;98;72
ID-#02271-Q!;2026-10-20;Waterfront;Bayview Hospital;ER;69;100;117
ID-#07615-G!;2026-10-27;East;Eastern Health;ICU;76;80;78
ID-#02771-W!;2026-10-19;Waterfront;Bayview Hospital;Observation;84;99;112
**ID_06545?Q;2026-10-21;Industrial;Workers Health Center;ER;88;92;102
ID-#01175-R!;2026-10-16;Central;Metropolis General;General;65;96;N/A
ID-#02439-P!;2026-10-26;North;Northside Clinic;ICU;74;96;107
ID-#00970-S!;2026-10-23;West;Westview Hospital;General;35;95;105
ID-#07840-J!;2026-10-22;East;Eastern Health;General;21;-;104
ID-#07756-R!;2026-10-27;Central;Metropolis General;General;28;100;77
ID-#06434-G!;2026-10-02;South;South Park Hospital;ER;77;97;90
**ID_06759?V;2026-10-21;Waterfront;Bayview Hospital;ER;60;94;104
ID-#05209-P!;2026-10-10;Waterfront;Bayview Hospital;ICU;43;93;83
ID-#08277-T!;2026-10-30;West;Westview Hospital;ER;32;94;70
ID-#00510-A!;2026-10-10;West;Westview Hospital;ER;67;98;86
ID-#07528-B!;2026-10-27;Central;Central Care;General;61;93;99
ID-#04543-M!;2026-10-25;West;Westview Hospital;General;43;97;95
ID-#03511-B!;2026-10-05;South;South Park Hospital;Observation;80;94;88
ID-#01081-F!;2026-10-24;North;Northern Medical;ER;31;99;86
ID-#06910-X!;2026-10-31;South;South Park Hospital;General;87;95;87
ID-#04001-N!;2026-10-29;Central;Central Care;ICU;67;99;92
ID-#00703-R!;2026-10-23;North;Northern Medical;Observation;18;97;101
ID-#07194-N!;2026-10-25;Waterfront;Bayview Hospital;ER;-;93;89
ID-#03105-W!;2026-10-25;South;South Park Hospital;ER;64;-;104
ID-#00518-C!;2026-10-21;Waterfront;Bayview Hospital;General;73;-;107
ID-#05855-Z!;2026-10-25;West;Westview Hospital;General;87;98;88
ID-#07096-K!;2026-10-02;East;Eastern Health;General;-;97;117
ID-#00819-J!;2026-10-23;East;East Point Med;General;39;92;109
ID-#06323-L!;2026-10-19;East;Eastern Health;ICU;38;82;75
ID-#03578-M!;2026-10-21;Central;Central Care;General;47;98;101
**ID_00595?D;2026-10-30;East;East Point Med;General;24;89;98
**ID_00377?Q;2026-10-22;South;South Park Hospital;ICU;86;98;108
**ID_03717?Z;2026-10-22;Waterfront;Bayview Hospital;ER;33;95;107
ID-#00321-U!;2026-10-22;Industrial;Workers Health Center;ER;56;87;105
ID-#00900-V!;2026-10-25;East;Eastern Health;ICU;56;87;75
**ID_06855?T;2026-10-12;North;Northern Medical;ER;47;94;73
**ID_02110?C;2026-10-22;Industrial;Workers Health Center;General;58;82;108
ID-#01174-P!;2026-10-20;South;South Park Hospital;Observation;34;94;101
ID-#07998-N!;2026-10-02;East;Eastern Health;ICU;-;93;96
ID-#02136-T!;2026-10-25;Central;Central Care;ER;60;99;100
ID-#06358-V!;2026-10-28;Central;Central Care;ICU;78;96;100
ID-#08306-W!;2026-10-26;West;Westview Hospital;General;33;95;112
ID-#00438-R!;2026-10-20;East;Eastern Health;ER;18;85;117
ID-#03148-P!;2026-10-25;South;South Park Hospital;General;42;94;89
ID-#03818-B!;2026-10-21;South;South Park Hospital;General;43;96;119
ID-#03343-X!;2026-10-17;Central;Central Care;Observation;18;100;82
ID-#00104-D!;2026-10-22;Waterfront;Bayview Hospital;General;82;100;99
ID-#02975-I!;2026-10-26;East;East Point Med;ICU;90;82;115
ID-#03860-S!;2026-10-23;Industrial;Industrial Med;General;32;86;110
ID-#05027-K!;2026-10-19;North;Northern Medical;General;29;97;71
ID-#03620-R!;2026-10-04;Industrial;Workers Health Center;ER;74;93;N/A
ID-#03024-E!;2026-10-05;West;Westview Hospital;ER;29;95;99
**ID_03135?G;2026-10-19;Industrial;Industrial Med;ER;82;85;84
ID-#06284-U!;2026-10-15;Industrial;Workers Health Center;ER;86;93;79
ID-#02157-T!;2026-10-23;Waterfront;Bayview Hospital;ICU;87;95;86
ID-#06058-A!;2026-10-20;Waterfront;Bayview Hospital;ER;70;97;83
ID-#07738-L!;2026-10-26;Waterfront;Bayview Hospital;ICU;50;99;107
ID-#01279-W!;2026-10-19;Waterfront;Bayview Hospital;ER;61;93;109
ID-#02472-X!;2026-10-25;East;Eastern Health;ER;44;88;88
ID-#00021-Q!;2026-10-25;Waterfront;Bayview Hospital;General;61;96;113
ID-#07063-T!;2026-10-20;West;Westview Hospital;General;86;93;98
ID-#00467-B!;2026-10-07;South;South Park Hospital;General;73;100;104
ID-#06601-Z!;2026-10-03;North;Northern Medical;ER;41;93;118
ID-#05595-A!;2026-10-15;East;East Point Med;ER;53;93;104
ID-#00020-Z!;2026-10-08;West;Westview Hospital;ICU;39;99;93
ID-#04305-K!;2026-10-17;Industrial;Workers Health Center;ER;-;96;82
ID-#05534-Y!;2026-10-18;East;Eastern Health;ICU;81;94;N/A
ID-#06973-V!;2026-10-25;South;South Park Hospital;General;70;93;115
ID-#08298-C!;2026-10-17;North;Northside Clinic;Observation;29;93;118
ID-#05271-J!;2026-10-06;Waterfront;Bayview Hospital;ER;83;94;101
ID-#03278-Z!;2026-10-09;Industrial;Workers Health Center;ER;56;95;83
ID-#08240-I!;2026-10-23;West;Westview Hospital;ER;75;94;112
ID-#05775-F!;2026-10-31;Waterfront;Bayview Hospital;ICU;73;97;112
ID-#01478-O!;2026-10-28;West;Westview Hospital;ER;-;94;81
ID-#02245-B!;2026-10-20;North;Northern Medical;ER;76;99;88
ID-#03713-X!;2026-10-21;Waterfront;Bayview Hospital;ER;55;97;118
ID-#08234-L!;2026-10-29;South;South Park Hospital;ER;85;95;70
**ID_01310?D;2026-10-23;North;Northern Medical;ICU;66;97;116
ID-#07384-L!;2026-10-20;Central;Metropolis General;General;64;95;114
**ID_03913?T;2026-10-05;Industrial;Workers Health Center;General;-;96;120
**ID_04898?I;2026-10-23;East;Eastern Health;ER;37;91;96
ID-#00440-H!;2026-10-21;West;Westview Hospital;General;62;97;109
ID-#06467-M!;2026-10-23;West;Westview Hospital;General;59;99;98
ID-#02050-T!;2026-10-26;East;East Point Med;General;32;-;88
ID-#02092-V!;2026-10-27;Waterfront;Bayview Hospital;Observation;48;93;73
ID-#08463-P!;2026-10-04;North;Northside Clinic;General;23;95;71
ID-#08107-K!;2026-10-21;North;Northside Clinic;ER;74;93;91
ID-#01457-E!;2026-10-16;Waterfront;Bayview Hospital;ER;24;96;94
ID-#03753-Y!;2026-10-05;Central;Central Care;ICU;53;94;82
ID-#02597-H!;2026-10-12;East;Eastern Health;General;64;95;100
ID-#06363-J!;2026-10-03;North;Northern Medical;General;28;96;N/A
ID-#03435-A!;2026-10-22;West;Westview Hospital;General;65;97;75
ID-#01361-V!;2026-10-07;South;South Park Hospital;ER;79;96;90
ID-#04151-J!;2026-10-30;East;Eastern Health;ICU;72;91;92
ID-#08126-M!;2026-10-07;East;Eastern Health;ICU;47;100;75
ID-#08228-V!;2026-10-27;South;South Park Hospital;ICU;76;99;99
ID-#04806-T!;2026-10-20;North;Northside Clinic;ICU;66;93;94
ID-#05362-S!;2026-10-16;West;Westview Hospital;General;38;94;76
ID-#08460-P!;2026-10-07;South;South Park Hospital;ER;20;98;71
ID-#07272-K!;2026-10-23;West;Westview Hospital;ER;56;94;83
ID-#00085-C!;2026-10-22;East;Eastern Health;ER;79;82;95
**ID_08245?P;2026-10-24;North;Northside Clinic;General;40;99;118
ID-#03517-Q!;2026-10-04;South;South Park Hospital;ICU;29;95;115
ID-#01339-C!;2026-10-26;North;Northern Medical;ER;46;97;111
**ID_00853?S;2026-10-03;East;Eastern Health;ER;52;100;86
ID-#01763-D!;2026-10-29;Industrial;Workers Health Center;ER;81;84;102
ID-#05470-V!;2026-10-24;North;Northern Medical;ER;79;97;114
ID-#01042-I!;2026-10-19;South;South Park Hospital;Observation;86;96;102
ID-#05221-U!;2026-10-27;South;South Park Hospital;General;62;100;102
ID-#08347-G!;2026-10-21;North;Northern Medical;Observation;33;99;83
ID-#05390-G!;2026-10-19;West;Westview Hospital;General;52;93;99
ID-#04762-U!;2026-10-25;East;Eastern Health;ER;-;-;112
ID-#04416-N!;2026-10-21;South;South Park Hospital;ICU;87;94;86
ID-#07773-C!;2026-10-20;Waterfront;Bayview Hospital;ER;32;98;88
ID-#05551-U!;2026-10-18;Waterfront;Bayview Hospital;Observation;20;96;N/A
ID-#05162-Q!;2026-10-22;Waterfront;Bayview Hospital;ER;25;-;118
ID-#00632-U!;2026-10-19;Waterfront;Bayview Hospital;General;89;99;81
**ID_04860?G;2026-10-26;Industrial;Workers Health Center;ER;45;81;120
ID-#03052-N!;2026-10-19;North;Northern Medical;ICU;32;95;89
ID-#03416-T!;2026-10-04;Industrial;Industrial Med;Observation;28;97;107
ID-#07938-O!;2026-10-19;Waterfront;Bayview Hospital;ER;35;97;88
ID-#05758-F!;2026-10-20;South;South Park Hospital;ICU;68;97;86
ID-#07225-Y!;2026-10-24;Industrial;Industrial Med;ER;-;86;91
ID-#04926-O!;2026-10-30;Central;Metropolis General;ER;90;100;79
ID-#06740-R!;2026-10-08;Central;Central Care;ER;28;96;74
ID-#03431-G!;2026-10-07;Industrial;Workers Health Center;General;54;99;75
ID-#05193-Z!;2026-10-27;West;Westview Hospital;Observation;52;94;120
ID-#07087-N!;2026-10-11;South;South Park Hospital;ER;37;100;98
**ID_08178?W;2026-10-13;South;South Park Hospital;ICU;19;98;114
ID-#00870-H!;2026-10-31;North;Northside Clinic;General;78;94;82
ID-#07613-Z!;2026-10-20;West;Westview Hospital;ER;46;100;108
ID-#04170-D!;2026-10-19;Industrial;Workers Health Center;ER;42;84;81
ID-#00241-R!;2026-10-29;North;Northern Medical;ER;27;98;120
**ID_00987?I;2026-10-21;North;Northside Clinic;ER;30;96;73
ID-#01637-F!;2026-10-13;Central;Central Care;ER;32;96;115
ID-#02198-U!;2026-10-15;Central;Central Care;ICU;19;97;80
ID-#02125-M!;2026-10-03;Central;Central Care;General;88;95;115
**ID_04554?S;2026-10-06;West;Westview Hospital;General;-;96;108
ID-#00530-H!;2026-10-26;Industrial;Workers Health Center;ER;18;89;95
**ID_07775?J;2026-10-17;West;Westview Hospital;General;85;93;92
ID-#01630-I!;2026-10-22;North;Northside Clinic;General;66;97;114
ID-#07153-B!;2026-10-03;Industrial;Industrial Med;ICU;30;100;95
ID-#07958-L!;2026-10-29;South;South Park Hospital;General;56;93;90
ID-#06191-Y!;2026-10-31;North;Northern Medical;General;74;95;79
ID-#03817-P!;2026-10-24;West;Westview Hospital;ICU;73;95;97
**ID_02948?Z;2026-10-26;Waterfront;Bayview Hospital;General;79;98;72
ID-#08342-Z!;2026-10-20;East;East Point Med;ER;66;88;86
ID-#02655-U!;2026-10-22;North;Northside Clinic;General;-;-;87
ID-#05205-M!;2026-10-08;East;East Point Med;ER;28;94;102
ID-#02117-Z!;2026-10-18;Central;Metropolis General;ER;23;93;113
ID-#04589-J!;2026-10-31;Industrial;Workers Health Center;ER;-;-;104
**ID_07176?P;2026-10-16;Central;Metropolis General;Observation;47;95;81
**ID_06770?Y;2026-10-03;South;South Park Hospital;ER;58;98;112
ID-#07098-E!;2026-10-20;South;South Park Hospital;ER;85;95;118
ID-#05340-C!;2026-10-23;North;Northern Medical;General;55;96;113
ID-#04103-W!;2026-10-16;Central;Central Care;ER;30;95;112
ID-#02040-I!;2026-10-19;Waterfront;Bayview Hospital;ICU;76;94;74
ID-#06035-D!;2026-10-25;South;South Park Hospital;General;71;-;94
ID-#06450-I!;2026-10-30;Waterfront;Bayview Hospital;General;70;96;87
ID-#07686-H!;2026-10-16;West;Westview Hospital;Observation;73;98;113
ID-#03631-C!;2026-10-26;South;South Park Hospital;ER;-;98;79
ID-#00978-B!;2026-10-31;East;East Point Med;ICU;62;85;81
ID-#07086-L!;2026-10-14;South;South Park Hospital;ER;35;98;86
ID-#08447-H!;2026-10-25;Waterfront;Bayview Hospital;ER;26;96;91
ID-#05954-Z!;2026-10-04;Industrial;Industrial Med;ER;82;96;81
ID-#07584-A!;2026-10-25;Waterfront;Bayview Hospital;ICU;84;97;118
ID-#06793-Q!;2026-10-23;South;South Park Hospital;General;77;94;100
ID-#08094-F!;2026-10-20;Industrial;Workers Health Center;Observation;57;85;100
ID-#07159-P!;2026-10-25;Central;Metropolis General;Observation;19;99;78
ID-#00146-A!;2026-10-26;Central;Central Care;General;44;99;89
ID-#01891-Q!;2026-10-19;Waterfront;Bayview Hospital;ICU;66;94;119
ID-#01524-M!;2026-10-25;South;South Park Hospital;ER;76;93;107
ID-#06018-I!;2026-10-19;Industrial;Workers Health Center;ER;53;88;84
ID-#01114-A!;2026-10-14;West;Westview Hospital;ER;30;93;94
**ID_03257?I;2026-10-10;Waterfront;Bayview Hospital;ICU;66;99;90
ID-#00668-S!;2026-10-05;North;Northern Medical;General;61;93;92
ID-#03354-A!;2026-10-23;Waterfront;Bayview Hospital;ICU;71;99;114
ID-#04674-E!;2026-10-30;Waterfront;Bayview Hospital;ER;28;95;106
ID-#03939-T!;2026-10-26;West;Westview Hospital;ER;38;99;74
ID-#06401-J!;2026-10-22;West;Westview Hospital;ICU;34;98;91
ID-#03262-F!;2026-10-06;West;Westview Hospital;General;23;96;116
ID-#02044-U!;2026-10-04;West;Westview Hospital;Observation;79;100;97
ID-#00989-M!;2026-10-27;North;Northern Medical;General;64;98;88
**ID_06894?U;2026-10-22;Industrial;Workers Health Center;ER;74;84;90
ID-#02370-Y!;2026-10-25;East;East Point Med;ER;90;91;118
ID-#06996-M!;2026-10-21;Waterfront;Bayview Hospital;General;-;95;112
**ID_08462?M;2026-10-05;Industrial;Workers Health Center;General;67;95;74
ID-#04262-F!;2026-10-20;Industrial;Industrial Med;ER;71;88;83
ID-#04858-E!;2026-10-05;Central;Metropolis General;ER;73;-;97
ID-#04531-U!;2026-10-19;Central;Metropolis General;ER;28;97;110
ID-#00796-S!;2026-10-23;Waterfront;Bayview Hospital;ER;86;100;98
ID-#03688-N!;2026-10-24;Central;Central Care;ICU;47;100;N/A
ID-#06381-S!;2026-10-25;Central;Metropolis General;ER;28;-;101
ID-#08206-B!;2026-10-05;West;Westview Hospital;General;62;96;104
ID-#07378-C!;2026-10-25;Central;Central Care;ICU;83;94;70
**ID_01312?H;2026-10-20;South;South Park Hospital;ER;88;96;117
ID-#00706-L!;2026-10-26;Industrial;Workers Health Center;ER;25;89;118
ID-#04535-E!;2026-10-25;West;Westview Hospital;ICU;44;99;104
ID-#07197-J!;2026-10-15;Waterfront;Bayview Hospital;ICU;64;93;N/A
ID-#06290-P!;2026-10-08;North;Northern Medical;ER;69;94;120
ID-#01462-A!;2026-10-26;Waterfront;Bayview Hospital;ER;52;96;73
ID-#05050-I!;2026-10-24;Industrial;Workers Health Center;General;37;82;120
ID-#06206-Z!;2026-10-13;Industrial;Workers Health Center;ER;49;96;74
ID-#07626-A!;2026-10-23;West;Westview Hospital;General;65;94;73
ID-#03444-V!;2026-10-25;Industrial;Industrial Med;ER;74;90;84
ID-#03103-I!;2026-10-30;North;Northside Clinic;ER;28;100;76
ID-#00148-O!;2026-10-26;North;Northern Medical;General;67;93;108
ID-#00880-U!;2026-10-28;Waterfront;Bayview Hospital;ER;55;97;105
ID-#00220-M!;2026-10-06;North;Northern Medical;General;42;96;99
ID-#03577-S!;2026-10-13;South;South Park Hospital;ER;73;100;118
ID-#07151-Y!;2026-10-20;North;Northside Clinic;General;67;95;112
ID-#06929-X!;2026-10-13;South;South Park Hospital;Observation;19;-;114
ID-#05255-W!;2026-10-24;Central;Central Care;Observation;56;100;117
ID-#01591-D!;2026-10-22;South;South Park Hospital;ER;53;100;71
ID-#05030-X!;2026-10-08;West;Westview Hospital;ER;38;94;80
**ID_02927?C;2026-10-06;Waterfront;Bayview Hospital;ICU;80;94;79
ID-#05075-E!;2026-10-27;West;Westview Hospital;Observation;50;96;95
ID-#03941-Y!;2026-10-07;Waterfront;Bayview Hospital;ER;61;96;119
ID-#07163-C!;2026-10-05;North;Northern Medical;ER;74;93;101
ID-#06265-O!;2026-10-25;Central;Central Care;General;81;94;77
ID-#00578-H!;2026-10-19;West;Westview Hospital;ICU;84;93;105
ID-#00775-Q!;2026-10-21;West;Westview Hospital;ICU;51;98;110
ID-#00206-B!;2026-10-26;Waterfront;Bayview Hospital;ER;73;93;98
ID-#04865-W!;2026-10-22;North;Northside Clinic;ER;49;97;92
ID-#02831-Z!;2026-10-23;East;East Point Med;General;70;88;71
ID-#07344-B!;2026-10-21;West;Westview Hospital;ER;86;93;114
ID-#07935-D!;2026-10-02;Industrial;Industrial Med;Observation;47;93;87
ID-#05005-H!;2026-10-22;East;East Point Med;ICU;55;80;75
ID-#01853-J!;2026-10-02;East;East Point Med;Observation;40;93;81
ID-#07157-K!;2026-10-17;North;Northern Medical;ER;54;100;109
ID-#06596-P!;2026-10-18;Central;Metropolis General;General;90;100;85
ID-#05686-X!;2026-10-19;Central;Central Care;ICU;62;95;N/A
ID-#00135-L!;2026-10-20;West;Westview Hospital;Observation;47;99;82
ID-#01378-H!;2026-10-28;West;Westview Hospital;ICU;43;93;110
ID-#00568-W!;2026-10-27;Waterfront;Bayview Hospital;Observation;25;100;81
ID-#00992-B!;2026-10-06;West;Westview Hospital;General;29;93;112
ID-#03554-Z!;2026-10-15;Central;Metropolis General;ER;46;93;85
ID-#01439-J!;2026-10-19;West;Westview Hospital;General;60;-;101
ID-#06525-K!;2026-10-26;East;Eastern Health;ICU;34;89;118
ID-#04477-K!;2026-10-25;Waterfront;Bayview Hospital;ER;32;97;83
ID-#03131-W!;2026-10-10;Central;Central Care;ICU;46;98;73
ID-#06175-V!;2026-10-28;Waterfront;Bayview Hospital;General;57;95;72
ID-#00312-E!;2026-10-31;Industrial;Industrial Med;ER;86;89;76
ID-#00331-F!;2026-10-07;West;Westview Hospital;General;80;98;79
ID-#08209-L!;2026-10-29;West;Westview Hospital;General;43;93;96
ID-#04167-I!;2026-10-19;North;Northside Clinic;ER;61;94;96
ID-#00561-Q!;2026-10-27;North;Northside Clinic;ER;84;95;95
ID-#05520-V!;2026-10-26;North;Northside Clinic;ER;85;94;84
ID-#02194-G!;2026-10-11;Waterfront;Bayview Hospital;Observation;35;95;79
ID-#05194-H!;2026-10-10;North;Northside Clinic;ICU;35;97;N/A
ID-#06964-C!;2026-10-05;South;South Park Hospital;ICU;78;94;117
ID-#01452-Z!;2026-10-21;Industrial;Workers Health Center;Observation;-;82;115
ID-#04697-O!;2026-10-28;East;Eastern Health;ICU;48;92;86
**ID_02500?H;2026-10-10;East;Eastern Health;General;87;95;116
ID-#05481-Q!;2026-10-10;Industrial;Workers Health Center;ER;79;98;88
ID-#00269-O!;2026-10-24;West;Westview Hospital;General;90;99;78
ID-#01414-T!;2026-10-05;North;Northside Clinic;General;85;96;90
ID-#03691-I!;2026-10-08;North;Northern Medical;ER;67;96;77
ID-#01906-W!;2026-10-23;Central;Metropolis General;General;23;95;115
**ID_07933?V;2026-10-10;East;Eastern Health;ER;32;100;98
**ID_02111?X;2026-10-21;East;East Point Med;ICU;33;82;96
ID-#05943-D!;2026-10-23;South;South Park Hospital;ICU;67;95;84
**ID_06473?F;2026-10-06;East;Eastern Health;ER;79;100;110
ID-#07732-Y!;2026-10-20;South;South Park Hospital;General;77;98;117
ID-#01580-E!;2026-10-05;East;Eastern Health;General;83;96;94
ID-#04192-N!;2026-10-24;South;South Park Hospital;ER;36;100;91
ID-#06347-Q!;2026-10-08;Central;Metropolis General;General;85;94;79
ID-#04802-X!;2026-10-25;South;South Park Hospital;Observation;53;96;98
ID-#03110-H!;2026-10-10;West;Westview Hospital;General;61;99;93
**ID_03423?A;2026-10-21;Waterfront;Bayview Hospital;ER;77;96;84
ID-#00847-M!;2026-10-25;Waterfront;Bayview Hospital;General;65;96;79
ID-#00503-X!;2026-10-14;West;Westview Hospital;ER;50;-;99
ID-#03885-T!;2026-10-27;East;East Point Med;ER;-;-;112
ID-#00388-C!;2026-10-16;West;Westview Hospital;ICU;41;94;112
ID-#05129-V!;2026-10-21;Central;Metropolis General;ER;54;95;81
ID-#08054-I!;2026-10-17;Central;Metropolis General;Observation;70;96;93
ID-#02862-Q!;2026-10-19;Waterfront;Bayview Hospital;ER;57;99;89
ID-#02306-T!;2026-10-26;South;South Park Hospital;ICU;-;97;75
ID-#02376-L!;2026-10-21;South;South Park Hospital;ICU;56;95;110
ID-#02053-L!;2026-10-22;East;East Point Med;ER;23;-;103
ID-#02633-G!;2026-10-27;Waterfront;Bayview Hospital;ER;88;97;99
ID-#06970-C!;2026-10-15;South;South Park Hospital;General;73;95;115
ID-#01750-Z!;2026-10-21;South;South Park Hospital;ER;41;100;82
ID-#06638-M!;2026-10-22;South;South Park Hospital;ER;41;98;92
**ID_00132?L;2026-10-24;East;East Point Med;ER;67;88;118
ID-#01882-I!;2026-10-25;South;South Park Hospital;ER;55;99;99
**ID_05330?V;2026-10-18;Waterfront;Bayview Hospital;Observation;83;94;115
ID-#02842-D!;2026-10-23;West;Westview Hospital;ER;72;96;89
ID-#01738-Q!;2026-10-29;North;Northside Clinic;ER;42;95;79
ID-#01271-J!;2026-10-02;West;Westview Hospital;ER;89;94;N/A
ID-#06402-C!;2026-10-25;East;Eastern Health;ICU;89;90;83
ID-#03558-Z!;2026-10-23;Central;Central Care;ER;55;99;79
ID-#06211-A!;2026-10-19;South;South Park Hospital;ER;26;97;74
ID-#06116-E!;2026-10-21;East;Eastern Health;ICU;41;85;72
ID-#01828-S!;2026-10-15;South;South Park Hospital;ER;67;99;104
ID-#03567-X!;2026-10-21;West;Westview Hospital;Observation;78;93;71
ID-#04364-K!;2026-10-19;Industrial;Workers Health Center;ER;30;91;116
ID-#04181-N!;2026-10-13;North;Northern Medical;ICU;-;100;109
ID-#05052-K!;2026-10-25;East;Eastern Health;General;36;87;96
ID-#04848-E!;2026-10-21;North;Northside Clinic;General;50;95;97
ID-#00661-S!;2026-10-19;Waterfront;Bayview Hospital;ER;21;93;86
ID-#00874-W!;2026-10-04;Waterfront;Bayview Hospital;ICU;33;97;95
ID-#05133-M!;2026-10-21;Waterfront;Bayview Hospital;ER;-;97;87
ID-#05911-H!;2026-10-13;North;Northern Medical;ICU;45;99;109
ID-#07606-J!;2026-10-20;North;Northern Medical;ER;-;99;108
ID-#06287-R!;2026-10-21;Waterfront;Bayview Hospital;ER;25;98;110
ID-#03738-W!;2026-10-09;West;Westview Hospital;General;60;96;85
ID-#07229-I!;2026-10-23;West;Westview Hospital;ER;78;95;N/A
ID-#02197-I!;2026-10-05;West;Westview Hospital;Observation;33;95;93
**ID_01336?D;2026-10-11;South;South Park Hospital;ER;46;100;N/A
ID-#04240-M!;2026-10-22;East;East Point Med;ICU;51;80;93
ID-#03031-Y!;2026-10-21;West;Westview Hospital;General;31;95;97
ID-#05888-I!;2026-10-19;South;South Park Hospital;ICU;66;96;86
ID-#01531-D!;2026-10-15;Central;Metropolis General;Observation;-;97;78
ID-#04598-V!;2026-10-20;Industrial;Industrial Med;ER;46;90;89
ID-#01393-Z!;2026-10-22;East;Eastern Health;Observation;40;87;78
ID-#01938-Z!;2026-10-22;West;Westview Hospital;ICU;47;96;110
ID-#06220-I!;2026-10-12;Central;Metropolis General;Observation;77;100;90
**ID_01780?P;2026-10-20;North;Northern Medical;ICU;31;95;79
ID-#06224-S!;2026-10-14;West;Westview Hospital;ER;80;98;92
ID-#08278-F!;2026-10-27;North;Northside Clinic;General;31;97;112
ID-#08105-N!;2026-10-25;North;Northern Medical;ICU;53;94;80
ID-#07741-Y!;2026-10-09;North;Northside Clinic;ER;69;98;111
ID-#08184-Z!;2026-10-13;South;South Park Hospital;General;43;95;112
ID-#05863-M!;2026-10-26;West;Westview Hospital;Observation;88;97;76
ID-#05834-R!;2026-10-15;South;South Park Hospital;ER;43;93;105
ID-#00277-T!;2026-10-09;Waterfront;Bayview Hospital;General;87;97;95
ID-#04659-B!;2026-10-25;West;Westview Hospital;ER;44;93;108
ID-#06250-V!;2026-10-08;Waterfront;Bayview Hospital;ER;90;96;102
ID-#05619-P!;2026-10-23;South;South Park Hospital;ER;42;95;88
ID-#01002-B!;2026-10-11;Industrial;Workers Health Center;General;18;99;83
ID-#00928-H!;2026-10-24;Waterfront;Bayview Hospital;General;49;93;112
ID-#07198-Y!;2026-10-24;North;Northside Clinic;General;79;99;94
**ID_00451?W;2026-10-06;West;Westview Hospital;General;-;100;93
ID-#05674-L!;2026-10-26;Waterfront;Bayview Hospital;ER;58;98;93
ID-#07099-M!;2026-10-18;North;Northside Clinic;ICU;-;94;81
ID-#02387-X!;2026-10-28;Industrial;Workers Health Center;ER;71;86;76
ID-#00320-O!;2026-10-13;Industrial;Industrial Med;General;24;96;106
ID-#00929-D!;2026-10-24;Industrial;Industrial Med;ER;72;-;87
ID-#05423-R!;2026-10-21;West;Westview Hospital;ICU;81;94;80
ID-#01237-D!;2026-10-27;South;South Park Hospital;ER;67;99;102
**ID_07661?C;2026-10-22;Central;Central Care;ICU;41;100;85
**ID_07641?W;2026-10-22;South;South Park Hospital;ER;81;100;101
ID-#04090-H!;2026-10-23;North;Northern Medical;ER;87;100;96
ID-#04039-I!;2026-10-21;West;Westview Hospital;ER;21;99;81
ID-#07651-P!;2026-10-24;North;Northern Medical;ER;-;98;112
ID-#01011-W!;2026-10-25;North;Northern Medical;General;35;96;86
ID-#07275-F!;2026-10-24;South;South Park Hospital;ICU;49;95;N/A
ID-#03603-F!;2026-10-22;West;Westview Hospital;ER;79;96;85
**ID_03397?C;2026-10-23;South;South Park Hospital;ICU;-;95;72
ID-#04325-B!;2026-10-24;Central;Metropolis General;General;50;95;81
ID-#01261-O!;2026-10-30;North;Northern Medical;ER;21;94;93
ID-#07220-V!;2026-10-19;Central;Central Care;ICU;63;95;99
ID-#01950-B!;2026-10-20;West;Westview Hospital;Observation;40;93;115
ID-#02096-N!;2026-10-22;Industrial;Industrial Med;ER;86;85;86
ID-#06289-G!;2026-10-19;Central;Central Care;General;48;94;85
ID-#03231-L!;2026-10-25;Industrial;Industrial Med;ICU;33;92;118
ID-#07237-T!;2026-10-07;Central;Central Care;ER;68;99;78
ID-#07238-E!;2026-10-22;East;East Point Med;General;25;87;78
ID-#05097-Y!;2026-10-24;Waterfront;Bayview Hospital;ER;-;94;108
ID-#05869-O!;2026-10-24;Waterfront;Bayview Hospital;ICU;82;96;71
ID-#08450-P!;2026-10-16;Waterfront;Bayview Hospital;General;27;95;106
**ID_04380?O;2026-10-23;East;Eastern Health;General;-;86;84
ID-#06861-Y!;2026-10-22;Industrial;Industrial Med;ICU;40;83;86
ID-#02844-D!;2026-10-19;West;Westview Hospital;ER;36;100;107
**ID_05545?H;2026-10-23;South;South Park Hospital;ER;86;95;111
ID-#03555-P!;2026-10-21;West;Westview Hospital;General;49;99;76
ID-#00621-L!;2026-10-17;North;Northside Clinic;General;64;96;85
ID-#00414-G!;2026-10-26;Industrial;Workers Health Center;General;48;82;110
ID-#02804-T!;2026-10-04;West;Westview Hospital;ER;61;96;95
**ID_01655?Z;2026-10-19;West;Westview Hospital;ER;30;97;96
ID-#00587-X!;2026-10-21;East;Eastern Health;ICU;79;91;94
ID-#01870-M!;2026-10-25;Central;Metropolis General;ER;59;95;77
ID-#07737-Q!;2026-10-19;East;East Point Med;General;63;89;111
ID-#07147-A!;2026-10-14;South;South Park Hospital;ER;66;93;82
ID-#01055-Y!;2026-10-04;South;South Park Hospital;ICU;31;100;109
ID-#00433-D!;2026-10-15;South;South Park Hospital;Observation;35;100;81
**ID_07703?C;2026-10-23;East;Eastern Health;General;70;83;74
ID-#01487-N!;2026-10-26;West;Westview Hospital;Observation;32;93;84
**ID_02119?F;2026-10-09;North;Northside Clinic;ICU;73;-;117
ID-#02700-I!;2026-10-18;West;Westview Hospital;General;62;99;75
ID-#02776-S!;2026-10-03;East;East Point Med;ICU;86;96;71
ID-#08446-S!;2026-10-24;West;Westview Hospital;ER;86;97;71
ID-#08359-F!;2026-10-21;West;Westview Hospital;General;42;94;108
ID-#05280-I!;2026-10-23;South;South Park Hospital;ER;20;100;86
ID-#01564-W!;2026-10-25;West;Westview Hospital;ER;57;100;106
ID-#00063-N!;2026-10-10;Industrial;Industrial Med;General;68;93;83
ID-#06252-H!;2026-10-18;South;South Park Hospital;General;64;97;106
**ID_02363?K;2026-10-23;East;Eastern Health;ER;88;82;80
ID-#01137-R!;2026-10-25;North;Northside Clinic;ICU;57;98;79
ID-#04341-I!;2026-10-31;Waterfront;Bayview Hospital;ER;48;100;93
ID-#01553-A!;2026-10-20;North;Northern Medical;ER;45;100;108
ID-#06695-G!;2026-10-23;South;South Park Hospital;ER;45;98;102
ID-#04408-I!;2026-10-26;Central;Metropolis General;ER;44;99;97
ID-#06701-J!;2026-10-07;Waterfront;Bayview Hospital;ICU;76;99;108
ID-#01202-E!;2026-10-25;East;East Point Med;ICU;25;85;113
ID-#02103-D!;2026-10-30;Industrial;Workers Health Center;ER;62;80;95
**ID_02640?N;2026-10-25;Industrial;Workers Health Center;General;28;90;96
ID-#05410-S!;2026-10-21;East;East Point Med;ICU;49;90;84
ID-#06652-Y!;2026-10-05;Industrial;Workers Health Center;General;46;98;93
ID-#07160-X!;2026-10-04;Waterfront;Bayview Hospital;ER;32;-;86
ID-#06515-Y!;2026-10-21;South;South Park Hospital;Observation;78;93;75
ID-#07871-W!;2026-10-31;West;Westview Hospital;ER;25;100;114
ID-#06688-F!;2026-10-23;West;Westview Hospital;General;32;97;99
ID-#01095-S!;2026-10-03;Industrial;Industrial Med;ER;61;94;106
ID-#03019-U!;2026-10-24;West;Westview Hospital;General;58;100;93
ID-#00363-O!;2026-10-19;North;Northside Clinic;ER;62;96;88
ID-#04294-F!;2026-10-07;North;Northern Medical;General;21;97;76
ID-#04353-O!;2026-10-28;West;Westview Hospital;ICU;21;96;76
ID-#08256-L!;2026-10-28;North;Northside Clinic;ER;38;97;77
ID-#07905-U!;2026-10-30;South;South Park Hospital;ICU;43;99;91
ID-#07876-D!;2026-10-06;Waterfront;Bayview Hospital;ER;82;96;78
ID-#05114-N!;2026-10-22;East;Eastern Health;General;22;-;96
ID-#00827-O!;2026-10-07;North;Northern Medical;General;67;98;95
**ID_05370?Z;2026-10-08;East;East Point Med;ER;80;98;80
ID-#03378-O!;2026-10-06;West;Westview Hospital;ER;55;93;80
ID-#04971-G!;2026-10-24;Central;Central Care;General;63;100;109
ID-#01476-B!;2026-10-24;South;South Park Hospital;Observation;28;93;120
ID-#02236-S!;2026-10-14;Central;Metropolis General;ICU;45;95;70
ID-#03430-R!;2026-10-22;North;Northern Medical;ER;72;93;85
ID-#08165-H!;2026-10-24;East;East Point Med;ICU;49;84;115
ID-#02313-Y!;2026-10-19;South;South Park Hospital;General;82;98;85
ID-#05616-L!;2026-10-25;West;Westview Hospital;General;58;97;92
ID-#05928-S!;2026-10-12;North;Northern Medical;General;79;97;104
ID-#08299-L!;2026-10-21;West;Westview Hospital;ER;51;96;111
ID-#05498-L!;2026-10-29;North;Northside Clinic;General;73;93;74
ID-#00778-U!;2026-10-28;North;Northern Medical;General;20;94;89
**ID_05233?E;2026-10-05;West;Westview Hospital;Observation;57;99;115
ID-#07577-M!;2026-10-12;Waterfront;Bayview Hospital;ER;84;97;102
ID-#06125-L!;2026-10-22;Waterfront;Bayview Hospital;ER;40;93;80
ID-#03129-H!;2026-10-15;Industrial;Industrial Med;General;84;98;98
ID-#02768-V!;2026-10-03;Central;Central Care;ER;-;99;102
ID-#06626-Y!;2026-10-05;Waterfront;Bayview Hospital;Observation;-;99;102
**ID_04559?O;2026-10-19;East;Eastern Health;ER;30;80;88
ID-#00854-Y!;2026-10-19;Waterfront;Bayview Hospital;ER;-;95;99
ID-#00801-Z!;2026-10-10;West;Westview Hospital;General;85;100;109
ID-#06461-D!;2026-10-23;Central;Metropolis General;Observation;56;94;79
ID-#06141-N!;2026-10-26;Waterfront;Bayview Hospital;General;31;95;94
ID-#00470-Z!;2026-10-12;East;East Point Med;ER;35;95;95
**ID_02718?W;2026-10-29;South;South Park Hospital;General;38;99;104
ID-#05706-H!;2026-10-22;Industrial;Industrial Med;ER;41;82;120
ID-#00545-J!;2026-10-06;Central;Central Care;ER;24;93;107
ID-#05944-S!;2026-10-19;West;Westview Hospital;ER;71;98;113
ID-#07882-D!;2026-10-16;Central;Central Care;ER;42;94;88
ID-#00864-M!;2026-10-24;South;South Park Hospital;Observation;50;95;N/A
ID-#06182-I!;2026-10-21;South;South Park Hospital;ER;61;99;113
ID-#04727-T!;2026-10-12;Industrial;Workers Health Center;ER;88;97;81
ID-#00895-L!;2026-10-22;Central;Central Care;ICU;27;96;97
ID-#00360-X!;2026-10-16;West;Westview Hospital;General;36;99;74
ID-#02871-L!;2026-10-20;East;Eastern Health;ER;40;89;117
ID-#05836-B!;2026-10-02;Central;Metropolis General;ER;70;97;75
ID-#06833-T!;2026-10-26;Industrial;Industrial Med;General;84;92;116
ID-#06814-P!;2026-10-03;North;Northside Clinic;General;36;93;96
ID-#08213-N!;2026-10-23;Waterfront;Bayview Hospital;ICU;26;99;77
ID-#00314-S!;2026-10-15;Waterfront;Bayview Hospital;ER;23;98;88
**ID_06307?L;2026-10-24;Industrial;Workers Health Center;ER;40;89;91
ID-#06809-C!;2026-10-06;South;South Park Hospital;Observation;78;95;114
ID-#07482-N!;2026-10-23;South;South Park Hospital;General;54;93;83
ID-#03812-N!;2026-10-20;South;South Park Hospital;ICU;68;100;93
ID-#04666-K!;2026-10-22;East;Eastern Health;General;86;83;81
ID-#03286-T!;2026-10-03;South;South Park Hospital;ICU;65;99;N/A
**ID_03064?A;2026-10-22;East;East Point Med;ER;30;81;84
ID-#00225-F!;2026-10-22;West;Westview Hospital;ER;19;97;97
ID-#07141-Y!;2026-10-08;East;Eastern Health;ER;33;100;115
ID-#03625-J!;2026-10-26;Waterfront;Bayview Hospital;ER;81;98;120
ID-#03737-J!;2026-10-21;Central;Metropolis General;ER;21;94;105
**ID_01611?B;2026-10-24;East;Eastern Health;General;75;84;115
ID-#08130-F!;2026-10-24;South;South Park Hospital;Observation;54;97;119
ID-#05881-D!;2026-10-26;East;Eastern Health;ER;27;88;74
ID-#00745-A!;2026-10-26;North;Northern Medical;ICU;66;96;98
ID-#00802-S!;2026-10-24;Waterfront;Bayview Hospital;Observation;90;97;89
ID-#03044-C!;2026-10-26;Central;Metropolis General;General;83;95;112
ID-#06166-O!;2026-10-25;North;Northside Clinic;ER;86;94;98
ID-#04514-P!;2026-10-05;South;South Park Hospital;General;60;93;76
ID-#02567-Y!;2026-10-25;West;Westview Hospital;General;77;93;85
ID-#00490-N!;2026-10-10;East;East Point Med;General;88;95;107
ID-#08035-Y!;2026-10-16;Central;Central Care;ER;43;100;80
ID-#03895-A!;2026-10-18;West;Westview Hospital;General;40;95;102
ID-#05339-V!;2026-10-21;South;South Park Hospital;ICU;87;95;87
ID-#08242-G!;2026-10-26;East;East Point Med;General;52;83;91
ID-#01769-U!;2026-10-05;Waterfront;Bayview Hospital;General;86;99;98
ID-#01669-A!;2026-10-24;Central;Metropolis General;ER;43;99;87
ID-#01869-K!;2026-10-25;West;Westview Hospital;ICU;21;-;97
ID-#08466-G!;2026-10-26;North;Northern Medical;ER;47;96;92
ID-#08023-A!;2026-10-16;East;East Point Med;ER;82;99;78
ID-#01251-G!;2026-10-20;Industrial;Workers Health Center;ER;56;85;106
ID-#07764-E!;2026-10-31;Waterfront;Bayview Hospital;General;71;96;92
ID-#00094-A!;2026-10-26;South;South Park Hospital;ER;69;94;78
ID-#08057-F!;2026-10-11;South;South Park Hospital;ICU;22;96;108
ID-#01469-V!;2026-10-31;North;Northern Medical;General;79;94;89
ID-#01811-H!;2026-10-23;West;Westview Hospital;General;84;93;92
ID-#01546-G!;2026-10-03;West;Westview Hospital;General;47;95;120
ID-#02212-W!;2026-10-03;Industrial;Industrial Med;ER;75;93;110
ID-#03819-C!;2026-10-19;West;Westview Hospital;General;45;94;74
ID-#02148-A!;2026-10-08;East;Eastern Health;General;26;95;73
ID-#08383-A!;2026-10-25;North;Northside Clinic;ICU;66;93;72
ID-#06104-T!;2026-10-05;South;South Park Hospital;ICU;41;-;110
ID-#05653-A!;2026-10-06;North;Northside Clinic;General;-;97;87
ID-#00851-E!;2026-10-07;West;Westview Hospital;ER;63;93;109
ID-#04634-X!;2026-10-31;North;Northern Medical;General;19;95;108
ID-#06222-S!;2026-10-16;North;Northern Medical;ER;46;99;115
ID-#02154-V!;2026-10-23;West;Westview Hospital;ER;34;97;110
**ID_01016?U;2026-10-14;Waterfront;Bayview Hospital;ER;55;99;103
ID-#02967-W!;2026-10-22;Central;Metropolis General;ER;88;96;84
ID-#03181-E!;2026-10-25;West;Westview Hospital;General;69;-;87
ID-#05521-D!;2026-10-31;East;East Point Med;ICU;88;80;111
**ID_07508?I;2026-10-28;Industrial;Industrial Med;ICU;19;89;102
ID-#01881-R!;2026-10-19;South;South Park Hospital;ER;63;99;98
ID-#01645-B!;2026-10-24;West;Westview Hospital;General;89;98;86
ID-#03594-M!;2026-10-20;Central;Metropolis General;ER;31;95;73
ID-#07003-L!;2026-10-08;East;East Point Med;ER;40;99;79
**ID_00039?O;2026-10-25;West;Westview Hospital;ICU;40;97;79
ID-#06140-K!;2026-10-21;North;Northern Medical;ICU;57;98;90
ID-#04828-Y!;2026-10-26;West;Westview Hospital;ICU;-;94;105
ID-#05757-B!;2026-10-06;East;East Point Med;ER;80;93;92
ID-#01291-U!;2026-10-31;South;South Park Hospital;General;43;97;76
ID-#01619-K!;2026-10-23;Industrial;Workers Health Center;ER;45;82;108
ID-#06490-R!;2026-10-12;Central;Metropolis General;ER;18;94;118
**ID_06723?B;2026-10-24;East;Eastern Health;ER;55;88;78
**ID_02873?W;2026-10-23;Industrial;Industrial Med;General;60;82;83
ID-#07455-A!;2026-10-20;North;Northern Medical;ER;72;95;77
ID-#02770-A!;2026-10-22;North;Northside Clinic;ER;88;96;118
ID-#01940-T!;2026-10-11;North;Northside Clinic;General;44;98;104
ID-#03452-F!;2026-10-21;East;East Point Med;General;58;85;119
ID-#00683-I!;2026-10-17;North;Northside Clinic;General;46;97;107
ID-#03593-O!;2026-10-30;South;South Park Hospital;General;90;-;102
ID-#03160-O!;2026-10-27;Waterfront;Bayview Hospital;ER;55;93;107
ID-#02580-U!;2026-10-04;North;Northern Medical;ER;69;96;112
ID-#03132-D!;2026-10-14;Industrial;Industrial Med;ER;81;94;73
ID-#04863-E!;2026-10-29;West;Westview Hospital;ICU;61;99;104
ID-#02540-Y!;2026-10-25;East;East Point Med;General;29;85;92
**ID_01631?N;2026-10-03;South;South Park Hospital;General;49;100;110
ID-#03275-T!;2026-10-24;South;South Park Hospital;ER;36;-;100
ID-#04688-C!;2026-10-24;Central;Central Care;ER;84;94;78
ID-#08316-E!;2026-10-21;Industrial;Workers Health Center;ER;56;81;119
ID-#02594-X!;2026-10-19;West;Westview Hospital;ER;25;93;108
ID-#01076-M!;2026-10-18;West;Westview Hospital;General;60;100;92
ID-#06661-A!;2026-10-26;North;Northern Medical;ICU;-;95;100
**ID_01807?M;2026-10-21;East;East Point Med;General;18;81;73
ID-#08146-O!;2026-10-22;Central;Metropolis General;Observation;69;98;99
ID-#05458-L!;2026-10-25;Waterfront;Bayview Hospital;General;63;99;85
ID-#07891-F!;2026-10-21;Central;Central Care;ICU;45;93;85
ID-#08351-T!;2026-10-24;Waterfront;Bayview Hospital;ER;38;95;109
ID-#06059-C!;2026-10-03;North;Northern Medical;General;27;94;95
ID-#02534-C!;2026-10-22;West;Westview Hospital;ICU;56;93;98
ID-#03809-U!;2026-10-22;Central;Metropolis General;ICU;39;95;99
ID-#06218-R!;2026-10-06;North;Northern Medical;General;90;100;109
**ID_02207?U;2026-10-08;West;Westview Hospital;General;32;93;113
ID-#01270-K!;2026-10-23;South;South Park Hospital;Observation;34;96;83
**ID_06409?P;2026-10-20;Central;Central Care;ER;39;95;80
ID-#07010-N!;2026-10-29;Waterfront;Bayview Hospital;General;20;95;102
ID-#05299-U!;2026-10-10;Industrial;Industrial Med;ER;33;100;101
ID-#01461-D!;2026-10-21;Waterfront;Bayview Hospital;ER;90;95;84
ID-#06563-C!;2026-10-22;South;South Park Hospital;General;83;97;98
ID-#03411-Q!;2026-10-24;Industrial;Industrial Med;ICU;36;85;76
ID-#01887-B!;2026-10-20;North;Northern Medical;ER;86;99;70
ID-#08123-W!;2026-10-17;East;Eastern Health;ICU;27;94;70
ID-#05517-E!;2026-10-21;South;South Park Hospital;General;40;98;99
ID-#08415-L!;2026-10-20;South;South Park Hospital;General;34;98;98
ID-#00066-H!;2026-10-25;West;Westview Hospital;General;27;100;100
ID-#04177-O!;2026-10-26;Waterfront;Bayview Hospital;ER;25;-;95
ID-#04076-X!;2026-10-21;East;Eastern Health;Observation;48;88;85
**ID_04073?B;2026-10-20;Industrial;Industrial Med;ER;64;90;70
ID-#08154-Y!;2026-10-28;Central;Central Care;General;61;94;116
ID-#00007-V!;2026-10-24;Central;Metropolis General;Observation;28;95;N/A
ID-#07458-L!;2026-10-28;North;Northern Medical;General;69;95;89
**ID_08042?M;2026-10-19;East;Eastern Health;ER;31;89;90
ID-#05861-B!;2026-10-25;East;East Point Med;General;84;87;118
ID-#06867-W!;2026-10-04;Industrial;Industrial Med;ER;81;96;117
ID-#06650-Q!;2026-10-19;West;Westview Hospital;ICU;19;98;71
ID-#04750-G!;2026-10-10;South;South Park Hospital;ER;55;98;98
ID-#00071-P!;2026-10-22;Waterfront;Bayview Hospital;ER;24;94;114
ID-#07585-N!;2026-10-26;East;East Point Med;ER;42;-;86
ID-#02972-R!;2026-10-21;South;South Park Hospital;ER;49;96;70
**ID_02810?U;2026-10-04;North;Northern Medical;General;78;100;71
**ID_05747?N;2026-10-13;Waterfront;Bayview Hospital;ICU;37;99;111
ID-#05754-N!;2026-10-03;South;South Park Hospital;ICU;61;100;82
ID-#07271-P!;2026-10-20;Waterfront;Bayview Hospital;ICU;39;-;111
ID-#01923-L!;2026-10-07;North;Northside Clinic;ER;-;93;N/A
ID-#04056-L!;2026-10-24;Central;Metropolis General;ER;72;95;107
**ID_03261?W;2026-10-20;East;Eastern Health;General;28;-;85
ID-#00810-V!;2026-10-06;Waterfront;Bayview Hospital;ICU;25;93;75
ID-#00201-I!;2026-10-11;Industrial;Workers Health Center;General;49;95;113
**ID_00304?F;2026-10-08;Waterfront;Bayview Hospital;General;77;100;81
ID-#07778-Z!;2026-10-29;Industrial;Workers Health Center;Observation;51;82;101
ID-#03222-P!;2026-10-02;North;Northern Medical;General;59;99;91
ID-#07982-W!;2026-10-24;North;Northern Medical;General;49;100;104
ID-#08472-U!;2026-10-24;Industrial;Workers Health Center;ER;89;84;105
ID-#00893-W!;2026-10-31;Industrial;Workers Health Center;General;26;90;119
ID-#02620-Z!;2026-10-23;South;South Park Hospital;ICU;64;95;114
ID-#02947-F!;2026-10-12;Central;Metropolis General;General;45;100;95
ID-#02505-G!;2026-10-19;Central;Central Care;ER;19;94;112
ID-#05239-O!;2026-10-21;North;Northern Medical;General;83;99;72
ID-#05936-J!;2026-10-24;Central;Central Care;ICU;56;97;90
ID-#01241-D!;2026-10-24;Industrial;Industrial Med;General;76;91;119
ID-#03360-C!;2026-10-15;Industrial;Industrial Med;ICU;-;95;117
ID-#08480-O!;2026-10-05;North;Northside Clinic;General;49;96;117
ID-#01937-P!;2026-10-20;North;Northern Medical;ICU;48;98;108
ID-#04711-H!;2026-10-22;Central;Metropolis General;ER;52;93;89
ID-#06730-W!;2026-10-16;North;Northern Medical;General;85;97;111
ID-#03014-S!;2026-10-29;Waterfront;Bayview Hospital;General;19;-;104
**ID_06198?B;2026-10-02;East;Eastern Health;ER;36;93;74
ID-#03723-X!;2026-10-06;East;Eastern Health;ICU;19;95;116
ID-#04157-H!;2026-10-07;West;Westview Hospital;ICU;74;97;86
ID-#05631-H!;2026-10-26;Industrial;Workers Health Center;ER;47;81;102
ID-#01440-Y!;2026-10-21;Waterfront;Bayview Hospital;ICU;59;93;120
ID-#07289-I!;2026-10-24;Waterfront;Bayview Hospital;ER;70;98;98
ID-#05571-R!;2026-10-27;Waterfront;Bayview Hospital;General;36;93;N/A
ID-#01160-C!;2026-10-22;South;South Park Hospital;ER;84;99;80
ID-#07924-I!;2026-10-22;Central;Metropolis General;General;58;97;75
**ID_06820?Q;2026-10-15;West;Westview Hospital;ER;61;93;108
ID-#05215-A!;2026-10-24;Central;Central Care;ER;24;99;110
ID-#05946-Q!;2026-10-16;Central;Metropolis General;ICU;84;93;72
**ID_00128?S;2026-10-24;South;South Park Hospital;General;19;96;80
ID-#06671-T!;2026-10-06;West;Westview Hospital;General;52;95;98
ID-#03722-B!;2026-10-05;East;East Point Med;ICU;59;99;84
ID-#08333-W!;2026-10-25;North;Northside Clinic;ICU;49;94;120
ID-#07617-Z!;2026-10-24;Waterfront;Bayview Hospital;ICU;46;94;101
ID-#00949-P!;2026-10-26;West;Westview Hospital;ER;38;93;88
ID-#01332-L!;2026-10-10;East;East Point Med;ER;29;97;80
ID-#04684-E!;2026-10-24;East;East Point Med;Observation;36;84;87
**ID_01068?F;2026-10-20;South;South Park Hospital;ER;36;96;115
ID-#05361-M!;2026-10-07;South;South Park Hospital;ICU;83;97;92
ID-#01265-M!;2026-10-05;West;Westview Hospital;ER;78;98;99
ID-#08350-O!;2026-10-20;East;East Point Med;ER;35;83;94
ID-#04834-I!;2026-10-20;East;East Point Med;ER;52;84;116
ID-#05691-B!;2026-10-31;East;Eastern Health;ER;54;89;84
ID-#01248-Y!;2026-10-22;Industrial;Industrial Med;ER;33;90;77
ID-#04511-H!;2026-10-24;East;East Point Med;ER;31;89;102
ID-#06276-M!;2026-10-20;South;South Park Hospital;ER;20;95;87
ID-#06399-A!;2026-10-27;Industrial;Industrial Med;ER;74;83;75
ID-#00659-M!;2026-10-31;East;East Point Med;General;28;89;111
ID-#02350-Y!;2026-10-12;East;Eastern Health;General;33;100;94
ID-#01957-V!;2026-10-09;Waterfront;Bayview Hospital;ICU;76;94;101
ID-#06474-T!;2026-10-19;East;Eastern Health;General;87;86;101
ID-#08013-J!;2026-10-02;South;South Park Hospital;General;80;98;107
ID-#07415-C!;2026-10-30;North;Northern Medical;ICU;26;96;96
ID-#00709-X!;2026-10-08;Industrial;Workers Health Center;ER;61;97;111
**ID_05662?I;2026-10-30;Central;Central Care;General;67;97;118
ID-#02562-E!;2026-10-04;East;East Point Med;General;19;99;120
ID-#03746-V!;2026-10-21;North;Northside Clinic;ER;52;99;115
ID-#00118-Z!;2026-10-07;North;Northern Medical;General;27;98;101
ID-#01816-S!;2026-10-20;South;South Park Hospital;ER;-;98;86
ID-#06393-F!;2026-10-16;East;East Point Med;ER;70;99;89
ID-#07492-J!;2026-10-30;Central;Metropolis General;General;23;-;99
ID-#04888-P!;2026-10-21;Central;Metropolis General;General;42;98;87
ID-#03401-W!;2026-10-16;North;Northern Medical;ICU;55;93;116
ID-#02025-V!;2026-10-21;Central;Metropolis General;ICU;87;100;119
ID-#02820-H!;2026-10-23;East;East Point Med;ER;88;91;103
ID-#05208-W!;2026-10-25;East;Eastern Health;ICU;24;92;78
ID-#07061-L!;2026-10-19;Central;Metropolis General;ICU;62;94;86
ID-#08204-O!;2026-10-20;North;Northside Clinic;ER;85;93;111
ID-#02124-V!;2026-10-25;South;South Park Hospital;ICU;59;98;104
**ID_00197?Y;2026-10-14;East;Eastern Health;ICU;47;-;94
ID-#00856-Z!;2026-10-28;South;South Park Hospital;General;84;93;115
ID-#01119-E!;2026-10-19;South;South Park Hospital;ER;43;93;76
ID-#06353-I!;2026-10-26;East;Eastern Health;General;32;91;80
ID-#00338-B!;2026-10-19;North;Northside Clinic;ER;44;96;112
ID-#05338-U!;2026-10-23;North;Northern Medical;Observation;63;100;81
ID-#04163-G!;2026-10-21;Central;Central Care;General;41;95;N/A
**ID_06231?X;2026-10-19;Waterfront;Bayview Hospital;ER;-;95;113
ID-#01501-Y!;2026-10-13;North;Northern Medical;General;77;94;111
ID-#04392-L!;2026-10-08;South;South Park Hospital;General;57;97;102
ID-#07799-F!;2026-10-12;East;Eastern Health;ER;55;98;88
ID-#02875-Y!;2026-10-14;South;South Park Hospital;ER;-;97;117
**ID_08186?R;2026-10-23;Industrial;Workers Health Center;Observation;89;88;89
ID-#05437-J!;2026-10-19;Central;Central Care;General;-;97;95
ID-#01172-V!;2026-10-17;Central;Central Care;ER;41;97;80
ID-#07018-U!;2026-10-19;West;Westview Hospital;ICU;61;97;116
ID-#01903-A!;2026-10-26;Waterfront;Bayview Hospital;ER;30;94;120
ID-#01704-G!;2026-10-25;Waterfront;Bayview Hospital;ER;49;94;104
ID-#03783-U!;2026-10-28;South;South Park Hospital;ICU;63;99;79
**ID_03787?Q;2026-10-07;Industrial;Workers Health Center;General;87;98;91
ID-#02712-N!;2026-10-25;East;East Point Med;ER;49;86;80
ID-#02876-U!;2026-10-20;West;Westview Hospital;General;45;98;85
ID-#06329-W!;2026-10-22;Central;Central Care;General;19;97;110
ID-#06556-H!;2026-10-25;North;Northside Clinic;ICU;36;96;98
ID-#05679-B!;2026-10-20;West;Westview Hospital;General;48;98;91
**ID_07942?F;2026-10-19;North;Northside Clinic;General;51;96;114
ID-#02914-J!;2026-10-25;Waterfront;Bayview Hospital;Observation;71;95;111
ID-#04169-L!;2026-10-08;Central;Metropolis General;General;54;98;73
ID-#02141-A!;2026-10-26;West;Westview Hospital;ER;82;100;89
ID-#02249-M!;2026-10-22;Central;Metropolis General;General;89;98;78
ID-#05562-G!;2026-10-22;Central;Central Care;ER;87;98;105
ID-#02692-A!;2026-10-15;East;East Point Med;ICU;63;97;88
ID-#02745-D!;2026-10-25;Industrial;Industrial Med;General;72;81;77
ID-#04808-F!;2026-10-20;East;East Point Med;ER;34;83;70
ID-#08058-W!;2026-10-25;North;Northside Clinic;General;83;97;103
ID-#06864-N!;2026-10-23;Industrial;Workers Health Center;Observation;52;86;90
ID-#03622-S!;2026-10-25;Waterfront;Bayview Hospital;General;30;97;N/A
ID-#00876-U!;2026-10-18;Waterfront;Bayview Hospital;ER;35;97;109
**ID_04575?V;2026-10-20;Waterfront;Bayview Hospital;ICU;45;93;100
ID-#00577-P!;2026-10-31;South;South Park Hospital;General;33;93;104
ID-#06233-X!;2026-10-26;East;Eastern Health;ER;78;90;77
ID-#04918-A!;2026-10-04;Industrial;Industrial Med;General;68;99;113
ID-#07226-T!;2026-10-31;East;East Point Med;ER;40;82;76
ID-#07373-D!;2026-10-26;West;Westview Hospital;ER;54;94;92
ID-#06479-R!;2026-10-22;Industrial;Industrial Med;ER;83;92;72
ID-#05192-Z!;2026-10-23;West;Westview Hospital;ER;82;96;96
ID-#07745-G!;2026-10-04;Central;Central Care;General;18;95;108
ID-#06698-N!;2026-10-29;Waterfront;Bayview Hospital;General;73;-;N/A
ID-#05443-B!;2026-10-22;Central;Metropolis General;General;33;96;102
**ID_00340?G;2026-10-27;Industrial;Workers Health Center;ER;19;92;95
ID-#04321-D!;2026-10-21;Waterfront;Bayview Hospital;General;25;94;114
ID-#07844-J!;2026-10-31;Central;Metropolis General;ER;64;94;119
ID-#07568-D!;2026-10-22;Industrial;Industrial Med;ICU;90;82;85
ID-#01404-W!;2026-10-29;West;Westview Hospital;ER;88;94;82
ID-#04906-Z!;2026-10-22;Industrial;Industrial Med;ICU;69;80;113
ID-#03139-Q!;2026-10-14;Industrial;Industrial Med;ICU;43;97;71
ID-#03332-U!;2026-10-21;Industrial;Workers Health Center;General;76;91;119
ID-#02317-Q!;2026-10-22;Industrial;Workers Health Center;ER;54;84;97
**ID_06444?B;2026-10-24;West;Westview Hospital;General;39;98;97
**ID_02699?I;2026-10-14;Central;Metropolis General;General;31;95;120
ID-#07988-N!;2026-10-14;South;South Park Hospital;General;24;99;115
ID-#03165-N!;2026-10-10;Industrial;Industrial Med;General;73;93;88
ID-#05584-A!;2026-10-10;North;Northside Clinic;General;63;97;113
ID-#04008-Q!;2026-10-02;East;East Point Med;General;53;96;84
ID-#08257-G!;2026-10-08;South;South Park Hospital;ICU;83;97;89
ID-#05667-C!;2026-10-21;West;Westview Hospital;ER;89;95;86
**ID_07448?A;2026-10-28;Industrial;Workers Health Center;General;77;88;98
**ID_05249?E;2026-10-22;East;Eastern Health;ER;21;91;N/A
ID-#05831-P!;2026-10-28;West;Westview Hospital;General;83;94;103
ID-#03960-Q!;2026-10-20;West;Westview Hospital;ICU;23;100;103
ID-#07631-M!;2026-10-20;North;Northside Clinic;ER;59;94;70
**ID_08322?H;2026-10-15;Waterfront;Bayview Hospital;ER;29;96;115
ID-#07535-W!;2026-10-20;Waterfront;Bayview Hospital;General;-;99;97
ID-#05250-N!;2026-10-26;West;Westview Hospital;General;51;99;98
**ID_03182?R;2026-10-22;North;Northern Medical;ER;36;96;103
ID-#08091-S!;2026-10-19;South;South Park Hospital;ER;-;94;102
ID-#07949-T!;2026-10-25;Central;Central Care;ICU;74;-;112
**ID_05406?O;2026-10-02;West;Westview Hospital;ICU;23;96;79
ID-#06432-R!;2026-10-20;Central;Metropolis General;General;59;96;118
ID-#08475-G!;2026-10-30;West;Westview Hospital;Observation;43;93;89
ID-#02571-L!;2026-10-25;East;Eastern Health;General;38;81;107
ID-#04479-J!;2026-10-23;North;Northern Medical;ICU;83;94;94
ID-#06397-K!;2026-10-20;Waterfront;Bayview Hospital;General;72;97;103
ID-#00560-C!;2026-10-27;Waterfront;Bayview Hospital;ER;39;97;93
ID-#08387-S!;2026-10-30;North;Northside Clinic;ER;82;94;100
ID-#05709-Y!;2026-10-22;North;Northern Medical;ICU;80;99;117
ID-#04895-Z!;2026-10-22;East;East Point Med;ER;64;80;117
ID-#07131-F!;2026-10-05;North;Northern Medical;ER;-;94;77
ID-#07188-L!;2026-10-12;North;Northside Clinic;ER;54;97;77
ID-#03581-F!;2026-10-10;North;Northern Medical;ICU;87;93;75
ID-#05183-W!;2026-10-20;South;South Park Hospital;ICU;32;99;99
**ID_07681?N;2026-10-11;West;Westview Hospital;General;28;100;78
ID-#02411-R!;2026-10-21;East;East Point Med;General;19;90;114
**ID_03366?C;2026-10-14;North;Northside Clinic;ICU;48;97;N/A
ID-#01275-A!;2026-10-25;Waterfront;Bayview Hospital;General;70;93;87
ID-#04910-G!;2026-10-23;East;East Point Med;Observation;32;-;91
ID-#01772-B!;2026-10-26;Central;Metropolis General;General;27;94;73
ID-#03478-E!;2026-10-18;North;Northside Clinic;ER;24;-;101
ID-#03591-E!;2026-10-26;Industrial;Industrial Med;General;40;90;102
ID-#06827-A!;2026-10-04;East;Eastern Health;ICU;31;96;120
ID-#06921-E!;2026-10-26;South;South Park Hospital;General;77;100;80
**ID_08084?X;2026-10-12;South;South Park Hospital;ICU;20;98;88
ID-#01136-E!;2026-10-29;North;Northside Clinic;ER;58;93;71
ID-#02791-J!;2026-10-19;Waterfront;Bayview Hospital;Observation;36;93;119
ID-#08149-V!;2026-10-28;East;East Point Med;ER;72;83;72
ID-#01097-O!;2026-10-25;East;Eastern Health;ER;56;86;108
ID-#02823-N!;2026-10-20;Waterfront;Bayview Hospital;ER;19;99;100
ID-#02461-G!;2026-10-29;Industrial;Industrial Med;ER;25;83;105
ID-#00712-J!;2026-10-29;East;Eastern Health;ER;26;81;N/A
ID-#04270-B!;2026-10-10;Waterfront;Bayview Hospital;Observation;38;99;78
ID-#08047-W!;2026-10-03;South;South Park Hospital;ER;71;95;72
ID-#01511-G!;2026-10-09;West;Westview Hospital;ER;39;-;81
ID-#07494-Y!;2026-10-28;South;South Park Hospital;ER;44;100;106
ID-#02690-P!;2026-10-21;Waterfront;Bayview Hospital;ICU;47;99;92
**ID_07794?K;2026-10-12;Central;Central Care;ER;-;99;87
ID-#03159-K!;2026-10-31;North;Northern Medical;ICU;21;93;98
ID-#01333-L!;2026-10-08;Central;Central Care;ER;38;94;94
ID-#04041-E!;2026-10-20;Waterfront;Bayview Hospital;ICU;28;100;120
ID-#08151-S!;2026-10-12;Waterfront;Bayview Hospital;General;26;100;92
ID-#02964-J!;2026-10-13;Waterfront;Bayview Hospital;ER;66;100;104
ID-#01606-D!;2026-10-08;Central;Central Care;General;47;95;77
ID-#07054-V!;2026-10-20;North;Northside Clinic;ER;70;96;70
ID-#03130-K!;2026-10-21;Central;Metropolis General;ICU;47;94;112
ID-#02051-I!;2026-10-21;West;Westview Hospital;ER;68;95;78
ID-#06388-F!;2026-10-26;Central;Metropolis General;ER;81;99;95
ID-#03618-S!;2026-10-11;East;Eastern Health;ER;22;99;70
ID-#04994-F!;2026-10-21;South;South Park Hospital;ER;79;95;106
ID-#02581-I!;2026-10-25;Central;Central Care;ER;47;99;84
ID-#06608-D!;2026-10-23;Industrial;Workers Health Center;ER;73;89;88
ID-#08261-E!;2026-10-29;South;South Park Hospital;ICU;32;100;N/A
ID-#05372-S!;2026-10-21;Industrial;Industrial Med;Observation;62;85;71
ID-#04283-P!;2026-10-22;Waterfront;Bayview Hospital;General;79;97;85
ID-#03272-G!;2026-10-23;West;Westview Hospital;ER;61;99;74
**ID_06584?H;2026-10-25;Central;Central Care;General;70;98;92
ID-#03381-B!;2026-10-23;East;Eastern Health;General;81;92;93
ID-#05422-Z!;2026-10-24;South;South Park Hospital;General;36;100;70
**ID_07333?K;2026-10-20;Central;Metropolis General;General;46;98;107
ID-#00556-S!;2026-10-24;South;South Park Hospital;ER;27;96;77
ID-#02903-T!;2026-10-05;Waterfront;Bayview Hospital;ICU;61;100;77
ID-#01244-M!;2026-10-20;Central;Metropolis General;Observation;31;100;70
ID-#07235-D!;2026-10-24;Waterfront;Bayview Hospital;ER;24;-;71
ID-#04442-P!;2026-10-29;Central;Central Care;ER;43;93;100
ID-#06480-L!;2026-10-18;Waterfront;Bayview Hospital;Observation;65;97;79
ID-#04859-B!;2026-10-21;Industrial;Industrial Med;General;34;82;94
ID-#05553-Y!;2026-10-26;North;Northern Medical;ER;67;95;74
ID-#08461-H!;2026-10-06;South;South Park Hospital;ER;25;98;71
ID-#01352-F!;2026-10-19;Central;Metropolis General;General;44;98;89
ID-#00907-C!;2026-10-24;Industrial;Workers Health Center;ER;58;84;120
ID-#02253-D!;2026-10-03;Central;Metropolis General;General;65;99;114
ID-#00956-Q!;2026-10-19;West;Westview Hospital;ER;70;97;102
ID-#04987-B!;2026-10-25;South;South Park Hospital;ICU;55;97;106
**ID_01208?G;2026-10-26;West;Westview Hospital;ICU;73;94;103
ID-#06768-Q!;2026-10-11;Central;Metropolis General;Observation;36;97;110
ID-#01058-I!;2026-10-28;Central;Central Care;General;87;95;97
ID-#01140-S!;2026-10-31;Waterfront;Bayview Hospital;Observation;36;94;118
ID-#00762-W!;2026-10-22;Central;Metropolis General;ICU;50;98;79
ID-#07554-T!;2026-10-22;Central;Metropolis General;ER;80;99;115
ID-#05525-Q!;2026-10-25;North;Northside Clinic;ER;58;98;85
ID-#08048-B!;2026-10-23;Industrial;Industrial Med;ER;39;85;112
ID-#00095-P!;2026-10-25;Waterfront;Bayview Hospital;ER;53;93;119
ID-#05985-U!;2026-10-24;Industrial;Workers Health Center;Observation;75;90;104
ID-#07324-E!;2026-10-04;Waterfront;Bayview Hospital;ICU;56;-;90
ID-#03824-C!;2026-10-12;Industrial;Workers Health Center;General;38;98;91
ID-#06879-Q!;2026-10-19;Waterfront;Bayview Hospital;ICU;42;98;83
ID-#07133-Y!;2026-10-23;North;Northside Clinic;ER;45;96;108
ID-#06279-B!;2026-10-26;East;East Point Med;General;29;83;81
**ID_05572?V;2026-10-13;South;South Park Hospital;ER;-;100;83
ID-#00638-L!;2026-10-19;Waterfront;Bayview Hospital;ICU;-;96;106
ID-#07588-K!;2026-10-24;Industrial;Industrial Med;General;50;89;76
ID-#07808-N!;2026-10-23;East;East Point Med;General;37;82;118
ID-#02747-R!;2026-10-24;Industrial;Industrial Med;ICU;83;89;114
ID-#01530-X!;2026-10-09;South;South Park Hospital;ICU;86;95;107
ID-#03294-C!;2026-10-10;Waterfront;Bayview Hospital;ICU;76;94;89
ID-#04564-F!;2026-10-10;North;Northside Clinic;General;43;96;90
ID-#06826-R!;2026-10-22;Industrial;Industrial Med;ER;58;87;102
ID-#07162-X!;2026-10-07;Waterfront;Bayview Hospital;General;51;95;83
ID-#00087-S!;2026-10-09;Waterfront;Bayview Hospital;General;49;93;100
ID-#01840-D!;2026-10-10;Waterfront;Bayview Hospital;General;77;95;97
ID-#04009-F!;2026-10-19;Waterfront;Bayview Hospital;General;83;95;90
**ID_07165?L;2026-10-26;Industrial;Industrial Med;ER;64;82;93
ID-#02635-R!;2026-10-24;Waterfront;Bayview Hospital;ICU;45;98;N/A
ID-#05007-U!;2026-10-17;South;South Park Hospital;ICU;45;95;79
ID-#04153-C!;2026-10-11;East;Eastern Health;General;84;99;84
**ID_06572?M;2026-10-23;Industrial;Workers Health Center;General;65;88;78
ID-#00559-V!;2026-10-18;Central;Central Care;General;-;97;100
ID-#03774-W!;2026-10-22;Waterfront;Bayview Hospital;Observation;69;99;79
ID-#06121-T!;2026-10-18;East;Eastern Health;General;38;94;77
ID-#01817-X!;2026-10-30;Industrial;Workers Health Center;ER;-;84;73
ID-#04959-O!;2026-10-24;West;Westview Hospital;General;38;98;90
ID-#04133-T!;2026-10-15;West;Westview Hospital;ICU;20;-;118
ID-#05295-A!;2026-10-13;South;South Park Hospital;ER;32;94;104
ID-#07102-B!;2026-10-22;Industrial;Workers Health Center;General;22;81;119
ID-#05327-V!;2026-10-25;South;South Park Hospital;ER;65;97;93
ID-#06681-P!;2026-10-30;Central;Metropolis General;ICU;78;98;97
ID-#03745-A!;2026-10-14;Industrial;Workers Health Center;General;37;100;101
ID-#02000-U!;2026-10-20;East;East Point Med;ER;90;81;77
ID-#08335-G!;2026-10-12;Industrial;Industrial Med;Observation;48;-;N/A
ID-#06112-R!;2026-10-26;North;Northside Clinic;ICU;50;93;102
ID-#01324-Q!;2026-10-14;North;Northside Clinic;ICU;89;97;89
ID-#00836-J!;2026-10-13;Industrial;Workers Health Center;ER;-;95;108
ID-#04098-S!;2026-10-09;Central;Metropolis General;ER;30;95;78
ID-#08308-W!;2026-10-26;North;Northside Clinic;ER;78;95;105
ID-#07962-G!;2026-10-06;North;Northern Medical;Observation;21;97;74
ID-#00492-M!;2026-10-20;Central;Metropolis General;ICU;76;97;75
ID-#04339-N!;2026-10-09;South;South Park Hospital;General;53;98;109
ID-#08375-B!;2026-10-22;Industrial;Industrial Med;ER;61;83;73
ID-#04304-O!;2026-10-23;Waterfront;Bayview Hospital;ER;47;98;78
ID-#08015-K!;2026-10-08;West;Westview Hospital;ER;41;99;77
ID-#07517-C!;2026-10-29;Waterfront;Bayview Hospital;ER;67;94;85
ID-#05415-G!;2026-10-20;East;Eastern Health;ICU;47;85;107
ID-#02464-C!;2026-10-25;Central;Metropolis General;ICU;19;95;117
ID-#01490-F!;2026-10-20;North;Northern Medical;ER;33;100;106
ID-#06053-Y!;2026-10-26;West;Westview Hospital;Observation;31;97;109
ID-#08384-I!;2026-10-19;East;Eastern Health;ER;20;86;76
ID-#05629-G!;2026-10-20;East;East Point Med;ER;-;-;115
ID-#07846-K!;2026-10-20;West;Westview Hospital;ICU;88;96;117
ID-#02377-O!;2026-10-21;Waterfront;Bayview Hospital;General;40;94;105
ID-#02758-J!;2026-10-30;Waterfront;Bayview Hospital;General;32;97;77
ID-#04185-L!;2026-10-21;South;South Park Hospital;ER;60;100;91
ID-#07374-K!;2026-10-20;South;South Park Hospital;General;63;99;75
**ID_06345?M;2026-10-28;South;South Park Hospital;Observation;89;94;70
ID-#04464-V!;2026-10-23;Waterfront;Bayview Hospital;General;46;100;86
ID-#02689-Z!;2026-10-17;South;South Park Hospital;General;46;100;104
ID-#08419-G!;2026-10-22;Waterfront;Bayview Hospital;General;79;96;75
**ID_04760?D;2026-10-14;West;Westview Hospital;ER;25;98;83
ID-#07007-A!;2026-10-20;Central;Metropolis General;Observation;56;100;120
**ID_04230?C;2026-10-15;Industrial;Workers Health Center;General;24;93;94
ID-#03069-H!;2026-10-26;Central;Central Care;ER;83;94;103
ID-#00531-G!;2026-10-07;Waterfront;Bayview Hospital;General;68;94;92
ID-#03066-N!;2026-10-23;Central;Central Care;ER;30;93;120
ID-#00354-E!;2026-10-25;Industrial;Workers Health Center;General;24;87;103
ID-#07747-E!;2026-10-24;Industrial;Workers Health Center;General;-;87;117
ID-#01754-S!;2026-10-12;Industrial;Workers Health Center;ER;41;99;96
ID-#00957-I!;2026-10-26;West;Westview Hospital;ICU;38;-;101
ID-#05452-Z!;2026-10-27;South;South Park Hospital;General;78;95;119
ID-#04937-Y!;2026-10-23;Industrial;Workers Health Center;General;74;84;101
ID-#06016-T!;2026-10-03;Central;Metropolis General;Observation;58;100;81
ID-#06214-Q!;2026-10-23;Waterfront;Bayview Hospital;ER;75;98;104
ID-#07260-J!;2026-10-23;Central;Central Care;ER;64;95;108
ID-#03228-D!;2026-10-19;Waterfront;Bayview Hospital;ER;53;98;104
ID-#00841-W!;2026-10-13;Waterfront;Bayview Hospital;General;76;-;120
ID-#01428-Z!;2026-10-04;North;Northside Clinic;ER;89;93;94
ID-#01837-C!;2026-10-30;North;Northern Medical;General;71;95;77
ID-#04715-B!;2026-10-08;Industrial;Workers Health Center;General;37;99;94
ID-#03017-R!;2026-10-21;Central;Metropolis General;ER;89;98;77
ID-#06281-T!;2026-10-05;North;Northside Clinic;ER;66;97;89
ID-#04528-F!;2026-10-23;South;South Park Hospital;Observation;20;98;84
ID-#01711-I!;2026-10-25;West;Westview Hospital;Observation;38;99;117
ID-#07928-K!;2026-10-19;North;Northside Clinic;General;73;94;102
ID-#00358-N!;2026-10-30;Waterfront;Bayview Hospital;ER;81;98;82
ID-#03284-C!;2026-10-20;South;South Park Hospital;ER;52;98;92
ID-#02369-H!;2026-10-20;East;Eastern Health;ICU;61;92;118
ID-#03777-W!;2026-10-31;North;Northside Clinic;ER;-;98;113
ID-#04198-Q!;2026-10-04;East;Eastern Health;ER;36;94;76
ID-#04872-Q!;2026-10-21;Central;Central Care;ER;27;99;95
ID-#01028-C!;2026-10-10;East;East Point Med;General;57;93;76
ID-#07329-K!;2026-10-20;Industrial;Workers Health Center;ICU;39;91;87
ID-#08274-K!;2026-10-10;Waterfront;Bayview Hospital;Observation;57;97;95
ID-#06524-G!;2026-10-13;East;East Point Med;ER;58;100;82
**ID_07242?L;2026-10-07;West;Westview Hospital;Observation;52;100;98
ID-#00210-I!;2026-10-23;Central;Metropolis General;General;90;98;100
ID-#01917-V!;2026-10-22;East;East Point Med;ER;90;80;113
ID-#01904-J!;2026-10-22;West;Westview Hospital;Observation;25;100;105
**ID_03808?Y;2026-10-26;Central;Metropolis General;ICU;53;100;70
ID-#00099-C!;2026-10-06;South;South Park Hospital;Observation;36;95;102
ID-#05707-B!;2026-10-21;West;Westview Hospital;ER;52;98;107
ID-#05811-A!;2026-10-07;South;South Park Hospital;ER;67;99;73
ID-#02082-A!;2026-10-29;North;Northside Clinic;ICU;59;95;115
ID-#02916-S!;2026-10-11;Waterfront;Bayview Hospital;General;65;94;80
ID-#04929-D!;2026-10-18;Central;Metropolis General;ER;29;98;82
ID-#05492-G!;2026-10-24;Central;Metropolis General;ICU;27;93;118
ID-#02698-B!;2026-10-10;Central;Central Care;ICU;74;96;111
ID-#05318-A!;2026-10-21;Waterfront;Bayview Hospital;General;83;98;117
ID-#05866-O!;2026-10-20;Central;Central Care;General;79;99;96
ID-#02997-T!;2026-10-29;North;Northside Clinic;General;24;98;120
ID-#01187-Y!;2026-10-12;West;Westview Hospital;ER;57;96;100
ID-#03043-T!;2026-10-29;Waterfront;Bayview Hospital;ER;32;98;96
ID-#05986-K!;2026-10-04;Industrial;Industrial Med;ICU;75;-;104
ID-#03730-D!;2026-10-21;Waterfront;Bayview Hospital;ER;50;-;104
ID-#02595-M!;2026-10-31;West;Westview Hospital;ICU;79;98;86
**ID_01814?N;2026-10-24;Industrial;Industrial Med;ER;28;80;75
ID-#04432-R!;2026-10-27;North;Northern Medical;ER;46;96;89
ID-#07232-M!;2026-10-16;Waterfront;Bayview Hospital;ER;90;100;119
ID-#05978-D!;2026-10-21;Central;Central Care;ER;48;97;73
ID-#05417-B!;2026-10-27;West;Westview Hospital;ER;76;98;84
ID-#02663-R!;2026-10-08;Central;Central Care;ER;54;96;107
ID-#07473-K!;2026-10-21;Central;Central Care;General;23;96;110
ID-#02217-K!;2026-10-15;Industrial;Industrial Med;General;65;97;90
**ID_03240?G;2026-10-19;North;Northside Clinic;Observation;37;96;N/A
ID-#08401-O!;2026-10-24;Central;Metropolis General;ICU;88;100;79
ID-#04080-D!;2026-10-02;West;Westview Hospital;ICU;23;-;116
ID-#01017-O!;2026-10-19;North;Northside Clinic;ER;50;98;73
ID-#07442-I!;2026-10-22;North;Northern Medical;ICU;25;99;116
ID-#06562-Y!;2026-10-25;Waterfront;Bayview Hospital;ER;30;98;85
ID-#03853-P!;2026-10-09;South;South Park Hospital;ER;86;98;85
ID-#03353-D!;2026-10-10;Industrial;Workers Health Center;General;84;95;120
**ID_08313?V;2026-10-23;East;East Point Med;Observation;64;89;96
ID-#02996-O!;2026-10-19;South;South Park Hospital;General;77;94;98
ID-#01547-O!;2026-10-25;North;Northern Medical;ER;89;95;97
ID-#01204-E!;2026-10-21;Industrial;Industrial Med;General;87;82;98
ID-#00612-L!;2026-10-19;Industrial;Industrial Med;ER;44;81;71
ID-#00729-G!;2026-10-23;North;Northern Medical;General;77;95;107
ID-#05516-D!;2026-10-15;South;South Park Hospital;General;86;100;76
ID-#05057-I!;2026-10-20;West;Westview Hospital;ER;78;97;N/A
**ID_08376?W;2026-10-21;West;Westview Hospital;ER;37;99;74
ID-#01232-F!;2026-10-24;East;East Point Med;ER;75;90;116
ID-#08030-E!;2026-10-23;North;Northside Clinic;ICU;34;100;118
ID-#07171-F!;2026-10-11;East;East Point Med;General;69;99;90
ID-#07404-R!;2026-10-31;Central;Metropolis General;ER;36;98;82
ID-#06070-P!;2026-10-15;Industrial;Workers Health Center;ER;37;94;116
ID-#00663-Z!;2026-10-19;West;Westview Hospital;ER;22;99;84
ID-#06054-R!;2026-10-25;Waterfront;Bayview Hospital;ICU;56;100;90
ID-#07092-D!;2026-10-13;West;Westview Hospital;ER;21;96;115
**ID_04083?F;2026-10-04;Waterfront;Bayview Hospital;ER;63;97;71
ID-#04062-D!;2026-10-18;North;Northern Medical;ER;59;97;85
ID-#01247-Z!;2026-10-20;Central;Metropolis General;ER;32;94;116
ID-#06157-A!;2026-10-30;North;Northside Clinic;General;61;93;107
ID-#03926-H!;2026-10-26;Industrial;Workers Health Center;General;77;91;94
ID-#04197-M!;2026-10-19;West;Westview Hospital;ICU;36;98;78
ID-#07314-H!;2026-10-19;North;Northern Medical;ER;56;96;102
ID-#01400-N!;2026-10-09;North;Northside Clinic;Observation;64;97;93
ID-#03393-B!;2026-10-22;Waterfront;Bayview Hospital;ER;65;93;88
ID-#01968-Z!;2026-10-15;West;Westview Hospital;General;-;94;115
ID-#00418-Y!;2026-10-24;Waterfront;Bayview Hospital;ICU;39;94;106
ID-#04833-H!;2026-10-22;East;Eastern Health;General;61;81;70
ID-#00499-X!;2026-10-24;Industrial;Workers Health Center;ER;43;80;76
ID-#01913-G!;2026-10-19;North;Northern Medical;General;33;99;72
ID-#00481-G!;2026-10-09;Industrial;Industrial Med;General;-;99;77
ID-#06249-O!;2026-10-21;Industrial;Industrial Med;ER;23;91;106
ID-#07040-C!;2026-10-24;South;South Park Hospital;ER;19;94;118
ID-#07240-O!;2026-10-16;North;Northern Medical;ICU;-;100;104
ID-#04708-A!;2026-10-26;Waterfront;Bayview Hospital;ICU;36;98;91
ID-#08232-M!;2026-10-09;Industrial;Industrial Med;General;75;97;70
ID-#06801-H!;2026-10-24;West;Westview Hospital;ICU;22;93;96
ID-#00943-D!;2026-10-19;South;South Park Hospital;ICU;37;97;N/A
ID-#03088-I!;2026-10-14;Industrial;Industrial Med;ER;21;94;101
ID-#00681-V!;2026-10-22;East;Eastern Health;General;64;92;74
ID-#01666-D!;2026-10-21;West;Westview Hospital;General;45;100;116
ID-#02414-Y!;2026-10-19;Central;Metropolis General;ICU;63;95;72
ID-#07057-W!;2026-10-27;East;East Point Med;ER;28;80;78
ID-#06334-L!;2026-10-10;Central;Central Care;ER;-;96;73
ID-#04873-G!;2026-10-07;Industrial;Industrial Med;ER;45;93;103
ID-#03936-C!;2026-10-19;West;Westview Hospital;General;33;99;70
ID-#04057-N!;2026-10-19;Waterfront;Bayview Hospital;ICU;36;100;97
ID-#04450-P!;2026-10-15;West;Westview Hospital;ER;87;100;96
ID-#08297-G!;2026-10-19;South;South Park Hospital;Observation;75;98;107
ID-#05622-T!;2026-10-02;Waterfront;Bayview Hospital;ER;76;99;93
ID-#07080-P!;2026-10-04;South;South Park Hospital;General;80;93;N/A
ID-#04320-H!;2026-10-02;South;South Park Hospital;General;44;96;94
ID-#02898-W!;2026-10-20;Central;Central Care;General;80;99;98
ID-#06092-P!;2026-10-03;Industrial;Workers Health Center;Observation;35;94;87
ID-#06328-Z!;2026-10-16;Waterfront;Bayview Hospital;ER;59;97;71
ID-#05953-C!;2026-10-04;Industrial;Workers Health Center;General;24;95;90
ID-#02281-Q!;2026-10-22;Industrial;Workers Health Center;General;60;87;119
ID-#07837-N!;2026-10-26;North;Northern Medical;General;18;98;101
ID-#05177-K!;2026-10-19;North;Northside Clinic;ER;32;100;N/A
ID-#04645-L!;2026-10-25;South;South Park Hospital;ICU;54;99;80
ID-#02760-N!;2026-10-25;Central;Central Care;General;61;100;106
ID-#06628-R!;2026-10-25;Industrial;Workers Health Center;General;53;82;89
ID-#05158-Z!;2026-10-26;Industrial;Workers Health Center;ER;80;83;113
ID-#07115-E!;2026-10-24;West;Westview Hospital;ICU;57;94;78
**ID_03190?I;2026-10-30;North;Northside Clinic;ER;-;95;88
**ID_00883?P;2026-10-23;West;Westview Hospital;Observation;57;99;114
ID-#00889-G!;2026-10-03;West;Westview Hospital;ER;75;97;71
ID-#08252-E!;2026-10-24;East;Eastern Health;General;85;83;97
**ID_02506?P;2026-10-19;Central;Metropolis General;ER;83;93;73
ID-#07780-R!;2026-10-22;North;Northside Clinic;ER;34;96;108
ID-#07601-U!;2026-10-03;South;South Park Hospital;ER;-;99;108
ID-#07502-A!;2026-10-19;South;South Park Hospital;ER;61;100;79
ID-#04113-X!;2026-10-18;South;South Park Hospital;General;24;95;93
ID-#06959-R!;2026-10-28;East;Eastern Health;ER;80;89;92
ID-#02203-M!;2026-10-21;South;South Park Hospital;Observation;61;94;88
ID-#07170-T!;2026-10-19;Industrial;Industrial Med;General;62;-;101
ID-#00867-T!;2026-10-23;Waterfront;Bayview Hospital;General;22;99;100
ID-#00648-F!;2026-10-04;East;Eastern Health;General;86;93;117
ID-#03237-Q!;2026-10-16;Waterfront;Bayview Hospital;ER;62;97;73
ID-#01116-R!;2026-10-25;Central;Central Care;ICU;64;99;103
ID-#06296-Z!;2026-10-24;Industrial;Workers Health Center;ER;89;82;113
ID-#05680-T!;2026-10-09;Industrial;Workers Health Center;General;59;93;99
ID-#03835-Q!;2026-10-21;Waterfront;Bayview Hospital;ICU;63;96;98
ID-#00252-X!;2026-10-25;Waterfront;Bayview Hospital;ER;44;95;116
**ID_00466?S;2026-10-21;South;South Park Hospital;General;58;99;111
ID-#02891-T!;2026-10-12;South;South Park Hospital;General;72;95;110
ID-#01942-O!;2026-10-18;South;South Park Hospital;General;56;95;93
ID-#01000-X!;2026-10-20;Industrial;Industrial Med;ICU;84;87;104
ID-#02081-S!;2026-10-17;South;South Park Hospital;ICU;55;94;113
ID-#06607-Z!;2026-10-24;East;Eastern Health;ER;60;80;120
ID-#04054-L!;2026-10-26;West;Westview Hospital;ER;40;-;93
ID-#07429-K!;2026-10-18;Industrial;Workers Health Center;ER;78;93;88
ID-#02774-S!;2026-10-18;Industrial;Industrial Med;General;48;98;92
ID-#02763-U!;2026-10-15;South;South Park Hospital;ER;89;94;103
ID-#07624-D!;2026-10-10;South;South Park Hospital;ER;78;99;76
ID-#01702-D!;2026-10-24;Industrial;Workers Health Center;ER;-;90;119
ID-#07527-Q!;2026-10-25;South;South Park Hospital;ER;58;94;98
ID-#03714-H!;2026-10-15;South;South Park Hospital;ICU;51;95;109
ID-#00208-F!;2026-10-20;Waterfront;Bayview Hospital;ER;19;100;78
ID-#07317-E!;2026-10-06;Industrial;Industrial Med;ER;55;100;99
ID-#07193-D!;2026-10-23;Industrial;Workers Health Center;ICU;56;91;112
ID-#02048-W!;2026-10-19;East;East Point Med;General;65;91;112
ID-#06755-F!;2026-10-18;West;Westview Hospital;Observation;65;98;94
ID-#04927-I!;2026-10-20;West;Westview Hospital;Observation;87;97;97
ID-#07798-I!;2026-10-10;Waterfront;Bayview Hospital;General;60;96;87
ID-#00563-P!;2026-10-04;Waterfront;Bayview Hospital;ER;54;98;97
ID-#06257-F!;2026-10-19;Central;Metropolis General;General;40;94;75
ID-#02522-Y!;2026-10-30;South;South Park Hospital;General;-;97;91
ID-#05678-I!;2026-10-10;East;East Point Med;ICU;23;98;92
ID-#04701-O!;2026-10-19;North;Northern Medical;ER;32;97;86
ID-#03949-C!;2026-10-21;Central;Metropolis General;ER;84;-;N/A
ID-#04421-G!;2026-10-23;South;South Park Hospital;ER;28;93;80
ID-#00463-M!;2026-10-16;North;Northside Clinic;ER;27;99;109
ID-#03453-R!;2026-10-23;West;Westview Hospital;General;55;98;107
ID-#02719-T!;2026-10-08;Central;Metropolis General;ER;56;95;98
ID-#00140-J!;2026-10-13;North;Northside Clinic;ER;89;99;108
ID-#04911-O!;2026-10-24;South;South Park Hospital;General;51;98;112
**ID_00868?D;2026-10-19;North;Northside Clinic;Observation;70;93;115
**ID_00884?Y;2026-10-20;East;East Point Med;ER;76;82;84
ID-#05021-V!;2026-10-26;Industrial;Workers Health Center;ER;73;92;93
ID-#03219-C!;2026-10-07;Central;Metropolis General;ER;39;95;84
ID-#06093-S!;2026-10-20;Waterfront;Bayview Hospital;General;36;94;94
ID-#04541-H!;2026-10-19;South;South Park Hospital;ER;84;98;86
**ID_01647?J;2026-10-31;Central;Central Care;General;45;97;113
ID-#07822-J!;2026-10-19;Waterfront;Bayview Hospital;ICU;40;95;81
ID-#01191-M!;2026-10-23;West;Westview Hospital;ER;70;94;83
ID-#03828-T!;2026-10-24;North;Northern Medical;General;88;100;97
ID-#05889-H!;2026-10-19;South;South Park Hospital;Observation;-;100;80
ID-#05999-E!;2026-10-20;Industrial;Workers Health Center;ER;45;83;94
ID-#07004-D!;2026-10-21;South;South Park Hospital;ICU;75;96;119
ID-#07580-J!;2026-10-20;Central;Central Care;ICU;23;93;71
ID-#01574-H!;2026-10-31;Central;Central Care;ER;41;97;116
ID-#03146-H!;2026-10-25;West;Westview Hospital;ER;23;98;101
ID-#02014-K!;2026-10-25;Central;Central Care;ICU;49;99;93
ID-#02618-U!;2026-10-09;East;Eastern Health;ER;72;98;114
ID-#05000-E!;2026-10-24;Central;Metropolis General;General;64;95;87
ID-#07006-A!;2026-10-11;South;South Park Hospital;ER;55;99;N/A
ID-#03376-Z!;2026-10-11;Waterfront;Bayview Hospital;ER;83;96;101
**ID_05518?G;2026-10-22;East;Eastern Health;ICU;-;85;74
ID-#08006-P!;2026-10-15;South;South Park Hospital;ER;28;94;98
ID-#00125-E!;2026-10-21;West;Westview Hospital;General;77;100;105
ID-#02845-S!;2026-10-22;Waterfront;Bayview Hospital;General;71;97;78
ID-#01594-C!;2026-10-18;South;South Park Hospital;ICU;44;100;93
ID-#01844-J!;2026-10-08;East;Eastern Health;ER;64;100;90
ID-#07560-D!;2026-10-22;North;Northern Medical;General;19;-;83
**ID_06127?I;2026-10-07;West;Westview Hospital;General;66;93;73
ID-#01523-A!;2026-10-25;Central;Metropolis General;ER;72;100;103
ID-#01517-N!;2026-10-13;South;South Park Hospital;ER;57;100;93
ID-#02391-D!;2026-10-12;Central;Metropolis General;ER;31;96;70
ID-#05848-R!;2026-10-07;East;East Point Med;ICU;40;95;108
**ID_01199?Y;2026-10-21;North;Northside Clinic;ICU;-;95;93
ID-#08100-Z!;2026-10-27;Waterfront;Bayview Hospital;ER;64;96;102
ID-#03531-A!;2026-10-10;East;East Point Med;ICU;36;93;107
ID-#05803-U!;2026-10-23;Waterfront;Bayview Hospital;General;66;99;78
ID-#05509-E!;2026-10-15;West;Westview Hospital;ER;79;94;113
ID-#02438-V!;2026-10-19;East;East Point Med;ICU;89;90;93
ID-#07454-X!;2026-10-20;East;Eastern Health;General;41;85;79
ID-#01380-P!;2026-10-26;Waterfront;Bayview Hospital;ICU;83;98;77
ID-#07026-H!;2026-10-11;Central;Metropolis General;ICU;48;94;115
ID-#06309-I!;2026-10-08;West;Westview Hospital;ICU;-;98;114
ID-#01367-X!;2026-10-07;East;Eastern Health;General;65;100;80
ID-#02670-L!;2026-10-25;West;Westview Hospital;ER;83;94;112
ID-#02928-L!;2026-10-24;East;East Point Med;ER;19;83;107
ID-#01335-Q!;2026-10-26;Industrial;Industrial Med;General;43;90;80
ID-#03565-F!;2026-10-23;Industrial;Workers Health Center;ER;55;86;77
ID-#05729-M!;2026-10-13;South;South Park Hospital;ER;53;95;118
ID-#02954-M!;2026-10-25;Central;Metropolis General;General;45;93;116
ID-#00973-K!;2026-10-30;West;Westview Hospital;Observation;72;99;107
ID-#01463-B!;2026-10-15;Waterfront;Bayview Hospital;ER;40;98;87
**ID_04058?T;2026-10-03;Central;Metropolis General;ICU;74;-;118
ID-#03095-R!;2026-10-23;Central;Central Care;ER;24;94;71
**ID_01939?F;2026-10-25;Central;Metropolis General;ER;74;96;102
**ID_07369?F;2026-10-05;North;Northern Medical;ICU;20;93;72
ID-#00204-M!;2026-10-24;West;Westview Hospital;ER;59;-;113
ID-#07610-J!;2026-10-19;Central;Central Care;ER;25;95;85
ID-#01304-V!;2026-10-25;Waterfront;Bayview Hospital;General;53;93;102
ID-#06155-B!;2026-10-25;Waterfront;Bayview Hospital;ER;43;93;110
ID-#02588-X!;2026-10-08;Waterfront;Bayview Hospital;General;49;93;92
ID-#05682-P!;2026-10-05;South;South Park Hospital;ICU;61;94;105
**ID_02827?R;2026-10-13;South;South Park Hospital;General;80;99;N/A
ID-#06149-I!;2026-10-12;North;Northern Medical;ICU;85;99;103
**ID_02742?S;2026-10-30;Central;Central Care;Observation;58;98;N/A
ID-#02963-L!;2026-10-26;Central;Metropolis General;General;89;98;70
ID-#01388-B!;2026-10-06;West;Westview Hospital;ER;23;95;83
ID-#03120-P!;2026-10-05;West;Westview Hospital;ICU;46;99;72
ID-#06858-K!;2026-10-02;Industrial;Workers Health Center;ER;59;100;108
ID-#04723-B!;2026-10-21;Central;Metropolis General;ICU;62;94;82
ID-#06373-G!;2026-10-27;Industrial;Industrial Med;General;24;82;109
ID-#07270-B!;2026-10-21;South;South Park Hospital;ER;57;97;108
ID-#02951-U!;2026-10-20;North;Northern Medical;ER;65;98;99
ID-#08310-K!;2026-10-23;East;Eastern Health;General;83;81;72
ID-#03994-A!;2026-10-22;West;Westview Hospital;ER;65;98;109
ID-#08028-G!;2026-10-26;Industrial;Workers Health Center;ER;24;84;107
**ID_05654?Q;2026-10-20;East;Eastern Health;General;42;82;84
ID-#00177-H!;2026-10-03;Waterfront;Bayview Hospital;General;24;94;81
ID-#06569-B!;2026-10-10;Industrial;Industrial Med;ER;57;99;117
**ID_06518?X;2026-10-25;South;South Park Hospital;Observation;86;98;75
ID-#03602-Q!;2026-10-03;South;South Park Hospital;General;84;94;94
ID-#02241-B!;2026-10-21;West;Westview Hospital;ER;22;98;95
ID-#01059-L!;2026-10-23;East;East Point Med;Observation;29;88;105
ID-#02192-A!;2026-10-09;East;Eastern Health;ER;83;97;112
ID-#02201-V!;2026-10-18;North;Northside Clinic;General;86;93;115
ID-#01108-I!;2026-10-24;North;Northside Clinic;ER;76;97;116
ID-#01023-S!;2026-10-07;Waterfront;Bayview Hospital;ICU;70;99;73
ID-#00284-D!;2026-10-17;South;South Park Hospital;ICU;60;96;90
ID-#05253-Q!;2026-10-02;Waterfront;Bayview Hospital;General;46;96;99
ID-#00629-L!;2026-10-06;West;Westview Hospital;ICU;47;96;93
ID-#00767-B!;2026-10-26;Industrial;Workers Health Center;General;71;91;85
**ID_08312?K;2026-10-28;Central;Central Care;General;35;96;99
ID-#05835-M!;2026-10-08;Waterfront;Bayview Hospital;ER;32;95;103
ID-#02721-T!;2026-10-19;South;South Park Hospital;ER;43;97;84
ID-#06736-T!;2026-10-13;Waterfront;Bayview Hospital;ER;18;100;111
ID-#01850-P!;2026-10-06;South;South Park Hospital;General;82;95;107
ID-#00257-A!;2026-10-20;North;Northern Medical;ER;62;93;110
ID-#04510-Q!;2026-10-11;Central;Metropolis General;ER;60;100;73
ID-#02396-Z!;2026-10-28;East;Eastern Health;Observation;62;91;75
ID-#04593-G!;2026-10-21;East;East Point Med;Observation;40;80;109
ID-#03518-Y!;2026-10-23;South;South Park Hospital;ICU;26;96;97
ID-#07121-U!;2026-10-23;North;Northern Medical;General;82;99;80
ID-#02489-R!;2026-10-04;Waterfront;Bayview Hospital;ICU;82;-;103
ID-#05853-I!;2026-10-26;West;Westview Hospital;ER;18;95;83
ID-#07889-O!;2026-10-25;Industrial;Industrial Med;ER;48;92;112
**ID_01358?F;2026-10-12;South;South Park Hospital;General;73;99;70
ID-#07937-P!;2026-10-10;Central;Metropolis General;General;47;100;118
ID-#02449-B!;2026-10-22;Industrial;Workers Health Center;ICU;29;89;81
ID-#01973-X!;2026-10-26;East;East Point Med;ICU;32;86;115
ID-#06441-O!;2026-10-13;Industrial;Industrial Med;ICU;49;99;82
ID-#06219-A!;2026-10-20;Industrial;Workers Health Center;ICU;-;89;75
ID-#06305-B!;2026-10-25;Waterfront;Bayview Hospital;ER;66;97;88
ID-#07409-O!;2026-10-19;North;Northern Medical;ICU;38;98;106
ID-#02172-X!;2026-10-24;South;South Park Hospital;ER;90;94;75
ID-#01027-D!;2026-10-14;South;South Park Hospital;General;59;98;90
ID-#02962-J!;2026-10-21;West;Westview Hospital;General;73;100;79
**ID_03940?F;2026-10-23;North;Northside Clinic;ER;85;93;104
ID-#03158-N!;2026-10-18;Central;Central Care;ER;60;97;92
ID-#03693-Z!;2026-10-20;Waterfront;Bayview Hospital;ER;32;96;102
ID-#03383-R!;2026-10-20;North;Northside Clinic;ER;29;99;81
ID-#07128-R!;2026-10-26;East;East Point Med;ICU;31;87;97
ID-#00052-H!;2026-10-17;Waterfront;Bayview Hospital;General;31;98;107
ID-#02304-A!;2026-10-23;North;Northern Medical;General;31;95;73
**ID_01858?D;2026-10-19;East;East Point Med;ER;87;89;74
**ID_03792?D;2026-10-24;West;Westview Hospital;ER;81;94;93
ID-#07059-A!;2026-10-20;West;Westview Hospital;Observation;44;97;118
ID-#02787-M!;2026-10-25;South;South Park Hospital;Observation;54;96;79
ID-#03598-L!;2026-10-19;South;South Park Hospital;ER;-;98;115
ID-#05959-M!;2026-10-04;South;South Park Hospital;General;43;100;112
ID-#07816-C!;2026-10-12;North;Northern Medical;Observation;79;100;N/A
ID-#04555-R!;2026-10-12;West;Westview Hospital;General;-;99;107
ID-#01686-D!;2026-10-19;South;South Park Hospital;ER;56;94;95
ID-#04759-L!;2026-10-26;Waterfront;Bayview Hospital;ER;43;95;86
ID-#02807-L!;2026-10-04;Central;Metropolis General;Observation;22;97;105
**ID_03174?N;2026-10-22;Central;Central Care;ER;26;93;116
**ID_01192?H;2026-10-19;West;Westview Hospital;General;21;96;N/A
ID-#01349-K!;2026-10-25;East;East Point Med;ICU;82;81;104
ID-#00525-G!;2026-10-22;Central;Central Care;ER;20;100;92
ID-#00221-J!;2026-10-19;Central;Central Care;ER;43;94;88
ID-#01521-Z!;2026-10-28;West;Westview Hospital;ICU;42;96;72
ID-#06862-L!;2026-10-23;South;South Park Hospital;General;79;96;102
ID-#06737-M!;2026-10-23;Central;Central Care;General;38;98;120
ID-#00528-H!;2026-10-03;Central;Central Care;ER;58;94;116
ID-#06502-L!;2026-10-11;Industrial;Workers Health Center;ER;86;98;112
ID-#01825-S!;2026-10-24;Waterfront;Bayview Hospital;ICU;77;-;101
ID-#04400-I!;2026-10-21;East;Eastern Health;Observation;77;91;80
ID-#00422-Y!;2026-10-11;East;Eastern Health;ICU;32;99;81
**ID_01401?W;2026-10-14;East;East Point Med;General;46;99;106
ID-#03499-F!;2026-10-21;South;South Park Hospital;ER;71;99;111
ID-#03011-K!;2026-10-26;West;Westview Hospital;ICU;86;97;72
ID-#02389-P!;2026-10-17;Waterfront;Bayview Hospital;Observation;56;97;72
ID-#00691-M!;2026-10-12;East;East Point Med;General;74;96;95
ID-#06945-E!;2026-10-04;Waterfront;Bayview Hospital;ER;42;-;94
ID-#04768-W!;2026-10-20;East;Eastern Health;ER;42;86;70
ID-#00716-Q!;2026-10-26;South;South Park Hospital;General;57;97;116
ID-#06828-A!;2026-10-23;South;South Park Hospital;General;29;93;76
ID-#03295-C!;2026-10-21;West;Westview Hospital;ER;53;97;87
ID-#07877-I!;2026-10-19;Waterfront;Bayview Hospital;ER;43;-;106
ID-#03306-P!;2026-10-22;West;Westview Hospital;ICU;89;95;118
ID-#01583-W!;2026-10-20;South;South Park Hospital;General;24;98;77
ID-#01646-P!;2026-10-31;East;Eastern Health;General;19;88;108
ID-#08197-V!;2026-10-20;South;South Park Hospital;ER;41;96;103
ID-#03964-K!;2026-10-11;East;East Point Med;ICU;80;97;103
**ID_03780?S;2026-10-19;Central;Metropolis General;General;86;96;89
ID-#04682-E!;2026-10-02;Waterfront;Bayview Hospital;ICU;86;100;N/A
ID-#06953-Y!;2026-10-10;Industrial;Industrial Med;Observation;38;100;75
ID-#00791-P!;2026-10-07;East;Eastern Health;General;80;94;70
ID-#04329-Y!;2026-10-16;East;Eastern Health;Observation;88;96;104
ID-#00180-M!;2026-10-04;West;Westview Hospital;ER;78;99;98
ID-#05732-Y!;2026-10-25;South;South Park Hospital;Observation;37;94;104
ID-#01834-C!;2026-10-06;Waterfront;Bayview Hospital;ER;31;95;120
ID-#07912-F!;2026-10-03;South;South Park Hospital;ICU;74;100;98
ID-#08363-Y!;2026-10-22;North;Northern Medical;General;-;98;84
ID-#03712-G!;2026-10-29;East;Eastern Health;General;72;84;104
ID-#02202-N!;2026-10-18;Waterfront;Bayview Hospital;Observation;78;93;111
ID-#05945-U!;2026-10-28;Industrial;Workers Health Center;General;57;87;89
ID-#01736-E!;2026-10-23;Industrial;Workers Health Center;ICU;64;88;90
**ID_07241?K;2026-10-08;South;South Park Hospital;ER;75;95;114
ID-#08305-E!;2026-10-07;Waterfront;Bayview Hospital;ER;64;93;93
ID-#03761-Z!;2026-10-07;North;Northside Clinic;ER;37;99;73
ID-#03718-F!;2026-10-25;West;Westview Hospital;ICU;44;100;107
ID-#02153-L!;2026-10-24;East;East Point Med;ICU;23;88;106
**ID_00645?H;2026-10-16;East;East Point Med;ICU;19;95;80
ID-#00972-D!;2026-10-21;North;Northside Clinic;ER;69;97;111
ID-#01783-W!;2026-10-19;Central;Metropolis General;General;48;97;114
ID-#00574-P!;2026-10-20;South;South Park Hospital;General;18;94;84
**ID_06934?Y;2026-10-27;Industrial;Workers Health Center;General;29;88;79
ID-#06691-B!;2026-10-27;East;East Point Med;ER;64;82;109
ID-#07484-V!;2026-10-06;East;East Point Med;General;59;94;75
ID-#07621-L!;2026-10-17;Industrial;Industrial Med;General;75;94;108
**ID_03615?A;2026-10-27;Industrial;Industrial Med;ER;31;91;88
ID-#07027-L!;2026-10-24;Waterfront;Bayview Hospital;ICU;69;97;80
**ID_07749?N;2026-10-31;East;East Point Med;ER;58;83;85
ID-#05141-Q!;2026-10-20;Waterfront;Bayview Hospital;ER;59;-;92
ID-#00238-M!;2026-10-10;Central;Central Care;General;-;97;75
ID-#00086-E!;2026-10-05;Waterfront;Bayview Hospital;ER;57;94;116
ID-#07549-F!;2026-10-22;South;South Park Hospital;ER;45;96;77
ID-#01876-X!;2026-10-25;Industrial;Workers Health Center;General;66;81;110
ID-#04544-P!;2026-10-20;Waterfront;Bayview Hospital;General;34;95;93
ID-#05503-Q!;2026-10-21;Waterfront;Bayview Hospital;General;90;96;85
ID-#01730-F!;2026-10-23;South;South Park Hospital;ER;58;98;104
ID-#06167-Z!;2026-10-24;North;Northern Medical;ICU;79;93;101
**ID_01075?Q;2026-10-23;Central;Metropolis General;ER;45;97;120
ID-#04233-G!;2026-10-10;Industrial;Workers Health Center;General;69;95;87
**ID_03266?A;2026-10-21;East;East Point Med;ER;67;81;101
ID-#03967-D!;2026-10-25;Industrial;Workers Health Center;ER;85;83;89
ID-#07567-W!;2026-10-15;South;South Park Hospital;General;32;99;94
ID-#07252-V!;2026-10-26;North;Northern Medical;General;68;99;74
ID-#00195-Y!;2026-10-23;West;Westview Hospital;General;57;93;87
ID-#01012-S!;2026-10-28;Waterfront;Bayview Hospital;ICU;38;100;107
ID-#00789-I!;2026-10-20;Central;Central Care;ER;49;94;82
ID-#03726-I!;2026-10-26;Waterfront;Bayview Hospital;General;43;100;72
ID-#04710-R!;2026-10-28;East;East Point Med;ER;-;92;102
ID-#06364-B!;2026-10-30;East;Eastern Health;Observation;46;90;103
ID-#07514-A!;2026-10-30;West;Westview Hospital;ER;44;99;74
ID-#07540-W!;2026-10-31;West;Westview Hospital;ER;78;100;84
ID-#04979-M!;2026-10-29;South;South Park Hospital;ER;50;93;108
**ID_01796?W;2026-10-19;Industrial;Industrial Med;Observation;66;84;117
ID-#02935-Z!;2026-10-05;West;Westview Hospital;ER;38;99;100
ID-#01556-P!;2026-10-14;East;Eastern Health;ER;20;93;70
ID-#07083-W!;2026-10-05;South;South Park Hospital;ER;58;94;81
ID-#03850-O!;2026-10-29;Central;Metropolis General;ER;38;-;105
ID-#00576-Y!;2026-10-23;East;East Point Med;ICU;-;92;72
ID-#03657-U!;2026-10-06;Industrial;Workers Health Center;ICU;56;-;93
ID-#02531-N!;2026-10-20;East;East Point Med;ICU;69;83;97
ID-#02392-M!;2026-10-06;South;South Park Hospital;ER;51;98;78
ID-#00861-L!;2026-10-10;Waterfront;Bayview Hospital;ER;22;100;110
ID-#02190-S!;2026-10-26;North;Northern Medical;ICU;84;-;103
ID-#02499-D!;2026-10-21;North;Northern Medical;General;77;93;80
ID-#02793-P!;2026-10-20;North;Northside Clinic;General;40;99;112
ID-#07860-O!;2026-10-25;Waterfront;Bayview Hospital;General;46;94;85
ID-#07947-E!;2026-10-04;North;Northern Medical;ER;76;94;103
ID-#00575-M!;2026-10-21;South;South Park Hospital;ER;73;100;115
**ID_04540?I;2026-10-18;West;Westview Hospital;ER;38;93;78
ID-#00432-T!;2026-10-11;North;Northside Clinic;ICU;70;95;73
ID-#04677-L!;2026-10-22;South;South Park Hospital;ER;66;98;N/A
**ID_03927?U;2026-10-08;Waterfront;Bayview Hospital;General;58;99;120
ID-#00034-Y!;2026-10-21;Waterfront;Bayview Hospital;ER;65;99;113
ID-#07999-A!;2026-10-26;East;East Point Med;ICU;-;91;89
ID-#03276-O!;2026-10-19;Industrial;Workers Health Center;ER;19;90;77
ID-#02452-I!;2026-10-04;Waterfront;Bayview Hospital;ER;61;97;88
ID-#03692-L!;2026-10-21;South;South Park Hospital;General;87;93;99
ID-#04069-N!;2026-10-20;West;Westview Hospital;ER;36;99;85
ID-#01194-O!;2026-10-10;Central;Central Care;ICU;-;96;78
ID-#07975-C!;2026-10-19;Central;Central Care;ER;-;95;108
ID-#07526-Z!;2026-10-22;Central;Metropolis General;ER;60;97;71
ID-#05550-W!;2026-10-22;Central;Central Care;ICU;78;97;N/A
ID-#01236-F!;2026-10-30;North;Northside Clinic;General;36;97;93
ID-#08307-U!;2026-10-19;North;Northern Medical;General;60;100;88
ID-#02984-Q!;2026-10-19;West;Westview Hospital;ER;65;96;90
ID-#08208-B!;2026-10-24;West;Westview Hospital;General;56;99;87
ID-#07819-K!;2026-10-14;North;Northside Clinic;General;56;93;106
ID-#02431-D!;2026-10-22;Industrial;Workers Health Center;ER;22;90;73
ID-#05307-I!;2026-10-26;Waterfront;Bayview Hospital;ICU;43;93;87
ID-#04826-J!;2026-10-26;Central;Metropolis General;General;63;93;81
ID-#07085-W!;2026-10-05;South;South Park Hospital;General;59;96;80
ID-#07370-X!;2026-10-17;Central;Metropolis General;General;-;100;84
ID-#06131-S!;2026-10-03;Industrial;Industrial Med;ER;68;95;91
ID-#00282-S!;2026-10-29;Waterfront;Bayview Hospital;ICU;25;95;87
ID-#07349-H!;2026-10-06;Industrial;Industrial Med;General;41;100;107
ID-#00231-R!;2026-10-27;Waterfront;Bayview Hospital;ICU;38;98;79
ID-#02475-D!;2026-10-21;West;Westview Hospital;General;50;94;90
ID-#06810-T!;2026-10-09;North;Northern Medical;Observation;63;99;109
ID-#07829-I!;2026-10-08;Central;Central Care;ICU;88;93;85
ID-#03848-K!;2026-10-27;Waterfront;Bayview Hospital;General;19;93;120
ID-#08326-O!;2026-10-25;Waterfront;Bayview Hospital;General;83;97;115
ID-#04037-H!;2026-10-13;North;Northside Clinic;ER;84;95;116
ID-#07443-A!;2026-10-07;Waterfront;Bayview Hospital;General;90;93;117
ID-#02549-Y!;2026-10-23;East;East Point Med;Observation;61;91;83
ID-#02095-Z!;2026-10-19;Industrial;Industrial Med;ER;68;91;110
ID-#01632-B!;2026-10-28;Waterfront;Bayview Hospital;General;66;93;77
ID-#02969-B!;2026-10-24;West;Westview Hospital;Observation;18;97;109
ID-#04830-N!;2026-10-02;North;Northside Clinic;ICU;19;97;117
ID-#04276-Y!;2026-10-25;Industrial;Workers Health Center;ICU;25;91;115
ID-#01485-K!;2026-10-07;West;Westview Hospital;ER;46;96;73
ID-#01593-G!;2026-10-02;West;Westview Hospital;ER;54;100;119
ID-#06248-H!;2026-10-14;Central;Metropolis General;Observation;45;95;93
ID-#01181-Z!;2026-10-22;Industrial;Industrial Med;ER;67;84;120
ID-#04816-A!;2026-10-10;North;Northside Clinic;ICU;37;93;106
ID-#03742-F!;2026-10-23;Waterfront;Bayview Hospital;General;60;94;N/A
ID-#03627-J!;2026-10-24;North;Northern Medical;Observation;78;97;90
ID-#05170-T!;2026-10-29;East;East Point Med;General;26;91;108
ID-#03972-M!;2026-10-25;West;Westview Hospital;ER;24;93;101
ID-#08443-W!;2026-10-29;Industrial;Industrial Med;General;74;89;90
ID-#04523-A!;2026-10-24;North;Northside Clinic;General;73;98;92
ID-#05769-G!;2026-10-27;East;East Point Med;General;66;-;97
ID-#02016-Q!;2026-10-07;North;Northside Clinic;General;69;98;92
ID-#06266-V!;2026-10-18;West;Westview Hospital;General;64;93;72
ID-#02310-U!;2026-10-06;North;Northern Medical;ER;71;99;91
**ID_02775?H;2026-10-19;South;South Park Hospital;General;-;100;75
ID-#08043-R!;2026-10-23;South;South Park Hospital;General;37;98;105
ID-#01082-G!;2026-10-27;Central;Central Care;ER;38;96;110
ID-#07810-P!;2026-10-15;Central;Central Care;General;47;99;87
**ID_07214?P;2026-10-23;West;Westview Hospital;General;34;99;91
ID-#05245-Q!;2026-10-21;East;Eastern Health;ICU;46;91;84
ID-#01855-X!;2026-10-12;East;Eastern Health;Observation;85;99;116
ID-#08190-Z!;2026-10-08;South;South Park Hospital;ER;43;94;105
ID-#05323-K!;2026-10-09;Central;Central Care;ICU;72;94;78
ID-#04401-C!;2026-10-19;North;Northside Clinic;ER;57;95;96
ID-#06673-Y!;2026-10-13;Industrial;Industrial Med;General;65;98;81
**ID_07493?D;2026-10-23;East;Eastern Health;ER;75;87;86
ID-#03858-G!;2026-10-27;Central;Metropolis General;General;69;96;N/A
**ID_01782?S;2026-10-18;Industrial;Industrial Med;ICU;85;95;74
ID-#04996-J!;2026-10-03;South;South Park Hospital;General;53;94;84
ID-#06192-U!;2026-10-29;East;East Point Med;ICU;19;82;97
ID-#04275-P!;2026-10-10;West;Westview Hospital;General;76;96;83
**ID_03289?G;2026-10-20;West;Westview Hospital;ICU;60;97;76
ID-#03708-S!;2026-10-22;Waterfront;Bayview Hospital;ER;84;99;113
ID-#01900-J!;2026-10-22;South;South Park Hospital;ICU;22;93;83
ID-#04279-S!;2026-10-12;North;Northern Medical;ER;-;95;75
ID-#05842-G!;2026-10-10;Central;Metropolis General;ER;20;95;109
ID-#07020-C!;2026-10-19;Industrial;Industrial Med;ICU;40;83;103
ID-#08325-O!;2026-10-06;South;South Park Hospital;ER;85;93;89
ID-#05203-E!;2026-10-10;North;Northside Clinic;General;32;97;76
ID-#02089-T!;2026-10-18;Waterfront;Bayview Hospital;General;51;94;83
ID-#06130-V!;2026-10-31;Industrial;Industrial Med;General;44;81;103
**ID_03213?B;2026-10-22;South;South Park Hospital;Observation;64;99;83
ID-#01363-P!;2026-10-29;North;Northside Clinic;General;85;95;81
ID-#05620-G!;2026-10-25;Central;Metropolis General;ER;86;97;86
ID-#01638-C!;2026-10-05;North;Northern Medical;General;38;96;117
ID-#07559-J!;2026-10-16;Industrial;Workers Health Center;ER;62;99;73
ID-#04707-O!;2026-10-23;Central;Central Care;ER;66;-;84
ID-#01320-A!;2026-10-07;Central;Metropolis General;ER;52;98;100
ID-#02188-Q!;2026-10-22;South;South Park Hospital;ICU;42;96;109
ID-#04867-F!;2026-10-19;Industrial;Industrial Med;Observation;86;89;90
ID-#02121-O!;2026-10-26;Central;Central Care;ER;57;93;104
ID-#05800-V!;2026-10-13;Central;Central Care;General;32;99;81
ID-#06253-M!;2026-10-22;Waterfront;Bayview Hospital;Observation;88;100;111
ID-#01932-Y!;2026-10-27;North;Northside Clinic;ER;37;94;112
ID-#07177-V!;2026-10-31;Industrial;Industrial Med;ICU;35;-;112
ID-#05575-J!;2026-10-22;Waterfront;Bayview Hospital;General;29;100;N/A
ID-#04499-K!;2026-10-23;South;South Park Hospital;General;84;100;72
ID-#07435-A!;2026-10-19;Industrial;Workers Health Center;ER;87;81;120
**ID_03351?J;2026-10-20;Waterfront;Bayview Hospital;ER;21;97;96
ID-#07598-Y!;2026-10-24;East;East Point Med;ER;68;89;117
ID-#00390-J!;2026-10-17;Industrial;Industrial Med;ICU;67;95;119
**ID_00580?Q;2026-10-20;East;East Point Med;ER;29;89;117
ID-#04222-Q!;2026-10-24;South;South Park Hospital;General;27;94;99
**ID_08010?A;2026-10-27;East;Eastern Health;ER;60;90;95
ID-#03752-B!;2026-10-14;East;East Point Med;ER;42;100;77
ID-#01120-C!;2026-10-26;Central;Metropolis General;General;70;96;76
ID-#02786-P!;2026-10-22;Industrial;Industrial Med;ER;55;82;76
ID-#01759-Q!;2026-10-05;Industrial;Workers Health Center;ER;66;96;93
ID-#02600-Q!;2026-10-19;Central;Central Care;General;50;100;104
ID-#03032-C!;2026-10-25;Waterfront;Bayview Hospital;ER;21;97;103
ID-#07414-O!;2026-10-06;South;South Park Hospital;Observation;19;96;87
ID-#06660-G!;2026-10-02;South;South Park Hospital;ER;69;98;115
ID-#00666-Y!;2026-10-14;Central;Metropolis General;ER;35;98;74
ID-#04777-A!;2026-10-24;Waterfront;Bayview Hospital;ER;52;95;91
ID-#00311-W!;2026-10-09;Waterfront;Bayview Hospital;General;74;93;82
ID-#05997-Z!;2026-10-24;Industrial;Industrial Med;ICU;47;84;94
ID-#05961-E!;2026-10-24;North;Northern Medical;ER;20;100;92
ID-#02926-A!;2026-10-25;South;South Park Hospital;ER;87;96;84
ID-#00053-G!;2026-10-28;Central;Central Care;ICU;53;95;72
ID-#07687-L!;2026-10-24;South;South Park Hospital;ICU;20;94;98
ID-#02213-Z!;2026-10-24;South;South Park Hospital;General;67;100;93
ID-#02147-U!;2026-10-26;Waterfront;Bayview Hospital;General;89;98;85
ID-#05596-K!;2026-10-18;Industrial;Industrial Med;ER;54;99;110
**ID_05614?X;2026-10-08;North;Northern Medical;ER;64;99;88
ID-#05460-J!;2026-10-12;Waterfront;Bayview Hospital;ER;69;94;81
ID-#02757-F!;2026-10-23;West;Westview Hospital;ICU;78;96;81
ID-#06549-G!;2026-10-23;North;Northside Clinic;ER;86;95;77
ID-#05795-X!;2026-10-18;West;Westview Hospital;ICU;44;93;79
ID-#04471-V!;2026-10-25;East;Eastern Health;ER;22;92;117
ID-#02382-K!;2026-10-08;South;South Park Hospital;ER;34;95;102
ID-#04976-O!;2026-10-19;Central;Central Care;ER;-;93;95
ID-#02547-T!;2026-10-11;East;East Point Med;ICU;66;97;110
ID-#03529-D!;2026-10-25;East;Eastern Health;Observation;33;88;73
ID-#04580-Z!;2026-10-26;North;Northside Clinic;ER;-;95;80
**ID_04943?I;2026-10-10;North;Northern Medical;ER;74;94;87
**ID_00704?Y;2026-10-02;West;Westview Hospital;ER;80;97;77
ID-#06067-D!;2026-10-26;North;Northside Clinic;ER;46;97;110
ID-#00381-I!;2026-10-21;South;South Park Hospital;ER;86;96;107
ID-#03628-A!;2026-10-21;South;South Park Hospital;ER;58;97;106
ID-#02651-Z!;2026-10-18;Central;Central Care;General;72;96;101
ID-#04015-V!;2026-10-29;South;South Park Hospital;Observation;61;96;97
ID-#07818-Y!;2026-10-25;Waterfront;Bayview Hospital;General;45;94;106
ID-#02208-W!;2026-10-18;East;Eastern Health;General;68;98;95
ID-#05211-F!;2026-10-18;Waterfront;Bayview Hospital;General;28;94;89
**ID_02340?S;2026-10-26;Waterfront;Bayview Hospital;General;30;100;117
ID-#01102-J!;2026-10-17;South;South Park Hospital;General;41;96;104
ID-#03386-H!;2026-10-17;Waterfront;Bayview Hospital;ICU;51;93;91
ID-#03056-M!;2026-10-24;South;South Park Hospital;General;87;94;93
**ID_02328?Q;2026-10-03;East;East Point Med;General;60;98;108
ID-#07070-U!;2026-10-21;East;Eastern Health;ER;50;80;113
ID-#00364-H!;2026-10-16;Industrial;Industrial Med;Observation;20;99;101
ID-#02554-V!;2026-10-22;South;South Park Hospital;ER;61;98;110
ID-#04345-J!;2026-10-19;East;East Point Med;General;30;81;92
ID-#00430-O!;2026-10-21;Central;Central Care;ICU;85;93;115
ID-#05649-I!;2026-10-17;North;Northside Clinic;ICU;71;93;118
ID-#04879-B!;2026-10-26;Industrial;Workers Health Center;ER;63;81;83
ID-#03822-M!;2026-10-19;East;East Point Med;General;77;88;89
ID-#01595-Z!;2026-10-08;West;Westview Hospital;ER;21;100;78
ID-#05566-V!;2026-10-16;Waterfront;Bayview Hospital;General;50;97;88
ID-#06344-R!;2026-10-26;East;Eastern Health;ER;18;91;97
ID-#01875-G!;2026-10-19;South;South Park Hospital;ER;83;95;120
ID-#05104-T!;2026-10-19;North;Northside Clinic;ER;-;99;103
ID-#06315-Y!;2026-10-11;Waterfront;Bayview Hospital;ER;70;96;79
ID-#02815-M!;2026-10-22;South;South Park Hospital;ER;62;99;93
ID-#06420-A!;2026-10-04;South;South Park Hospital;ER;45;94;113
ID-#03490-M!;2026-10-13;South;South Park Hospital;General;25;100;92
ID-#06255-A!;2026-10-13;Central;Metropolis General;ER;47;94;115
ID-#04818-P!;2026-10-15;East;Eastern Health;ER;67;99;77
ID-#05512-K!;2026-10-21;Industrial;Industrial Med;ER;27;85;112
ID-#03599-X!;2026-10-22;Waterfront;Bayview Hospital;ER;63;99;84
ID-#06107-A!;2026-10-15;East;Eastern Health;General;67;95;104
**ID_05799?T;2026-10-26;South;South Park Hospital;ICU;-;99;86
**ID_08215?A;2026-10-26;South;South Park Hospital;ER;66;93;108
**ID_04398?K;2026-10-27;North;Northside Clinic;ICU;50;94;71
ID-#01282-D!;2026-10-23;Industrial;Industrial Med;ICU;76;91;92
ID-#07169-P!;2026-10-21;North;Northern Medical;General;73;100;86
ID-#07786-Y!;2026-10-24;Industrial;Industrial Med;General;31;88;78
ID-#03962-K!;2026-10-23;Industrial;Workers Health Center;ER;-;82;101
**ID_03681?M;2026-10-03;Central;Central Care;ICU;70;100;87
ID-#00114-E!;2026-10-23;West;Westview Hospital;General;46;98;120
ID-#02275-G!;2026-10-22;West;Westview Hospital;ER;41;96;81
ID-#06868-C!;2026-10-19;North;Northside Clinic;General;-;97;79
ID-#03525-W!;2026-10-20;West;Westview Hospital;ICU;28;97;95
ID-#06147-N!;2026-10-11;North;Northside Clinic;ER;53;97;104
ID-#04059-R!;2026-10-28;South;South Park Hospital;Observation;90;96;118
ID-#04127-Q!;2026-10-25;West;Westview Hospital;ICU;29;98;94
ID-#04449-Q!;2026-10-24;South;South Park Hospital;General;89;93;99
ID-#00760-J!;2026-10-20;East;East Point Med;ICU;75;90;87
ID-#03552-F!;2026-10-26;West;Westview Hospital;General;69;100;115
ID-#03057-O!;2026-10-17;Central;Central Care;General;60;97;97
ID-#00542-P!;2026-10-20;Central;Central Care;ER;86;95;105
**ID_04165?V;2026-10-24;Industrial;Workers Health Center;ER;78;-;93
ID-#00734-G!;2026-10-04;Central;Central Care;General;83;94;75
ID-#03216-D!;2026-10-25;East;Eastern Health;ER;72;84;119
ID-#07589-I!;2026-10-21;West;Westview Hospital;General;75;96;102
ID-#02983-X!;2026-10-16;South;South Park Hospital;General;40;96;74
ID-#04205-V!;2026-10-26;South;South Park Hospital;ICU;62;96;70
ID-#06818-I!;2026-10-09;Central;Central Care;General;41;100;95
ID-#05742-O!;2026-10-23;Waterfront;Bayview Hospital;ER;65;99;89
ID-#08294-N!;2026-10-21;Industrial;Industrial Med;General;60;81;116
ID-#07515-V!;2026-10-10;West;Westview Hospital;ER;80;97;105
ID-#01768-H!;2026-10-18;Central;Central Care;ICU;57;95;99
ID-#05843-C!;2026-10-26;Waterfront;Bayview Hospital;General;66;95;84
ID-#05529-J!;2026-10-31;South;South Park Hospital;ICU;54;100;87
ID-#01589-C!;2026-10-25;East;Eastern Health;ER;84;92;103
ID-#01411-H!;2026-10-24;Industrial;Workers Health Center;ER;37;85;96
ID-#00904-Y!;2026-10-08;West;Westview Hospital;ICU;50;97;81
ID-#02538-D!;2026-10-22;Waterfront;Bayview Hospital;ICU;55;96;89
ID-#03454-K!;2026-10-20;Waterfront;Bayview Hospital;ICU;86;100;70
ID-#05013-X!;2026-10-03;East;Eastern Health;ER;55;100;76
ID-#07832-V!;2026-10-29;North;Northern Medical;ER;22;100;76
ID-#02661-F!;2026-10-20;South;South Park Hospital;ER;77;98;111
ID-#06080-M!;2026-10-20;North;Northside Clinic;ER;-;99;80
ID-#03952-D!;2026-10-05;North;Northside Clinic;General;84;97;98
ID-#00294-Y!;2026-10-06;South;South Park Hospital;General;79;95;85
**ID_03959?E;2026-10-25;Central;Central Care;ER;65;98;118
ID-#06592-C!;2026-10-26;Industrial;Workers Health Center;General;30;90;80
ID-#01238-W!;2026-10-15;South;South Park Hospital;ER;48;95;113
ID-#08229-D!;2026-10-25;Central;Central Care;General;26;-;81
**ID_07045?X;2026-10-02;East;East Point Med;ER;75;94;100
ID-#07309-V!;2026-10-04;West;Westview Hospital;ICU;57;96;71
ID-#02517-L!;2026-10-28;Industrial;Industrial Med;General;84;87;111
ID-#04861-L!;2026-10-21;Central;Central Care;General;75;99;103
ID-#01420-B!;2026-10-25;North;Northside Clinic;General;49;98;94
ID-#00458-A!;2026-10-29;East;Eastern Health;Observation;44;82;77
ID-#06024-Z!;2026-10-29;Central;Central Care;ER;84;100;117
ID-#02064-V!;2026-10-15;West;Westview Hospital;ER;49;100;83
ID-#01599-Z!;2026-10-05;Waterfront;Bayview Hospital;ER;52;94;88
ID-#02521-J!;2026-10-15;Waterfront;Bayview Hospital;ER;19;98;104
ID-#07495-O!;2026-10-21;Industrial;Industrial Med;ER;-;86;N/A
**ID_04565?Q;2026-10-19;North;Northside Clinic;ER;19;94;116
ID-#00065-V!;2026-10-11;North;Northside Clinic;General;-;100;97
ID-#05543-J!;2026-10-26;East;Eastern Health;ER;-;92;92
ID-#03238-T!;2026-10-21;North;Northside Clinic;ER;85;96;74
ID-#06504-U!;2026-10-23;South;South Park Hospital;ER;42;100;93
ID-#02319-P!;2026-10-21;North;Northside Clinic;ER;36;-;80
ID-#01074-S!;2026-10-29;Waterfront;Bayview Hospital;ER;55;95;118
ID-#03983-S!;2026-10-21;Central;Metropolis General;ER;73;100;112
ID-#04624-G!;2026-10-20;West;Westview Hospital;ER;48;96;70
ID-#04042-Q!;2026-10-14;North;Northern Medical;ER;69;97;85
ID-#04085-Q!;2026-10-27;Central;Central Care;ER;18;95;91
ID-#00062-W!;2026-10-28;North;Northside Clinic;General;75;95;107
ID-#05731-A!;2026-10-23;North;Northside Clinic;Observation;53;94;90
ID-#06952-H!;2026-10-21;South;South Park Hospital;ICU;26;94;110
ID-#01852-X!;2026-10-26;Central;Metropolis General;ER;61;96;100
ID-#01092-Q!;2026-10-20;Central;Central Care;General;53;97;95
ID-#01918-X!;2026-10-30;Central;Central Care;ER;32;98;84
ID-#06472-C!;2026-10-23;West;Westview Hospital;ICU;67;93;78
ID-#04072-I!;2026-10-20;West;Westview Hospital;ER;54;94;94
ID-#06291-C!;2026-10-14;Waterfront;Bayview Hospital;Observation;44;94;79
ID-#02637-C!;2026-10-23;South;South Park Hospital;ICU;20;99;106
ID-#05227-L!;2026-10-21;Waterfront;Bayview Hospital;ER;45;95;79
ID-#02919-O!;2026-10-03;East;East Point Med;General;50;93;104
ID-#03590-G!;2026-10-23;Waterfront;Bayview Hospital;General;-;95;110
**ID_00631?H;2026-10-23;West;Westview Hospital;General;65;93;86
ID-#01491-V!;2026-10-26;Waterfront;Bayview Hospital;ER;44;99;81
ID-#01371-K!;2026-10-20;South;South Park Hospital;General;45;96;89
ID-#00977-N!;2026-10-19;Industrial;Workers Health Center;ICU;67;81;106
ID-#03966-Y!;2026-10-03;North;Northern Medical;General;23;93;111
ID-#06511-R!;2026-10-15;Waterfront;Bayview Hospital;ER;51;99;92
ID-#05488-E!;2026-10-23;West;Westview Hospital;General;57;98;112
ID-#02872-W!;2026-10-02;Waterfront;Bayview Hospital;ER;25;94;102
ID-#07715-R!;2026-10-24;Central;Metropolis General;Observation;56;98;71
ID-#04703-Q!;2026-10-05;Waterfront;Bayview Hospital;Observation;40;99;108
ID-#07397-R!;2026-10-21;South;South Park Hospital;General;58;96;103
ID-#07078-E!;2026-10-10;East;Eastern Health;Observation;37;94;89
ID-#02026-C!;2026-10-30;Central;Metropolis General;ICU;76;98;97
ID-#02011-O!;2026-10-22;Central;Central Care;General;37;93;89
ID-#05712-D!;2026-10-07;South;South Park Hospital;General;37;94;100
ID-#04582-Q!;2026-10-26;West;Westview Hospital;ER;51;98;108
ID-#01790-C!;2026-10-22;Central;Central Care;General;24;99;98
**ID_05839?S;2026-10-17;West;Westview Hospital;General;78;97;86
**ID_01466?T;2026-10-26;West;Westview Hospital;ER;47;97;74
**ID_03134?P;2026-10-23;South;South Park Hospital;Observation;40;99;113
ID-#03802-M!;2026-10-22;East;East Point Med;ER;62;83;101
ID-#08319-X!;2026-10-22;Central;Metropolis General;General;-;97;88
ID-#00318-J!;2026-10-25;East;Eastern Health;ICU;41;83;109
ID-#04857-I!;2026-10-04;Waterfront;Bayview Hospital;ER;87;94;87
ID-#06163-Z!;2026-10-06;Industrial;Industrial Med;ER;21;96;74
ID-#00859-F!;2026-10-12;Waterfront;Bayview Hospital;ICU;53;100;116
ID-#05138-N!;2026-10-25;West;Westview Hospital;ER;33;97;75
ID-#04257-F!;2026-10-05;Waterfront;Bayview Hospital;ER;81;93;111
ID-#03595-L!;2026-10-26;West;Westview Hospital;General;44;98;N/A
ID-#06365-N!;2026-10-20;South;South Park Hospital;ER;63;97;78
ID-#03299-C!;2026-10-02;East;East Point Med;General;66;95;89
ID-#06919-O!;2026-10-20;Waterfront;Bayview Hospital;ICU;44;98;97
ID-#06154-F!;2026-10-27;North;Northside Clinic;ER;29;100;117
ID-#01985-C!;2026-10-13;West;Westview Hospital;Observation;89;93;74
ID-#04492-F!;2026-10-26;South;South Park Hospital;General;58;93;118
ID-#00174-V!;2026-10-23;North;Northside Clinic;Observation;27;100;108
ID-#07117-Z!;2026-10-22;North;Northern Medical;General;82;100;116
ID-#00625-V!;2026-10-17;Industrial;Workers Health Center;General;71;95;N/A
ID-#04237-D!;2026-10-26;East;Eastern Health;ER;85;80;99
ID-#01713-J!;2026-10-25;Industrial;Workers Health Center;ER;62;89;96
ID-#04635-V!;2026-10-18;South;South Park Hospital;ICU;69;97;109
ID-#06389-X!;2026-10-23;South;South Park Hospital;ER;72;98;105
ID-#04763-D!;2026-10-25;East;Eastern Health;ICU;50;91;105
ID-#05064-Y!;2026-10-19;East;Eastern Health;General;63;80;88
**ID_06009?R;2026-10-09;North;Northside Clinic;ER;31;98;81
ID-#06612-S!;2026-10-02;Central;Metropolis General;ER;39;99;90
**ID_02120?V;2026-10-23;South;South Park Hospital;ICU;-;-;N/A
ID-#04223-Y!;2026-10-19;South;South Park Hospital;Observation;-;93;88
**ID_05039?Z;2026-10-15;North;Northside Clinic;ICU;50;98;83
**ID_01318?O;2026-10-24;North;Northern Medical;ER;-;100;105
ID-#07466-C!;2026-10-26;West;Westview Hospital;General;52;100;117
ID-#05705-I!;2026-10-27;Waterfront;Bayview Hospital;Observation;26;96;81
ID-#06642-K!;2026-10-23;Industrial;Industrial Med;General;35;82;75
ID-#03352-O!;2026-10-14;South;South Park Hospital;General;56;99;83
ID-#02080-S!;2026-10-06;South;South Park Hospital;General;71;95;72
ID-#05640-Z!;2026-10-19;Waterfront;Bayview Hospital;General;46;98;118
ID-#08020-B!;2026-10-14;Waterfront;Bayview Hospital;General;68;100;90
ID-#05329-C!;2026-10-09;Central;Central Care;General;88;97;87
ID-#04061-T!;2026-10-25;South;South Park Hospital;ER;87;-;109
ID-#06004-W!;2026-10-20;West;Westview Hospital;General;81;95;103
ID-#07291-T!;2026-10-16;West;Westview Hospital;ICU;81;100;75
ID-#03686-S!;2026-10-19;South;South Park Hospital;General;67;94;117
ID-#00423-X!;2026-10-23;North;Northern Medical;General;77;99;107
ID-#08227-R!;2026-10-05;North;Northern Medical;ER;65;99;98
ID-#04336-P!;2026-10-22;Industrial;Workers Health Center;ICU;32;83;91
ID-#03470-M!;2026-10-21;South;South Park Hospital;Observation;37;97;113
ID-#07680-T!;2026-10-10;Industrial;Workers Health Center;ER;68;98;72
ID-#00462-C!;2026-10-19;East;Eastern Health;ICU;38;88;74
ID-#03091-C!;2026-10-22;Industrial;Workers Health Center;ICU;63;87;100
ID-#00872-D!;2026-10-29;Industrial;Workers Health Center;ER;84;88;93
ID-#01705-T!;2026-10-24;East;Eastern Health;General;63;89;N/A
ID-#03324-Q!;2026-10-09;North;Northern Medical;ER;75;98;71
ID-#05455-Y!;2026-10-30;East;Eastern Health;ER;78;83;N/A
ID-#03305-A!;2026-10-11;Central;Central Care;ER;39;98;116
ID-#01101-R!;2026-10-20;Industrial;Workers Health Center;General;54;80;95
**ID_04488?B;2026-10-26;South;South Park Hospital;ER;19;96;115
ID-#03695-U!;2026-10-12;Industrial;Industrial Med;ICU;72;98;N/A
ID-#01545-D!;2026-10-24;West;Westview Hospital;ER;-;99;85
ID-#06762-F!;2026-10-18;West;Westview Hospital;General;74;100;81
**ID_08288?V;2026-10-21;East;Eastern Health;Observation;90;83;88
ID-#03839-V!;2026-10-24;South;South Park Hospital;ER;38;93;79
ID-#03196-A!;2026-10-22;Industrial;Workers Health Center;ER;30;90;115
ID-#05672-M!;2026-10-23;Central;Central Care;ER;85;95;78
ID-#04601-B!;2026-10-15;East;East Point Med;ER;83;96;79
ID-#02816-D!;2026-10-25;Waterfront;Bayview Hospital;General;71;94;105
ID-#06565-Y!;2026-10-20;West;Westview Hospital;ER;76;94;99
ID-#06278-U!;2026-10-22;West;Westview Hospital;ER;33;100;81
ID-#05598-V!;2026-10-12;Waterfront;Bayview Hospital;ICU;51;99;93
ID-#03544-E!;2026-10-26;South;South Park Hospital;ER;61;94;117
ID-#06027-E!;2026-10-25;West;Westview Hospital;General;54;94;110
ID-#07476-W!;2026-10-03;North;Northern Medical;General;90;100;119
ID-#00776-Q!;2026-10-26;Waterfront;Bayview Hospital;ICU;41;95;70
ID-#05727-V!;2026-10-20;North;Northside Clinic;General;51;99;72
ID-#00117-G!;2026-10-20;Waterfront;Bayview Hospital;Observation;59;98;85
ID-#03900-M!;2026-10-16;East;Eastern Health;General;19;98;100
ID-#04109-G!;2026-10-20;East;East Point Med;ER;25;89;90
ID-#06476-T!;2026-10-18;Central;Metropolis General;ER;89;100;85
ID-#01898-V!;2026-10-29;South;South Park Hospital;General;89;95;102
**ID_08437?E;2026-10-04;South;South Park Hospital;General;88;98;103
ID-#05145-U!;2026-10-07;East;Eastern Health;ICU;66;99;73
**ID_04220?M;2026-10-16;East;Eastern Health;ER;86;97;97
ID-#04272-P!;2026-10-24;North;Northside Clinic;General;66;100;74
ID-#04924-P!;2026-10-24;Waterfront;Bayview Hospital;ER;-;99;80
ID-#03876-X!;2026-10-21;South;South Park Hospital;ER;-;95;104
ID-#02108-Z!;2026-10-22;Industrial;Industrial Med;ER;23;90;77
**ID_04846?U;2026-10-19;Central;Metropolis General;Observation;26;-;111
ID-#00289-R!;2026-10-14;South;South Park Hospital;ER;70;96;91
**ID_02186?X;2026-10-04;Industrial;Workers Health Center;ICU;44;98;106
ID-#07977-L!;2026-10-25;Waterfront;Bayview Hospital;General;27;95;96
ID-#02055-F!;2026-10-14;Central;Metropolis General;ICU;89;99;109
ID-#08056-O!;2026-10-21;West;Westview Hospital;General;68;95;118
ID-#06488-E!;2026-10-26;North;Northern Medical;Observation;34;93;92
**ID_00046?Z;2026-10-07;West;Westview Hospital;ICU;19;94;108
ID-#06129-P!;2026-10-19;North;Northern Medical;General;68;96;93
ID-#02456-X!;2026-10-24;Industrial;Industrial Med;ICU;-;90;87
**ID_07211?V;2026-10-09;Waterfront;Bayview Hospital;General;46;100;101
ID-#02374-V!;2026-10-11;West;Westview Hospital;General;43;98;89
ID-#01502-W!;2026-10-23;North;Northern Medical;ER;62;94;95
ID-#00447-U!;2026-10-24;Central;Central Care;General;29;95;108
ID-#06339-A!;2026-10-23;West;Westview Hospital;ER;60;94;114
ID-#04605-T!;2026-10-04;Waterfront;Bayview Hospital;Observation;34;95;104
ID-#00649-Z!;2026-10-23;Waterfront;Bayview Hospital;ICU;47;97;75
ID-#02380-E!;2026-10-08;East;East Point Med;ICU;33;98;91
ID-#08304-H!;2026-10-19;North;Northside Clinic;ER;56;96;107
ID-#08160-J!;2026-10-23;South;South Park Hospital;ICU;18;98;99
ID-#06539-Q!;2026-10-15;Industrial;Workers Health Center;General;30;96;80
ID-#02532-G!;2026-10-24;West;Westview Hospital;ICU;70;96;93
ID-#00979-Z!;2026-10-19;Industrial;Industrial Med;General;33;90;111
ID-#01294-M!;2026-10-26;Waterfront;Bayview Hospital;General;86;94;92
ID-#03200-N!;2026-10-26;North;Northern Medical;ER;32;97;78
ID-#08055-R!;2026-10-09;South;South Park Hospital;ER;47;98;91
ID-#04377-Q!;2026-10-19;Central;Metropolis General;General;45;95;93
ID-#06597-W!;2026-10-17;West;Westview Hospital;ER;66;96;71
ID-#05913-L!;2026-10-12;Central;Central Care;ER;43;100;109
ID-#04137-U!;2026-10-25;Waterfront;Bayview Hospital;ICU;62;93;93
**ID_02013?Y;2026-10-14;North;Northern Medical;General;42;100;81
ID-#03559-M!;2026-10-14;Central;Central Care;ER;78;97;112
ID-#01215-K!;2026-10-20;Industrial;Industrial Med;Observation;57;91;112
ID-#08402-B!;2026-10-30;East;East Point Med;ICU;38;87;81
ID-#05147-H!;2026-10-31;Industrial;Workers Health Center;ER;18;87;117
ID-#02558-B!;2026-10-08;East;Eastern Health;ER;-;93;107
ID-#05022-L!;2026-10-22;East;Eastern Health;ER;80;91;111
ID-#01731-S!;2026-10-24;Waterfront;Bayview Hospital;General;52;-;79
ID-#05105-U!;2026-10-03;Industrial;Workers Health Center;ICU;62;-;90
**ID_03538?U;2026-10-05;East;Eastern Health;ER;49;97;107
ID-#05019-N!;2026-10-11;North;Northside Clinic;General;86;95;105
**ID_03436?M;2026-10-22;Waterfront;Bayview Hospital;General;45;96;94
ID-#08152-Z!;2026-10-08;East;Eastern Health;ICU;40;97;110
ID-#00798-H!;2026-10-12;Waterfront;Bayview Hospital;ICU;61;-;96
ID-#02132-N!;2026-10-20;East;Eastern Health;ER;21;88;117
ID-#02336-H!;2026-10-27;South;South Park Hospital;Observation;34;99;114
ID-#06445-G!;2026-10-25;Waterfront;Bayview Hospital;ICU;60;99;114
**ID_03621?L;2026-10-22;East;Eastern Health;ER;61;80;114
ID-#02274-G!;2026-10-09;Central;Central Care;General;67;100;101
ID-#00885-B!;2026-10-07;East;East Point Med;ER;27;95;105
**ID_04923?G;2026-10-19;Central;Metropolis General;ER;28;-;107
ID-#00112-F!;2026-10-21;Central;Metropolis General;General;47;100;78
ID-#05294-Z!;2026-10-27;West;Westview Hospital;ER;24;100;95
ID-#04462-A!;2026-10-29;Waterfront;Bayview Hospital;General;44;93;112
ID-#00035-G!;2026-10-23;West;Westview Hospital;Observation;39;96;109
ID-#02368-W!;2026-10-25;West;Westview Hospital;ICU;77;97;114
**ID_06186?U;2026-10-26;North;Northern Medical;ICU;86;-;71
ID-#03456-P!;2026-10-24;Industrial;Industrial Med;ER;54;92;119
**ID_02585?N;2026-10-29;West;Westview Hospital;Observation;54;100;97
ID-#07789-Y!;2026-10-05;Industrial;Industrial Med;ER;72;94;92
ID-#01072-O!;2026-10-21;South;South Park Hospital;ICU;63;-;70
ID-#03870-V!;2026-10-19;Industrial;Workers Health Center;ER;60;89;72
**ID_02272?I;2026-10-04;West;Westview Hospital;General;24;-;97
ID-#01372-X!;2026-10-25;South;South Park Hospital;General;87;100;75
ID-#02870-A!;2026-10-24;Industrial;Industrial Med;Observation;23;86;104
ID-#03007-P!;2026-10-20;Industrial;Industrial Med;ER;61;84;85
ID-#05041-U!;2026-10-12;West;Westview Hospital;ICU;43;100;93
ID-#03277-B!;2026-10-22;East;Eastern Health;ICU;27;88;104
ID-#06234-S!;2026-10-22;West;Westview Hospital;General;28;-;104
**ID_01513?Z;2026-10-09;North;Northside Clinic;ER;85;99;87
ID-#03004-M!;2026-10-04;Waterfront;Bayview Hospital;ICU;86;95;120
ID-#07724-T!;2026-10-06;East;Eastern Health;Observation;40;100;115
ID-#07666-F!;2026-10-28;South;South Park Hospital;General;24;93;96
ID-#02487-Z!;2026-10-27;South;South Park Hospital;General;78;99;71
ID-#05444-M!;2026-10-19;South;South Park Hospital;General;20;96;74
ID-#03116-Z!;2026-10-20;South;South Park Hospital;Observation;88;98;108
ID-#00154-J!;2026-10-03;West;Westview Hospital;ICU;42;-;120
ID-#01022-U!;2026-10-26;North;Northside Clinic;General;20;96;103
ID-#06102-Z!;2026-10-17;Waterfront;Bayview Hospital;General;51;96;78
ID-#04144-U!;2026-10-22;Industrial;Industrial Med;ER;52;80;106
ID-#03854-H!;2026-10-22;North;Northside Clinic;ICU;81;95;108
ID-#06641-M!;2026-10-23;Central;Central Care;ER;87;100;83
ID-#00121-C!;2026-10-15;Waterfront;Bayview Hospital;ER;34;-;82
ID-#07953-U!;2026-10-20;Industrial;Workers Health Center;ER;38;92;97
ID-#00083-H!;2026-10-20;Waterfront;Bayview Hospital;General;51;95;118
**ID_06860?E;2026-10-20;Central;Metropolis General;ICU;39;93;96
ID-#01582-X!;2026-10-20;East;East Point Med;ER;40;82;101
ID-#03210-M!;2026-10-24;Central;Metropolis General;General;80;100;113
ID-#06763-T!;2026-10-20;Waterfront;Bayview Hospital;ICU;85;95;92
ID-#06039-E!;2026-10-18;South;South Park Hospital;General;19;100;88
ID-#00097-R!;2026-10-17;Waterfront;Bayview Hospital;General;88;94;75
ID-#05018-J!;2026-10-23;Central;Metropolis General;ER;49;99;99
ID-#03292-I!;2026-10-14;Industrial;Industrial Med;ER;-;97;91
ID-#05230-M!;2026-10-19;Industrial;Workers Health Center;ER;87;83;109
ID-#02094-T!;2026-10-26;Waterfront;Bayview Hospital;ER;55;95;80
ID-#07257-J!;2026-10-25;North;Northern Medical;ER;82;-;93
ID-#06412-E!;2026-10-03;Central;Metropolis General;General;83;97;91
ID-#06765-T!;2026-10-05;Waterfront;Bayview Hospital;ICU;59;100;83
ID-#00950-H!;2026-10-26;Industrial;Industrial Med;ER;42;82;94
**ID_06425?K;2026-10-25;Waterfront;Bayview Hospital;Observation;75;97;119
ID-#06721-O!;2026-10-06;East;East Point Med;ER;-;93;98
ID-#01674-Q!;2026-10-25;West;Westview Hospital;ER;31;97;110
**ID_05527?D;2026-10-02;North;Northside Clinic;ER;36;96;109
ID-#04518-K!;2026-10-21;South;South Park Hospital;ER;65;99;112
ID-#03668-A!;2026-10-23;West;Westview Hospital;General;87;95;79
ID-#01697-K!;2026-10-27;Waterfront;Bayview Hospital;General;40;95;73
ID-#07830-A!;2026-10-25;East;Eastern Health;General;23;91;97
ID-#06119-X!;2026-10-29;North;Northside Clinic;ER;61;99;75
ID-#01734-Y!;2026-10-24;Industrial;Industrial Med;ER;57;82;99
ID-#04156-J!;2026-10-08;Waterfront;Bayview Hospital;ER;45;99;120
ID-#05150-P!;2026-10-02;East;East Point Med;ER;87;99;91
ID-#02813-C!;2026-10-27;North;Northside Clinic;General;19;100;93
ID-#02976-R!;2026-10-31;Industrial;Workers Health Center;ER;51;80;92
ID-#08103-O!;2026-10-31;Industrial;Industrial Med;ER;83;90;115
ID-#07761-Q!;2026-10-15;Central;Central Care;General;31;96;90
ID-#00604-T!;2026-10-15;South;South Park Hospital;General;50;95;107
ID-#00376-B!;2026-10-18;Central;Central Care;ER;68;97;85
ID-#01717-A!;2026-10-18;East;Eastern Health;ER;88;93;80
ID-#06426-U!;2026-10-16;East;Eastern Health;ER;36;100;117
ID-#04576-X!;2026-10-13;Industrial;Industrial Med;ER;-;-;89
ID-#01168-Z!;2026-10-20;North;Northside Clinic;ICU;23;100;104
ID-#06580-I!;2026-10-22;South;South Park Hospital;General;22;99;114
ID-#06846-L!;2026-10-07;North;Northern Medical;ICU;79;93;110
ID-#05840-Q!;2026-10-21;Waterfront;Bayview Hospital;ER;78;97;91
**ID_00915?F;2026-10-21;South;South Park Hospital;General;70;-;115
ID-#01836-Q!;2026-10-07;North;Northern Medical;General;53;96;82
ID-#05569-V!;2026-10-18;North;Northern Medical;ER;61;97;70
**ID_08033?B;2026-10-26;North;Northern Medical;ICU;76;99;117
ID-#07180-I!;2026-10-29;North;Northside Clinic;General;78;94;85
ID-#04422-F!;2026-10-11;East;East Point Med;Observation;51;94;103
ID-#05909-H!;2026-10-20;West;Westview Hospital;ER;33;97;98
ID-#07643-A!;2026-10-21;East;Eastern Health;General;81;82;100
ID-#06387-J!;2026-10-26;East;Eastern Health;ICU;37;88;73
**ID_00813?S;2026-10-08;Industrial;Workers Health Center;ER;89;93;91
ID-#02471-E!;2026-10-16;South;South Park Hospital;ER;55;96;118
ID-#05508-E!;2026-10-07;Central;Metropolis General;ER;82;94;72
ID-#00781-K!;2026-10-17;Industrial;Industrial Med;Observation;36;94;120
ID-#03500-R!;2026-10-24;South;South Park Hospital;ICU;77;100;80
**ID_07496?W;2026-10-12;West;Westview Hospital;ER;44;96;73
ID-#07678-K!;2026-10-19;South;South Park Hospital;ER;27;99;74
ID-#00966-C!;2026-10-20;East;East Point Med;General;51;92;88
ID-#06022-X!;2026-10-05;Industrial;Industrial Med;ER;50;98;91
ID-#04124-P!;2026-10-19;Waterfront;Bayview Hospital;ER;49;100;85
ID-#05418-Q!;2026-10-21;East;Eastern Health;General;54;90;113
ID-#00759-V!;2026-10-03;South;South Park Hospital;Observation;68;95;99
ID-#01046-S!;2026-10-06;Waterfront;Bayview Hospital;General;46;96;95
**ID_07186?A;2026-10-20;East;East Point Med;ICU;71;82;113
ID-#01748-Z!;2026-10-25;West;Westview Hospital;ICU;83;96;116
ID-#02379-X!;2026-10-24;Central;Central Care;ICU;88;98;81
ID-#01303-E!;2026-10-24;Waterfront;Bayview Hospital;ER;58;95;90
ID-#07381-Q!;2026-10-25;West;Westview Hospital;ER;41;95;75
**ID_06277?M;2026-10-29;East;Eastern Health;General;-;91;89
ID-#04136-W!;2026-10-11;North;Northside Clinic;ICU;61;94;92
ID-#07963-C!;2026-10-10;Central;Central Care;General;47;96;81
ID-#03422-R!;2026-10-03;West;Westview Hospital;ER;83;100;93
ID-#00183-U!;2026-10-23;Waterfront;Bayview Hospital;Observation;50;94;120
ID-#01908-M!;2026-10-20;North;Northern Medical;ICU;50;97;91
ID-#07423-S!;2026-10-19;North;Northside Clinic;ICU;21;95;78
ID-#00413-Q!;2026-10-23;Central;Central Care;ER;78;-;89
ID-#07041-F!;2026-10-25;West;Westview Hospital;ER;45;98;100
ID-#07544-R!;2026-10-04;South;South Park Hospital;General;27;100;94
ID-#02888-N!;2026-10-30;North;Northern Medical;ICU;72;100;82
ID-#02789-N!;2026-10-25;North;Northern Medical;Observation;-;98;113
ID-#05608-D!;2026-10-07;West;Westview Hospital;ER;72;100;105
**ID_05288?D;2026-10-20;Industrial;Workers Health Center;ER;80;85;88
ID-#00877-D!;2026-10-04;East;Eastern Health;ICU;84;93;79
ID-#01693-H!;2026-10-21;West;Westview Hospital;General;33;97;120
ID-#07708-C!;2026-10-23;West;Westview Hospital;General;48;99;79
ID-#04036-I!;2026-10-04;Waterfront;Bayview Hospital;General;88;98;103
ID-#02856-I!;2026-10-29;Industrial;Industrial Med;General;46;80;72
ID-#06122-A!;2026-10-18;Central;Central Care;General;55;96;116
ID-#08255-X!;2026-10-25;South;South Park Hospital;ICU;70;96;110
ID-#03816-R!;2026-10-21;East;Eastern Health;ICU;55;81;95
ID-#00835-Z!;2026-10-19;Industrial;Workers Health Center;ICU;71;86;106
ID-#01607-S!;2026-10-15;North;Northern Medical;ER;49;96;77
ID-#05067-A!;2026-10-24;West;Westview Hospital;ER;24;-;86
ID-#06757-N!;2026-10-26;West;Westview Hospital;ICU;43;98;104
ID-#00313-V!;2026-10-29;East;East Point Med;ER;64;81;89
ID-#02149-W!;2026-10-29;Central;Metropolis General;ICU;19;99;113
ID-#05315-P!;2026-10-30;Industrial;Workers Health Center;General;52;80;85
ID-#01969-I!;2026-10-24;Industrial;Workers Health Center;General;18;80;118
ID-#01879-L!;2026-10-14;South;South Park Hospital;General;36;96;85
ID-#01536-W!;2026-10-29;Central;Central Care;ICU;88;96;84
ID-#00279-M!;2026-10-19;Industrial;Workers Health Center;General;65;88;89
ID-#06492-B!;2026-10-10;Waterfront;Bayview Hospital;ER;60;-;76
ID-#07433-C!;2026-10-20;North;Northern Medical;ER;46;98;75
ID-#04800-N!;2026-10-02;North;Northside Clinic;ER;44;94;76
ID-#02625-X!;2026-10-24;West;Westview Hospital;ICU;56;96;106
ID-#06143-X!;2026-10-18;Central;Central Care;ER;23;94;115
ID-#03748-N!;2026-10-22;West;Westview Hospital;ER;22;97;95
ID-#00624-F!;2026-10-20;Waterfront;Bayview Hospital;General;53;99;81
ID-#00756-A!;2026-10-25;East;East Point Med;ER;88;80;81
ID-#04616-S!;2026-10-22;North;Northside Clinic;Observation;85;97;104
ID-#04360-Q!;2026-10-22;West;Westview Hospital;ER;-;94;91
ID-#07286-Y!;2026-10-03;West;Westview Hospital;ICU;23;99;100
ID-#04269-U!;2026-10-26;Waterfront;Bayview Hospital;ICU;88;93;76
ID-#03428-M!;2026-10-21;East;East Point Med;General;60;86;70
ID-#02798-R!;2026-10-19;Industrial;Workers Health Center;ER;76;91;91
**ID_02788?R;2026-10-02;West;Westview Hospital;General;46;95;111
ID-#01453-L!;2026-10-06;Industrial;Workers Health Center;General;78;93;98
ID-#00548-I!;2026-10-26;Industrial;Industrial Med;General;86;85;110
ID-#06451-E!;2026-10-25;East;Eastern Health;ICU;20;90;112
ID-#04017-G!;2026-10-29;Waterfront;Bayview Hospital;ER;59;94;83
ID-#00436-R!;2026-10-28;South;South Park Hospital;General;63;96;99
ID-#07292-E!;2026-10-03;Waterfront;Bayview Hospital;General;83;98;114
**ID_03898?M;2026-10-20;Industrial;Workers Health Center;ER;63;82;89
ID-#03209-J!;2026-10-15;Central;Metropolis General;General;52;93;119
ID-#05671-L!;2026-10-19;South;South Park Hospital;General;22;100;107
ID-#07537-M!;2026-10-26;Central;Metropolis General;Observation;23;96;79
**ID_04239?K;2026-10-14;Industrial;Industrial Med;General;77;94;109
ID-#05996-R!;2026-10-22;Waterfront;Bayview Hospital;General;19;95;118
ID-#05302-Y!;2026-10-10;West;Westview Hospital;General;58;100;111
**ID_05860?C;2026-10-20;North;Northside Clinic;ER;71;100;99
ID-#00048-U!;2026-10-19;South;South Park Hospital;General;75;94;110
ID-#02867-W!;2026-10-21;Central;Metropolis General;General;51;97;82
ID-#00723-V!;2026-10-13;East;Eastern Health;General;56;98;87
ID-#05053-Q!;2026-10-23;East;Eastern Health;ICU;23;82;92
ID-#01842-L!;2026-10-23;West;Westview Hospital;General;40;98;102
ID-#05095-H!;2026-10-10;Waterfront;Bayview Hospital;ER;56;97;93
ID-#05804-G!;2026-10-10;Industrial;Industrial Med;ER;62;100;100
ID-#04704-B!;2026-10-21;Waterfront;Bayview Hospital;Observation;-;93;105
ID-#02362-D!;2026-10-20;Waterfront;Bayview Hospital;ER;56;100;79
ID-#04110-J!;2026-10-19;East;Eastern Health;Observation;25;87;94
**ID_00102?Y;2026-10-11;Waterfront;Bayview Hospital;ICU;52;95;73
ID-#04409-U!;2026-10-11;South;South Park Hospital;Observation;38;97;108
ID-#07028-Q!;2026-10-02;Waterfront;Bayview Hospital;ER;54;99;119
ID-#01548-H!;2026-10-25;South;South Park Hospital;ER;43;94;89
**ID_06854?I;2026-10-10;South;South Park Hospital;ER;52;99;106
ID-#02484-Z!;2026-10-14;West;Westview Hospital;Observation;18;99;106
ID-#03629-R!;2026-10-16;Industrial;Workers Health Center;ER;77;99;106
**ID_07389?G;2026-10-25;East;Eastern Health;ER;68;81;101
ID-#06969-K!;2026-10-20;North;Northern Medical;ER;24;99;89
ID-#07119-B!;2026-10-31;South;South Park Hospital;ICU;-;-;N/A
ID-#06032-V!;2026-10-19;Waterfront;Bayview Hospital;ICU;18;98;92
**ID_02430?Z;2026-10-20;East;East Point Med;ER;79;85;106
ID-#03562-P!;2026-10-26;South;South Park Hospital;ER;30;-;96
ID-#05122-N!;2026-10-18;South;South Park Hospital;ICU;50;96;106
ID-#04082-O!;2026-10-05;Central;Central Care;ER;58;96;71
ID-#04647-P!;2026-10-07;Industrial;Industrial Med;ICU;45;99;80
ID-#01984-I!;2026-10-23;Central;Metropolis General;General;46;100;84
ID-#07642-Y!;2026-10-21;East;East Point Med;Observation;42;92;116
ID-#07410-N!;2026-10-20;Industrial;Workers Health Center;ER;76;90;83
ID-#04119-L!;2026-10-21;Central;Central Care;ER;74;99;119
**ID_00223?D;2026-10-25;Central;Central Care;General;21;100;74
ID-#05296-V!;2026-10-10;Central;Metropolis General;ER;85;93;110
ID-#03556-U!;2026-10-26;East;East Point Med;ER;55;83;108
ID-#02800-F!;2026-10-24;Industrial;Industrial Med;General;78;89;82
ID-#03198-Z!;2026-10-06;West;Westview Hospital;General;69;99;86
ID-#07823-D!;2026-10-02;Central;Metropolis General;ICU;22;-;72
ID-#06547-M!;2026-10-26;East;East Point Med;ER;63;90;79
ID-#07266-I!;2026-10-20;Waterfront;Bayview Hospital;ICU;39;94;107
ID-#05032-W!;2026-10-26;South;South Park Hospital;General;85;97;100
ID-#02626-W!;2026-10-20;North;Northside Clinic;General;49;99;92
ID-#01173-Z!;2026-10-15;West;Westview Hospital;Observation;38;100;75
ID-#02619-J!;2026-10-05;Central;Central Care;General;46;93;102
ID-#03535-Y!;2026-10-26;North;Northern Medical;ER;54;97;76
ID-#00626-K!;2026-10-23;Industrial;Workers Health Center;ER;24;91;75
**ID_01504?T;2026-10-27;North;Northside Clinic;ICU;-;99;86
ID-#05289-N!;2026-10-24;West;Westview Hospital;ER;26;94;89
ID-#03798-E!;2026-10-22;West;Westview Hospital;ER;-;93;114
ID-#02955-G!;2026-10-21;Central;Central Care;General;24;97;101
ID-#08471-M!;2026-10-21;Industrial;Workers Health Center;ER;86;86;104
ID-#07089-G!;2026-10-13;East;East Point Med;ICU;57;97;97
ID-#05933-C!;2026-10-24;South;South Park Hospital;ICU;76;93;120
ID-#08136-M!;2026-10-19;North;Northern Medical;ICU;79;94;119
ID-#08239-P!;2026-10-26;East;Eastern Health;ER;72;82;115
ID-#01851-W!;2026-10-10;East;East Point Med;Observation;18;99;76
ID-#05023-E!;2026-10-19;Waterfront;Bayview Hospital;ER;20;94;119
ID-#06712-U!;2026-10-27;West;Westview Hospital;General;49;99;106
ID-#06689-R!;2026-10-23;Central;Central Care;ICU;84;96;95
**ID_06692?U;2026-10-28;South;South Park Hospital;ER;80;98;101
ID-#04267-L!;2026-10-05;Industrial;Industrial Med;General;49;96;88
ID-#07274-H!;2026-10-21;North;Northside Clinic;Observation;84;93;111
ID-#06036-B!;2026-10-20;West;Westview Hospital;General;85;98;107
ID-#00799-F!;2026-10-29;North;Northern Medical;General;55;95;91
ID-#07665-C!;2026-10-10;East;East Point Med;ER;-;93;109
ID-#05837-L!;2026-10-16;South;South Park Hospital;ICU;26;97;76
ID-#06351-E!;2026-10-24;East;Eastern Health;ER;46;84;102
ID-#05178-G!;2026-10-10;West;Westview Hospital;ER;62;100;109
ID-#06895-G!;2026-10-03;East;East Point Med;ER;36;98;83
ID-#02295-S!;2026-10-19;Waterfront;Bayview Hospital;ER;76;97;89
ID-#05879-H!;2026-10-11;West;Westview Hospital;General;20;99;72
ID-#02688-Q!;2026-10-17;South;South Park Hospital;ER;48;95;100
ID-#02290-Z!;2026-10-23;Waterfront;Bayview Hospital;ER;66;98;93
ID-#02579-U!;2026-10-22;East;East Point Med;ICU;39;89;N/A
ID-#07911-Y!;2026-10-19;Industrial;Industrial Med;General;59;85;98
ID-#04547-P!;2026-10-26;West;Westview Hospital;ICU;40;94;93
**ID_00029?V;2026-10-24;South;South Park Hospital;General;-;93;87
ID-#02537-T!;2026-10-05;South;South Park Hospital;ER;75;98;113
ID-#02386-G!;2026-10-21;Central;Metropolis General;ER;89;100;74
ID-#01525-P!;2026-10-23;Waterfront;Bayview Hospital;Observation;46;100;113
ID-#07964-X!;2026-10-15;East;East Point Med;ER;72;94;84
ID-#06008-T!;2026-10-13;West;Westview Hospital;General;73;98;99
**ID_08267?V;2026-10-17;Central;Metropolis General;General;20;93;77
ID-#03768-C!;2026-10-10;North;Northern Medical;ER;56;97;100
ID-#04916-A!;2026-10-19;Waterfront;Bayview Hospital;ER;75;98;120
ID-#02407-B!;2026-10-05;East;East Point Med;ER;35;97;113
ID-#05652-R!;2026-10-19;Central;Metropolis General;General;18;-;104
ID-#05077-X!;2026-10-12;West;Westview Hospital;ICU;40;93;99
ID-#07838-I!;2026-10-23;South;South Park Hospital;General;31;95;81
ID-#02936-L!;2026-10-19;South;South Park Hospital;ER;32;98;79
ID-#03358-G!;2026-10-25;Waterfront;Bayview Hospital;ICU;64;93;95
ID-#06815-V!;2026-10-10;West;Westview Hospital;ICU;64;95;91
ID-#05199-F!;2026-10-21;North;Northside Clinic;ER;40;97;103
ID-#07029-U!;2026-10-31;Industrial;Workers Health Center;ER;90;87;112
**ID_03950?E;2026-10-20;East;Eastern Health;General;48;82;118
ID-#06909-Q!;2026-10-20;Central;Metropolis General;ER;49;96;117
ID-#01155-Z!;2026-10-29;West;Westview Hospital;General;48;99;72
ID-#01835-E!;2026-10-25;Central;Central Care;General;27;96;99
ID-#04235-R!;2026-10-04;East;Eastern Health;Observation;28;-;86
ID-#05942-P!;2026-10-29;North;Northern Medical;ER;83;-;80
**ID_01106?M;2026-10-24;West;Westview Hospital;Observation;43;95;89
ID-#00623-L!;2026-10-22;Industrial;Industrial Med;ICU;88;89;101
ID-#08062-T!;2026-10-22;Waterfront;Bayview Hospital;Observation;77;97;82
ID-#04609-P!;2026-10-29;South;South Park Hospital;ER;80;94;91
ID-#07978-C!;2026-10-22;North;Northern Medical;General;46;-;83
**ID_03302?S;2026-10-06;West;Westview Hospital;ER;89;100;75
ID-#00008-W!;2026-10-20;Industrial;Industrial Med;ER;-;88;N/A
**ID_00788?T;2026-10-24;East;Eastern Health;ER;19;-;108
ID-#04374-W!;2026-10-23;North;Northside Clinic;Observation;82;96;110
ID-#03225-W!;2026-10-26;South;South Park Hospital;ER;42;100;111
ID-#04749-W!;2026-10-24;Industrial;Workers Health Center;General;44;80;98
ID-#03957-A!;2026-10-21;South;South Park Hospital;Observation;26;95;102
ID-#04445-W!;2026-10-26;Central;Metropolis General;General;57;98;85
ID-#04814-X!;2026-10-31;East;East Point Med;ER;58;82;119
**ID_00459?I;2026-10-25;Waterfront;Bayview Hospital;ER;59;97;106
ID-#03880-R!;2026-10-20;East;East Point Med;General;47;86;89
ID-#00454-Y!;2026-10-19;Waterfront;Bayview Hospital;ICU;47;96;113
ID-#03677-E!;2026-10-23;Central;Central Care;Observation;87;99;93
ID-#03715-J!;2026-10-19;North;Northside Clinic;ER;38;97;97
ID-#00860-L!;2026-10-31;Waterfront;Bayview Hospital;Observation;80;99;94
ID-#03230-X!;2026-10-23;West;Westview Hospital;ER;51;94;82
ID-#07174-I!;2026-10-27;West;Westview Hospital;General;44;95;99
ID-#05080-S!;2026-10-29;South;South Park Hospital;General;58;94;87
ID-#00415-Q!;2026-10-26;East;East Point Med;General;47;80;N/A
ID-#04152-K!;2026-10-24;North;Northern Medical;ICU;71;100;78
ID-#01094-P!;2026-10-26;Waterfront;Bayview Hospital;ER;47;-;106
ID-#01670-N!;2026-10-20;South;South Park Hospital;General;84;99;72
ID-#00263-A!;2026-10-29;West;Westview Hospital;General;25;93;86
ID-#02334-G!;2026-10-10;Central;Central Care;ICU;38;96;101
ID-#07902-Y!;2026-10-24;South;South Park Hospital;ICU;47;93;70
ID-#02950-A!;2026-10-18;East;East Point Med;Observation;42;100;80
ID-#04784-B!;2026-10-20;Industrial;Workers Health Center;ICU;82;86;102
ID-#01397-P!;2026-10-16;East;East Point Med;General;41;97;111
ID-#01643-M!;2026-10-07;Industrial;Industrial Med;Observation;73;97;105
ID-#02901-T!;2026-10-23;Industrial;Industrial Med;Observation;59;87;83
ID-#08099-M!;2026-10-09;Industrial;Workers Health Center;ER;55;96;105
ID-#03437-L!;2026-10-04;West;Westview Hospital;General;27;98;77
ID-#05356-V!;2026-10-26;Central;Central Care;ER;78;100;100
**ID_08478?P;2026-10-20;South;South Park Hospital;Observation;31;96;84
ID-#04100-R!;2026-10-22;East;East Point Med;ER;66;82;72
ID-#04463-G!;2026-10-09;Waterfront;Bayview Hospital;General;65;100;95
ID-#00732-Q!;2026-10-20;North;Northern Medical;ER;38;94;73
ID-#00628-Q!;2026-10-20;Industrial;Industrial Med;ER;38;90;102
ID-#01188-J!;2026-10-17;West;Westview Hospital;Observation;20;96;80
ID-#06380-N!;2026-10-09;Industrial;Industrial Med;Observation;32;98;77
ID-#01514-D!;2026-10-31;West;Westview Hospital;General;-;100;108
ID-#02704-T!;2026-10-03;West;Westview Hospital;Observation;25;94;119
ID-#07005-R!;2026-10-10;West;Westview Hospital;General;63;99;112
ID-#08408-Y!;2026-10-10;Industrial;Workers Health Center;ER;70;95;72
ID-#05657-L!;2026-10-24;East;East Point Med;General;41;89;120
ID-#01163-H!;2026-10-09;North;Northern Medical;ER;19;99;95
ID-#06443-D!;2026-10-20;West;Westview Hospital;General;36;96;100
ID-#05457-M!;2026-10-24;Industrial;Workers Health Center;ER;79;80;98
ID-#03076-A!;2026-10-08;Waterfront;Bayview Hospital;General;42;99;98
ID-#06188-H!;2026-10-29;Industrial;Industrial Med;General;62;92;76
ID-#04171-I!;2026-10-06;Waterfront;Bayview Hospital;General;44;97;106
ID-#04053-R!;2026-10-23;Waterfront;Bayview Hospital;ICU;76;93;89
ID-#03521-U!;2026-10-14;Central;Metropolis General;ER;-;94;96
**ID_03293?U;2026-10-24;South;South Park Hospital;General;27;94;111
ID-#03067-D!;2026-10-22;Waterfront;Bayview Hospital;Observation;78;98;113
ID-#02874-E!;2026-10-21;East;East Point Med;Observation;28;92;102
ID-#02169-E!;2026-10-12;North;Northern Medical;General;35;95;91
ID-#06823-I!;2026-10-20;East;East Point Med;ER;62;90;88
**ID_06703?Y;2026-10-08;North;Northern Medical;General;80;94;89
ID-#05564-S!;2026-10-26;West;Westview Hospital;ER;36;100;N/A
ID-#00981-X!;2026-10-21;East;Eastern Health;General;37;86;105
ID-#01540-L!;2026-10-02;North;Northern Medical;ER;78;100;119
ID-#05225-A!;2026-10-20;South;South Park Hospital;ER;66;95;111
ID-#00417-L!;2026-10-24;Industrial;Workers Health Center;ICU;61;81;88
ID-#07308-V!;2026-10-28;Waterfront;Bayview Hospital;Observation;68;93;118
ID-#04216-X!;2026-10-13;Central;Metropolis General;General;78;94;72
ID-#04899-D!;2026-10-22;Waterfront;Bayview Hospital;General;54;97;93
ID-#04134-A!;2026-10-25;Waterfront;Bayview Hospital;ER;89;95;119
**ID_00267?G;2026-10-20;Waterfront;Bayview Hospital;ICU;82;94;100
ID-#02779-R!;2026-10-23;East;East Point Med;General;81;86;85
ID-#00464-T!;2026-10-11;Waterfront;Bayview Hospital;General;29;97;112
ID-#00399-O!;2026-10-20;North;Northern Medical;ER;36;100;116
ID-#08133-K!;2026-10-24;West;Westview Hospital;ICU;39;94;73
ID-#02097-Q!;2026-10-21;South;South Park Hospital;ICU;20;100;70
ID-#06615-K!;2026-10-27;West;Westview Hospital;General;25;97;80
**ID_02627?D;2026-10-11;Industrial;Industrial Med;ER;54;95;119
ID-#02889-O!;2026-10-20;Central;Metropolis General;General;46;94;85
ID-#06282-R!;2026-10-28;West;Westview Hospital;ER;61;96;95
ID-#03461-Z!;2026-10-25;South;South Park Hospital;ER;45;94;99
**ID_02150?C;2026-10-05;South;South Park Hospital;ER;-;94;87
ID-#04587-U!;2026-10-24;West;Westview Hospital;ICU;70;99;90
ID-#03823-R!;2026-10-02;East;Eastern Health;Observation;63;93;71
ID-#01056-Q!;2026-10-24;Central;Metropolis General;ER;66;96;103
ID-#01459-S!;2026-10-28;Central;Central Care;General;87;100;88
**ID_00832?B;2026-10-25;South;South Park Hospital;ER;32;97;114
ID-#05910-K!;2026-10-18;South;South Park Hospital;General;79;96;82
ID-#05814-A!;2026-10-20;South;South Park Hospital;ER;26;97;85
ID-#04299-D!;2026-10-03;Central;Metropolis General;ER;34;97;N/A
ID-#04632-S!;2026-10-19;Central;Metropolis General;ER;23;94;97
ID-#08022-U!;2026-10-22;North;Northern Medical;ICU;31;100;87
ID-#01672-U!;2026-10-07;Waterfront;Bayview Hospital;General;38;96;93
ID-#00540-R!;2026-10-06;Central;Central Care;General;20;98;88
ID-#03387-Q!;2026-10-15;East;Eastern Health;General;26;100;76
**ID_03090?D;2026-10-24;East;Eastern Health;ER;25;90;119
**ID_04396?D;2026-10-11;South;South Park Hospital;ER;66;93;97
ID-#04256-G!;2026-10-11;East;East Point Med;ER;37;98;100
ID-#06583-M!;2026-10-11;West;Westview Hospital;ICU;35;95;110
ID-#00912-S!;2026-10-02;South;South Park Hospital;ICU;47;96;110
ID-#03989-O!;2026-10-19;East;Eastern Health;ER;32;81;105
ID-#02066-C!;2026-10-05;North;Northside Clinic;ICU;42;94;112
ID-#05621-Q!;2026-10-21;Waterfront;Bayview Hospital;ER;81;99;95
ID-#07842-P!;2026-10-21;Waterfront;Bayview Hospital;ER;52;95;96
ID-#02037-N!;2026-10-28;North;Northern Medical;ER;55;95;104
ID-#01207-E!;2026-10-24;Waterfront;Bayview Hospital;ER;45;99;120
ID-#01833-Z!;2026-10-26;Waterfront;Bayview Hospital;General;49;100;N/A
ID-#04725-R!;2026-10-29;East;East Point Med;General;49;-;70
ID-#04048-A!;2026-10-30;Waterfront;Bayview Hospital;General;32;95;111
ID-#03119-P!;2026-10-21;Waterfront;Bayview Hospital;Observation;21;95;80
ID-#02395-B!;2026-10-20;Industrial;Workers Health Center;ER;57;83;108
ID-#07490-G!;2026-10-30;West;Westview Hospital;ICU;58;97;110
ID-#02087-W!;2026-10-16;Central;Metropolis General;ER;65;96;101
ID-#01794-T!;2026-10-04;Central;Central Care;General;42;99;82
ID-#03249-Q!;2026-10-17;South;South Park Hospital;Observation;-;98;114
ID-#08139-B!;2026-10-22;East;East Point Med;General;53;80;76
ID-#03462-J!;2026-10-20;East;Eastern Health;General;63;81;96
**ID_08207?Z;2026-10-19;Central;Metropolis General;ICU;19;94;118
**ID_00699?B;2026-10-24;Waterfront;Bayview Hospital;ER;61;100;84
ID-#01483-Z!;2026-10-23;Industrial;Industrial Med;ICU;87;91;107
ID-#01381-B!;2026-10-29;West;Westview Hospital;ER;88;100;90
ID-#04178-S!;2026-10-19;South;South Park Hospital;General;83;99;110
ID-#01710-X!;2026-10-31;Central;Metropolis General;ER;72;97;95
ID-#00582-R!;2026-10-08;East;Eastern Health;Observation;18;93;74
**ID_03395?U;2026-10-20;East;Eastern Health;General;21;92;87
ID-#05609-P!;2026-10-26;East;Eastern Health;General;60;86;104
ID-#05213-W!;2026-10-28;North;Northern Medical;General;52;95;94
ID-#07313-L!;2026-10-26;West;Westview Hospital;ER;71;99;75
ID-#05522-U!;2026-10-04;North;Northern Medical;ER;32;96;103
ID-#05219-D!;2026-10-17;West;Westview Hospital;ER;85;95;120
ID-#04200-O!;2026-10-27;West;Westview Hospital;General;41;94;118
**ID_01626?L;2026-10-10;Industrial;Workers Health Center;Observation;57;95;74
ID-#02583-G!;2026-10-17;West;Westview Hospital;ER;22;94;110
ID-#07950-A!;2026-10-18;South;South Park Hospital;General;46;100;83
ID-#05146-Z!;2026-10-26;Central;Central Care;General;-;-;109
ID-#02131-J!;2026-10-11;West;Westview Hospital;Observation;64;-;91
**ID_01915?C;2026-10-26;West;Westview Hospital;ER;50;96;80
ID-#01344-K!;2026-10-07;Industrial;Workers Health Center;ER;88;93;91
ID-#03030-M!;2026-10-18;North;Northside Clinic;General;25;95;114
**ID_04754?C;2026-10-24;West;Westview Hospital;ER;70;95;80
**ID_04782?A;2026-10-07;East;Eastern Health;ER;82;95;116
ID-#02940-M!;2026-10-15;North;Northside Clinic;General;20;94;103
**ID_04024?P;2026-10-28;Waterfront;Bayview Hospital;ER;83;95;N/A
ID-#08414-W!;2026-10-24;Industrial;Industrial Med;General;90;83;76
ID-#03207-L!;2026-10-11;South;South Park Hospital;Observation;25;98;95
ID-#00964-Y!;2026-10-19;East;East Point Med;ER;87;90;70
ID-#08079-A!;2026-10-30;East;East Point Med;ER;-;88;98
**ID_05084?T;2026-10-08;Central;Central Care;ER;37;96;111
ID-#05062-R!;2026-10-07;South;South Park Hospital;General;34;94;108
ID-#07091-N!;2026-10-12;East;Eastern Health;Observation;-;94;109
ID-#03009-F!;2026-10-19;Waterfront;Bayview Hospital;ER;33;93;111
ID-#00105-R!;2026-10-02;Industrial;Workers Health Center;ICU;28;95;78
ID-#02163-F!;2026-10-25;Industrial;Workers Health Center;ER;24;83;70
ID-#04086-Q!;2026-10-23;East;Eastern Health;General;35;80;99
ID-#01425-N!;2026-10-21;Waterfront;Bayview Hospital;General;34;97;87
ID-#05786-D!;2026-10-21;North;Northern Medical;ER;73;96;86
ID-#02031-L!;2026-10-25;Waterfront;Bayview Hospital;Observation;74;97;113
ID-#08361-T!;2026-10-12;South;South Park Hospital;ER;41;93;72
ID-#01657-E!;2026-10-26;East;East Point Med;ICU;82;91;97
**ID_00754?P;2026-10-27;Central;Metropolis General;ER;52;94;119
ID-#00551-H!;2026-10-19;Waterfront;Bayview Hospital;Observation;76;94;104
ID-#05777-S!;2026-10-03;West;Westview Hospital;General;34;94;71
ID-#03041-L!;2026-10-25;Central;Central Care;ER;51;97;74
ID-#07915-E!;2026-10-19;East;Eastern Health;Observation;90;80;N/A
ID-#00031-B!;2026-10-22;Central;Central Care;General;73;99;102
**ID_07295?A;2026-10-24;Industrial;Industrial Med;ICU;62;92;97
ID-#05489-L!;2026-10-21;East;East Point Med;ER;29;89;89
ID-#01685-I!;2026-10-19;South;South Park Hospital;ER;81;98;79
ID-#00285-E!;2026-10-09;North;Northern Medical;General;40;94;79
ID-#07858-K!;2026-10-04;East;East Point Med;General;58;96;84
ID-#06742-I!;2026-10-22;West;Westview Hospital;ER;53;95;85
**ID_04287?R;2026-10-28;Industrial;Workers Health Center;Observation;89;89;91
ID-#03325-J!;2026-10-21;Waterfront;Bayview Hospital;Observation;89;95;70
ID-#01415-J!;2026-10-22;Central;Central Care;General;76;97;82
ID-#05354-M!;2026-10-30;Central;Metropolis General;Observation;76;97;117
ID-#00273-E!;2026-10-22;Waterfront;Bayview Hospital;ER;22;96;107
ID-#02943-O!;2026-10-17;Central;Metropolis General;ICU;45;96;112
ID-#00482-W!;2026-10-18;Central;Central Care;ER;52;99;105
ID-#03288-J!;2026-10-22;West;Westview Hospital;ER;68;99;72
ID-#07284-I!;2026-10-22;North;Northside Clinic;General;79;96;95
ID-#06700-A!;2026-10-30;West;Westview Hospital;ICU;30;99;117
ID-#08248-N!;2026-10-20;South;South Park Hospital;ICU;51;96;115
ID-#00131-L!;2026-10-26;East;East Point Med;ER;47;89;85
ID-#03094-E!;2026-10-12;Waterfront;Bayview Hospital;ICU;47;-;94
ID-#02847-A!;2026-10-29;Waterfront;Bayview Hospital;General;22;95;99
ID-#02882-G!;2026-10-25;Waterfront;Bayview Hospital;Observation;36;94;119
ID-#00214-C!;2026-10-25;Industrial;Workers Health Center;ER;53;88;74
ID-#03472-J!;2026-10-21;Waterfront;Bayview Hospital;ER;76;95;89
ID-#01458-X!;2026-10-21;West;Westview Hospital;General;36;100;120
ID-#04563-K!;2026-10-24;South;South Park Hospital;ICU;44;95;94
ID-#06090-Y!;2026-10-24;West;Westview Hospital;General;48;99;118
ID-#05753-K!;2026-10-07;West;Westview Hospital;General;79;-;79
ID-#06457-I!;2026-10-19;Waterfront;Bayview Hospital;ER;-;99;88
ID-#00945-O!;2026-10-03;West;Westview Hospital;ER;25;98;74
ID-#00272-V!;2026-10-19;Waterfront;Bayview Hospital;ER;39;97;90
ID-#02744-D!;2026-10-23;North;Northern Medical;ICU;88;-;114
ID-#03440-U!;2026-10-08;Industrial;Workers Health Center;ER;22;95;93
ID-#06859-D!;2026-10-15;North;Northern Medical;Observation;31;99;112
ID-#08334-T!;2026-10-13;Central;Metropolis General;ER;62;99;70
ID-#03563-S!;2026-10-19;Central;Metropolis General;Observation;29;94;78
ID-#02316-T!;2026-10-24;Industrial;Industrial Med;ICU;-;81;94
ID-#00837-J!;2026-10-19;West;Westview Hospital;ICU;71;93;N/A
ID-#07970-Z!;2026-10-25;Central;Metropolis General;General;63;95;105
ID-#03234-H!;2026-10-30;East;East Point Med;General;45;89;91
ID-#02559-L!;2026-10-04;Industrial;Workers Health Center;General;-;96;107
ID-#06999-N!;2026-10-24;Central;Central Care;ICU;31;98;120
ID-#01586-V!;2026-10-21;East;East Point Med;ER;73;90;93
ID-#08262-U!;2026-10-18;Central;Metropolis General;General;69;96;102
ID-#04224-Y!;2026-10-19;East;East Point Med;General;32;91;103
**ID_00708?B;2026-10-24;Waterfront;Bayview Hospital;ER;51;95;90
ID-#07872-Q!;2026-10-27;Waterfront;Bayview Hospital;ER;44;95;71
ID-#01242-I!;2026-10-22;Central;Central Care;General;47;98;105
ID-#07195-V!;2026-10-26;Central;Metropolis General;ER;41;93;115
ID-#03810-F!;2026-10-21;Industrial;Industrial Med;ICU;42;85;95
ID-#00317-U!;2026-10-16;East;Eastern Health;ER;48;100;81
ID-#01528-K!;2026-10-08;West;Westview Hospital;General;77;93;88
ID-#08346-V!;2026-10-24;North;Northern Medical;ER;48;99;93
ID-#05791-N!;2026-10-20;Waterfront;Bayview Hospital;General;56;-;101
ID-#04745-R!;2026-10-05;South;South Park Hospital;General;87;100;74
ID-#03852-D!;2026-10-25;South;South Park Hospital;ICU;42;97;120
ID-#03357-B!;2026-10-22;West;Westview Hospital;General;31;97;75
ID-#05697-H!;2026-10-26;North;Northern Medical;Observation;71;96;104
ID-#08424-I!;2026-10-20;Industrial;Industrial Med;ICU;43;81;117
ID-#00116-O!;2026-10-29;Central;Metropolis General;General;20;96;72
**ID_07452?Q;2026-10-21;North;Northern Medical;ICU;61;100;117
ID-#08434-U!;2026-10-27;East;East Point Med;ER;67;85;108
ID-#04094-S!;2026-10-24;Waterfront;Bayview Hospital;ER;78;93;71
ID-#05828-Q!;2026-10-26;East;Eastern Health;Observation;42;82;N/A
ID-#03035-D!;2026-10-24;South;South Park Hospital;Observation;47;99;111
ID-#01857-A!;2026-10-19;South;South Park Hospital;ICU;50;96;78
ID-#03298-T!;2026-10-25;West;Westview Hospital;Observation;59;100;79
ID-#02234-R!;2026-10-05;Waterfront;Bayview Hospital;General;-;94;114
ID-#02794-Q!;2026-10-25;North;Northside Clinic;ER;78;98;N/A
ID-#03218-P!;2026-10-11;Central;Metropolis General;ER;83;96;81
ID-#08495-I!;2026-10-14;East;East Point Med;General;37;99;108
ID-#04378-O!;2026-10-20;South;South Park Hospital;ICU;89;96;73
ID-#03647-C!;2026-10-31;Waterfront;Bayview Hospital;ER;62;98;103
ID-#03799-V!;2026-10-25;Industrial;Industrial Med;General;44;-;83
ID-#03243-L!;2026-10-20;East;Eastern Health;ER;28;90;85
**ID_04960?J;2026-10-31;South;South Park Hospital;General;31;93;97
**ID_01944?Y;2026-10-18;North;Northern Medical;ER;18;95;98
ID-#08192-B!;2026-10-22;West;Westview Hospital;ER;70;93;110
ID-#07146-K!;2026-10-24;Central;Metropolis General;ER;46;94;87
ID-#03211-N!;2026-10-17;East;Eastern Health;Observation;74;95;110
**ID_01029?Q;2026-10-28;West;Westview Hospital;ER;81;94;117
ID-#00698-T!;2026-10-20;East;East Point Med;General;18;85;79
ID-#06377-F!;2026-10-23;Industrial;Industrial Med;ER;44;83;77
ID-#07382-A!;2026-10-19;South;South Park Hospital;ER;66;95;92
ID-#04914-N!;2026-10-26;Industrial;Industrial Med;ICU;71;88;101
ID-#06433-S!;2026-10-20;South;South Park Hospital;Observation;86;98;110
ID-#06048-K!;2026-10-14;North;Northern Medical;ICU;86;99;118
ID-#01161-X!;2026-10-13;Central;Central Care;Observation;44;97;114
ID-#01492-I!;2026-10-21;Waterfront;Bayview Hospital;ER;19;97;79
ID-#07579-C!;2026-10-26;South;South Park Hospital;ER;41;95;103
ID-#08106-C!;2026-10-18;West;Westview Hospital;ER;84;100;107
ID-#03255-U!;2026-10-31;Industrial;Workers Health Center;General;67;89;88
ID-#07323-M!;2026-10-22;North;Northside Clinic;ER;65;100;111
ID-#05066-J!;2026-10-23;West;Westview Hospital;ER;83;99;76
ID-#02949-I!;2026-10-22;North;Northside Clinic;ER;22;95;81
ID-#02843-E!;2026-10-11;Central;Metropolis General;General;53;94;82
ID-#06436-S!;2026-10-20;Central;Central Care;ER;44;93;86
ID-#05117-Z!;2026-10-21;Central;Metropolis General;General;79;95;103
ID-#02298-V!;2026-10-14;Industrial;Workers Health Center;General;53;95;N/A
ID-#02144-Y!;2026-10-21;Industrial;Workers Health Center;Observation;33;80;84
**ID_03373?V;2026-10-11;West;Westview Hospital;General;26;98;112
ID-#00281-M!;2026-10-28;Industrial;Industrial Med;General;29;87;118
ID-#08135-P!;2026-10-20;East;East Point Med;General;67;92;87
ID-#04542-B!;2026-10-19;Waterfront;Bayview Hospital;General;63;100;77
**ID_00682?J;2026-10-20;Industrial;Workers Health Center;ER;32;91;89
ID-#06006-H!;2026-10-25;South;South Park Hospital;General;-;95;101
ID-#08420-O!;2026-10-20;Central;Central Care;ER;19;96;94
ID-#02056-Y!;2026-10-21;Waterfront;Bayview Hospital;Observation;64;97;73
ID-#07479-S!;2026-10-15;East;East Point Med;ICU;80;95;120
ID-#06270-U!;2026-10-25;Industrial;Workers Health Center;ER;69;90;73
ID-#04018-U!;2026-10-25;Waterfront;Bayview Hospital;ICU;42;93;72
ID-#07441-D!;2026-10-11;West;Westview Hospital;ICU;90;94;114
ID-#06750-B!;2026-10-27;Central;Metropolis General;ER;28;95;75
ID-#04433-F!;2026-10-21;Central;Metropolis General;General;89;97;111
ID-#01806-F!;2026-10-28;East;Eastern Health;ER;39;88;85
ID-#06634-J!;2026-10-04;West;Westview Hospital;ER;22;93;120
ID-#04293-U!;2026-10-24;Central;Central Care;General;49;95;108
ID-#08366-S!;2026-10-21;East;Eastern Health;ER;39;92;N/A
ID-#03592-G!;2026-10-23;Central;Central Care;General;74;99;72
ID-#00739-X!;2026-10-22;Industrial;Workers Health Center;General;57;82;70
ID-#04071-N!;2026-10-20;South;South Park Hospital;General;37;98;102
ID-#03494-B!;2026-10-22;Central;Central Care;ER;40;97;88
ID-#08352-A!;2026-10-24;South;South Park Hospital;ER;31;95;82
ID-#04934-E!;2026-10-19;Central;Metropolis General;ER;22;95;108
ID-#07218-D!;2026-10-15;Central;Central Care;General;39;97;78
ID-#05554-J!;2026-10-14;Waterfront;Bayview Hospital;ER;81;93;93
ID-#01588-E!;2026-10-17;Industrial;Industrial Med;ICU;38;98;91
ID-#01331-S!;2026-10-22;West;Westview Hospital;ICU;31;98;102
ID-#06410-Q!;2026-10-20;Central;Central Care;Observation;40;93;73
ID-#05827-M!;2026-10-31;South;South Park Hospital;Observation;71;98;112
ID-#01943-H!;2026-10-05;North;Northern Medical;ER;59;99;109
ID-#01264-Z!;2026-10-18;South;South Park Hospital;General;46;94;116
ID-#02282-L!;2026-10-07;East;Eastern Health;ER;77;93;101
ID-#04975-T!;2026-10-10;West;Westview Hospital;General;53;98;95
**ID_05884?W;2026-10-31;Waterfront;Bayview Hospital;General;-;93;110
ID-#04330-V!;2026-10-07;West;Westview Hospital;ER;89;93;85
ID-#01243-T!;2026-10-03;West;Westview Hospital;ER;26;100;99
ID-#04920-F!;2026-10-25;Waterfront;Bayview Hospital;General;27;94;90
ID-#02772-N!;2026-10-05;Central;Metropolis General;ER;41;94;115
ID-#02920-K!;2026-10-24;East;Eastern Health;ICU;85;83;73
**ID_08268?H;2026-10-22;West;Westview Hospital;ER;27;94;113
ID-#00713-E!;2026-10-12;North;Northern Medical;General;38;97;104
ID-#03308-R!;2026-10-22;Waterfront;Bayview Hospital;ER;71;100;81
ID-#00122-G!;2026-10-06;Waterfront;Bayview Hospital;ER;66;100;94
ID-#04832-E!;2026-10-29;West;Westview Hospital;ICU;61;93;100
ID-#00771-M!;2026-10-04;South;South Park Hospital;Observation;61;93;117
ID-#01949-M!;2026-10-23;East;East Point Med;ER;41;92;80
ID-#02710-J!;2026-10-26;Central;Metropolis General;ER;29;98;113
ID-#04780-C!;2026-10-17;South;South Park Hospital;General;36;100;93
ID-#03910-T!;2026-10-23;West;Westview Hospital;ER;90;100;93
ID-#08117-R!;2026-10-15;West;Westview Hospital;ER;77;98;82
ID-#05972-G!;2026-10-25;Central;Metropolis General;ICU;71;95;119
ID-#00429-C!;2026-10-27;Industrial;Workers Health Center;ER;77;82;109
ID-#02934-F!;2026-10-29;South;South Park Hospital;General;73;99;92
ID-#06735-D!;2026-10-17;East;East Point Med;ER;62;-;73
**ID_05906?E;2026-10-22;Waterfront;Bayview Hospital;ICU;-;100;97
ID-#02986-S!;2026-10-22;Industrial;Workers Health Center;ER;46;81;116
ID-#04388-S!;2026-10-25;North;Northern Medical;General;43;94;74
ID-#00400-K!;2026-10-17;North;Northern Medical;Observation;49;97;86
**ID_01673?W;2026-10-22;Central;Metropolis General;General;84;93;88
ID-#07215-R!;2026-10-20;Industrial;Workers Health Center;ER;78;-;80
ID-#02347-K!;2026-10-23;West;Westview Hospital;ICU;38;95;82
ID-#05028-W!;2026-10-26;South;South Park Hospital;ER;44;96;94
ID-#01472-H!;2026-10-30;Industrial;Industrial Med;Observation;49;80;96
ID-#00476-T!;2026-10-24;Central;Central Care;ICU;33;96;108
ID-#05728-I!;2026-10-19;Industrial;Workers Health Center;ICU;33;86;88
ID-#04434-R!;2026-10-24;East;Eastern Health;ER;61;87;76
ID-#07885-V!;2026-10-27;Industrial;Industrial Med;General;89;82;94
ID-#06293-W!;2026-10-22;Central;Metropolis General;Observation;55;94;106
ID-#04705-Z!;2026-10-09;Waterfront;Bayview Hospital;General;53;93;105
ID-#07417-U!;2026-10-21;Industrial;Workers Health Center;ER;69;88;100
**ID_07759?F;2026-10-15;North;Northern Medical;ER;49;98;119
ID-#05970-P!;2026-10-21;West;Westview Hospital;ICU;19;99;82
ID-#04722-B!;2026-10-20;West;Westview Hospital;ICU;78;94;84
**ID_00060?K;2026-10-23;Central;Central Care;General;89;97;N/A
ID-#00088-K!;2026-10-24;North;Northern Medical;General;59;94;71
ID-#01988-D!;2026-10-19;Industrial;Industrial Med;ICU;46;88;77
**ID_05630?Q;2026-10-14;North;Northern Medical;General;55;95;100
ID-#02428-X!;2026-10-05;East;East Point Med;ER;37;94;91
ID-#07480-Y!;2026-10-21;Central;Metropolis General;Observation;47;99;117
ID-#02486-A!;2026-10-25;Central;Central Care;General;81;99;N/A
ID-#06997-L!;2026-10-19;Waterfront;Bayview Hospital;ICU;51;99;99
ID-#07144-N!;2026-10-23;West;Westview Hospital;General;53;93;85
ID-#03557-C!;2026-10-02;North;Northern Medical;ICU;40;97;88
ID-#07581-Q!;2026-10-21;West;Westview Hospital;General;30;96;71
ID-#08440-Z!;2026-10-18;Industrial;Industrial Med;General;73;93;70
ID-#02222-S!;2026-10-11;North;Northern Medical;ER;80;99;82
ID-#01084-B!;2026-10-31;East;East Point Med;ICU;68;87;70
ID-#06923-J!;2026-10-03;Industrial;Industrial Med;ER;18;95;97
ID-#05207-N!;2026-10-24;Industrial;Workers Health Center;ER;64;92;87
**ID_08399?F;2026-10-20;Industrial;Industrial Med;ICU;29;87;84
ID-#04418-Q!;2026-10-25;Central;Central Care;General;68;96;73
ID-#02840-H!;2026-10-24;South;South Park Hospital;General;27;95;91
ID-#01726-R!;2026-10-24;Waterfront;Bayview Hospital;ICU;72;100;112
ID-#05533-J!;2026-10-21;West;Westview Hospital;ER;56;100;86
ID-#06456-D!;2026-10-03;Industrial;Industrial Med;ER;24;94;77
ID-#01995-H!;2026-10-20;Central;Metropolis General;ICU;38;98;95
ID-#01152-M!;2026-10-25;Central;Central Care;General;50;98;103
**ID_01696?O;2026-10-27;Waterfront;Bayview Hospital;ER;35;99;74
ID-#08066-Q!;2026-10-23;Industrial;Workers Health Center;General;48;82;119
ID-#04148-M!;2026-10-27;West;Westview Hospital;Observation;35;97;74
ID-#05168-L!;2026-10-24;Waterfront;Bayview Hospital;General;75;98;114
ID-#07459-Q!;2026-10-18;East;East Point Med;ER;62;97;88
ID-#07806-S!;2026-10-20;South;South Park Hospital;ER;55;93;78
ID-#01031-E!;2026-10-19;Central;Central Care;ER;66;96;91
**ID_00689?R;2026-10-20;East;Eastern Health;ER;36;85;109
ID-#02073-F!;2026-10-23;Industrial;Industrial Med;ER;80;80;120
ID-#07785-N!;2026-10-19;North;Northside Clinic;ER;77;94;97
**ID_05495?C;2026-10-15;East;Eastern Health;General;37;93;100
ID-#03800-J!;2026-10-19;West;Westview Hospital;ER;43;96;80
**ID_00735?O;2026-10-26;East;Eastern Health;ER;42;83;106
ID-#00862-F!;2026-10-25;Industrial;Workers Health Center;ER;21;86;85
ID-#04489-W!;2026-10-26;Waterfront;Bayview Hospital;ER;89;93;108
ID-#01151-A!;2026-10-06;Central;Central Care;ER;37;100;95
ID-#04671-K!;2026-10-23;North;Northside Clinic;ER;46;100;91
ID-#03248-H!;2026-10-10;South;South Park Hospital;ICU;26;98;87
**ID_06367?R;2026-10-21;West;Westview Hospital;General;39;100;79
ID-#06536-H!;2026-10-13;Industrial;Industrial Med;ICU;64;94;111
ID-#04526-B!;2026-10-15;South;South Park Hospital;ER;47;95;105
ID-#00407-V!;2026-10-17;North;Northern Medical;General;64;93;109
ID-#01872-Z!;2026-10-21;West;Westview Hospital;ER;61;99;112
ID-#04204-N!;2026-10-23;East;East Point Med;ER;85;87;101
ID-#01062-Y!;2026-10-13;Waterfront;Bayview Hospital;ER;55;95;83
ID-#03796-Y!;2026-10-14;Central;Metropolis General;ER;64;96;74
ID-#07156-B!;2026-10-09;Waterfront;Bayview Hospital;ER;62;100;78
**ID_00634?B;2026-10-25;Industrial;Industrial Med;General;64;90;92
**ID_04284?O;2026-10-26;North;Northside Clinic;ICU;18;94;88
ID-#08202-H!;2026-10-21;South;South Park Hospital;ICU;45;97;111
ID-#01946-Z!;2026-10-22;Waterfront;Bayview Hospital;ICU;62;97;117
ID-#02675-S!;2026-10-24;North;Northern Medical;Observation;81;98;94
ID-#05234-U!;2026-10-02;South;South Park Hospital;ER;55;93;116
ID-#04260-K!;2026-10-31;Central;Metropolis General;General;58;100;93
**ID_01720?P;2026-10-03;Central;Metropolis General;ER;30;95;87
ID-#07088-P!;2026-10-16;East;East Point Med;General;77;96;101
ID-#00186-G!;2026-10-02;South;South Park Hospital;ICU;19;100;113
ID-#03638-D!;2026-10-11;Waterfront;Bayview Hospital;General;80;96;92
ID-#01905-R!;2026-10-27;North;Northern Medical;ER;78;100;92
ID-#06283-Z!;2026-10-04;North;Northern Medical;General;64;95;117
ID-#07683-R!;2026-10-26;West;Westview Hospital;General;58;99;112
ID-#05463-Y!;2026-10-23;Industrial;Workers Health Center;General;44;82;99
ID-#01370-V!;2026-10-25;South;South Park Hospital;ICU;27;99;96
ID-#02725-N!;2026-10-17;West;Westview Hospital;ER;87;98;81
ID-#05309-M!;2026-10-24;West;Westview Hospital;ER;73;95;86
**ID_02730?M;2026-10-21;Central;Central Care;ER;32;94;N/A
ID-#04051-P!;2026-10-19;Waterfront;Bayview Hospital;ER;21;94;77
ID-#03986-D!;2026-10-09;East;Eastern Health;ICU;33;97;99
**ID_04003?D;2026-10-25;Industrial;Workers Health Center;General;88;80;101
ID-#07652-L!;2026-10-20;East;East Point Med;ER;70;86;84
**ID_07425?Z;2026-10-05;North;Northside Clinic;General;44;-;93
ID-#05628-Q!;2026-10-16;East;East Point Med;ER;42;95;94
ID-#05110-X!;2026-10-20;Waterfront;Bayview Hospital;Observation;29;95;114
ID-#06614-T!;2026-10-12;South;South Park Hospital;Observation;46;96;88
**ID_06159?S;2026-10-04;Central;Central Care;ER;75;100;117
ID-#06804-V!;2026-10-22;Central;Metropolis General;ER;55;97;99
ID-#01409-Z!;2026-10-23;South;South Park Hospital;ER;49;98;119
ID-#01040-S!;2026-10-22;West;Westview Hospital;General;47;97;75
ID-#05885-J!;2026-10-17;Industrial;Workers Health Center;ER;65;95;104
ID-#07531-D!;2026-10-27;Waterfront;Bayview Hospital;ER;20;96;108
**ID_07352?V;2026-10-27;Waterfront;Bayview Hospital;ER;26;93;91
ID-#06534-I!;2026-10-22;East;Eastern Health;ER;46;81;85
ID-#04366-V!;2026-10-24;Industrial;Workers Health Center;ER;-;89;106
ID-#01928-M!;2026-10-21;South;South Park Hospital;ICU;33;100;70
**ID_07519?A;2026-10-27;West;Westview Hospital;ICU;54;96;106
ID-#04194-A!;2026-10-04;East;East Point Med;Observation;46;95;111
ID-#04534-R!;2026-10-12;South;South Park Hospital;ER;41;99;100
ID-#03328-M!;2026-10-09;South;South Park Hospital;ER;67;96;111
ID-#07886-Y!;2026-10-21;South;South Park Hospital;ER;35;100;85
ID-#01405-P!;2026-10-25;Central;Metropolis General;ER;58;98;95
ID-#01383-X!;2026-10-27;Waterfront;Bayview Hospital;ER;66;95;75
ID-#06176-A!;2026-10-21;Industrial;Industrial Med;ICU;90;92;104
ID-#06458-D!;2026-10-19;Central;Metropolis General;ER;60;96;115
ID-#06325-Q!;2026-10-19;Industrial;Industrial Med;ICU;58;92;98
ID-#01443-P!;2026-10-13;Waterfront;Bayview Hospital;ER;39;93;111
ID-#04292-Q!;2026-10-25;Central;Central Care;ICU;80;97;109
ID-#05582-P!;2026-10-04;Waterfront;Bayview Hospital;ER;50;97;80
ID-#06074-M!;2026-10-30;Central;Central Care;ER;68;100;79
ID-#04680-A!;2026-10-26;West;Westview Hospital;ER;25;95;95
ID-#06711-E!;2026-10-29;Industrial;Workers Health Center;ER;71;92;71
ID-#07632-W!;2026-10-19;East;East Point Med;General;74;84;72
ID-#00536-D!;2026-10-31;Industrial;Workers Health Center;General;30;92;76
ID-#00597-T!;2026-10-15;West;Westview Hospital;General;27;100;N/A
ID-#03568-K!;2026-10-20;Waterfront;Bayview Hospital;Observation;34;100;88
ID-#07135-K!;2026-10-22;West;Westview Hospital;General;87;95;77
ID-#07325-J!;2026-10-09;Waterfront;Bayview Hospital;General;31;93;92
ID-#00082-A!;2026-10-21;Industrial;Industrial Med;ER;85;82;90
ID-#02184-T!;2026-10-19;Central;Metropolis General;Observation;37;100;111
**ID_01442?G;2026-10-23;Central;Metropolis General;ER;56;99;84
ID-#00714-B!;2026-10-23;Industrial;Workers Health Center;ER;34;89;104
ID-#02778-A!;2026-10-21;Waterfront;Bayview Hospital;ER;84;100;91
ID-#05752-C!;2026-10-25;Waterfront;Bayview Hospital;ER;70;96;115
ID-#01231-F!;2026-10-22;North;Northern Medical;ER;42;99;102
ID-#00534-G!;2026-10-19;North;Northern Medical;ER;83;100;117
ID-#00871-L!;2026-10-06;North;Northern Medical;General;22;99;81
ID-#02683-F!;2026-10-12;East;East Point Med;Observation;82;95;87
ID-#00303-S!;2026-10-20;Industrial;Industrial Med;ER;74;91;101
ID-#03705-G!;2026-10-20;North;Northside Clinic;ER;36;93;116
ID-#02229-E!;2026-10-09;North;Northside Clinic;ER;42;98;73
ID-#07016-S!;2026-10-28;Central;Central Care;ICU;74;99;97
ID-#05316-V!;2026-10-21;Waterfront;Bayview Hospital;ER;30;98;116
ID-#08431-T!;2026-10-29;Central;Metropolis General;ICU;32;98;104
ID-#06144-M!;2026-10-31;South;South Park Hospital;Observation;43;95;109
ID-#02346-F!;2026-10-14;North;Northside Clinic;ICU;51;100;72
ID-#03938-B!;2026-10-03;West;Westview Hospital;General;60;99;73
ID-#05904-V!;2026-10-22;South;South Park Hospital;General;81;98;99
ID-#02099-G!;2026-10-20;East;East Point Med;Observation;-;85;115
ID-#00497-O!;2026-10-26;South;South Park Hospital;ER;35;95;75
ID-#00483-Y!;2026-10-02;North;Northern Medical;ICU;-;98;104
ID-#04384-S!;2026-10-25;North;Northside Clinic;ER;40;93;73
**ID_00777?A;2026-10-26;East;East Point Med;ER;64;87;114
ID-#00963-R!;2026-10-18;Central;Central Care;ER;49;99;104
ID-#01746-Q!;2026-10-24;Industrial;Industrial Med;General;85;81;98
ID-#02781-F!;2026-10-09;South;South Park Hospital;Observation;41;97;74
ID-#03021-G!;2026-10-13;Industrial;Industrial Med;ICU;90;100;111
ID-#06508-I!;2026-10-03;Industrial;Industrial Med;General;76;95;74
ID-#02922-I!;2026-10-25;North;Northside Clinic;ER;71;95;92
ID-#01132-E!;2026-10-30;Central;Central Care;General;51;99;115
**ID_00748?S;2026-10-22;East;Eastern Health;ER;43;-;110
ID-#02445-C!;2026-10-24;Waterfront;Bayview Hospital;ICU;36;97;88
ID-#00222-V!;2026-10-11;Central;Central Care;ICU;87;95;87
ID-#00903-H!;2026-10-20;South;South Park Hospital;General;74;94;116
ID-#06190-U!;2026-10-22;Central;Metropolis General;ER;56;95;112
ID-#02864-V!;2026-10-10;Industrial;Workers Health Center;ICU;49;94;98
ID-#07236-T!;2026-10-19;Waterfront;Bayview Hospital;General;54;94;100
ID-#07855-M!;2026-10-21;East;East Point Med;ER;43;82;79
ID-#07221-W!;2026-10-19;Waterfront;Bayview Hospital;General;46;100;78
ID-#06136-N!;2026-10-24;North;Northside Clinic;ER;71;95;106
ID-#04340-U!;2026-10-15;Waterfront;Bayview Hospital;ER;29;94;93
ID-#07400-M!;2026-10-23;Waterfront;Bayview Hospital;General;-;96;70
ID-#02930-I!;2026-10-11;East;East Point Med;ER;67;96;105
ID-#05738-J!;2026-10-23;South;South Park Hospital;General;69;93;90
ID-#02176-R!;2026-10-06;Industrial;Workers Health Center;General;72;95;101
ID-#00512-U!;2026-10-27;East;East Point Med;ER;77;82;85
ID-#01047-Q!;2026-10-26;Central;Central Care;ICU;66;97;86
ID-#05414-T!;2026-10-22;Industrial;Workers Health Center;ER;87;82;101
ID-#00946-B!;2026-10-10;Central;Metropolis General;General;49;100;81
**ID_08354?L;2026-10-22;Industrial;Industrial Med;ER;59;87;92
ID-#06245-C!;2026-10-26;Waterfront;Bayview Hospital;General;34;100;111
ID-#00509-A!;2026-10-24;North;Northern Medical;ICU;87;94;102
ID-#04903-O!;2026-10-22;North;Northside Clinic;ICU;62;95;91
**ID_00239?K;2026-10-05;South;South Park Hospital;Observation;61;93;72
ID-#01024-I!;2026-10-22;Industrial;Industrial Med;ICU;46;91;86
**ID_06478?X;2026-10-21;South;South Park Hospital;General;86;97;94
ID-#03457-G!;2026-10-23;East;Eastern Health;ICU;51;87;85
ID-#01986-M!;2026-10-20;North;Northern Medical;ICU;42;99;97
ID-#00948-W!;2026-10-31;Central;Metropolis General;General;35;97;105
ID-#04199-C!;2026-10-14;North;Northern Medical;ER;20;97;96
ID-#05995-Y!;2026-10-26;Waterfront;Bayview Hospital;ER;65;99;85
ID-#03147-U!;2026-10-19;West;Westview Hospital;ER;56;96;86
ID-#05308-I!;2026-10-19;Industrial;Industrial Med;ER;32;85;83
ID-#06304-N!;2026-10-24;Central;Central Care;ICU;64;100;101
ID-#07022-P!;2026-10-26;Central;Central Care;ICU;23;95;120
ID-#07485-T!;2026-10-18;East;East Point Med;ER;52;97;84
ID-#07932-J!;2026-10-10;North;Northside Clinic;Observation;43;99;96
ID-#00751-G!;2026-10-31;Industrial;Industrial Med;ER;46;85;99
ID-#04318-I!;2026-10-20;Waterfront;Bayview Hospital;Observation;83;94;72
ID-#06110-V!;2026-10-31;West;Westview Hospital;General;76;94;117
ID-#03868-B!;2026-10-26;South;South Park Hospital;ER;67;95;108
ID-#00618-K!;2026-10-21;East;Eastern Health;ER;-;84;93
ID-#03750-U!;2026-10-20;East;East Point Med;ICU;89;84;80
ID-#06501-K!;2026-10-23;Central;Central Care;ICU;67;98;73
ID-#05166-S!;2026-10-10;West;Westview Hospital;General;89;94;106
ID-#06452-Y!;2026-10-03;West;Westview Hospital;General;29;93;104
ID-#04075-N!;2026-10-23;Industrial;Industrial Med;ER;32;-;77
ID-#07633-A!;2026-10-14;North;Northside Clinic;Observation;19;94;85
ID-#00570-U!;2026-10-21;East;East Point Med;ICU;44;91;100
ID-#00265-B!;2026-10-22;West;Westview Hospital;ICU;40;94;91
ID-#02343-K!;2026-10-23;Central;Metropolis General;ER;89;94;119
ID-#04675-D!;2026-10-26;East;Eastern Health;ICU;56;80;72
**ID_00795?J;2026-10-25;Industrial;Industrial Med;General;65;-;95
**ID_01934?P;2026-10-23;Central;Metropolis General;ER;63;97;107
**ID_04368?X;2026-10-25;East;Eastern Health;General;47;80;70
ID-#02360-F!;2026-10-20;Waterfront;Bayview Hospital;ER;25;100;N/A
ID-#03988-N!;2026-10-26;Central;Central Care;ER;45;99;100
**ID_03374?L;2026-10-26;West;Westview Hospital;ER;19;93;76
ID-#06905-Q!;2026-10-23;West;Westview Hospital;Observation;-;96;113
ID-#03937-Q!;2026-10-31;West;Westview Hospital;General;55;98;75
**ID_02216?X;2026-10-22;Central;Central Care;ER;78;100;114
ID-#06782-J!;2026-10-23;South;South Park Hospital;ER;31;94;115
ID-#08031-A!;2026-10-23;West;Westview Hospital;ER;32;97;119
ID-#02002-D!;2026-10-26;North;Northern Medical;ICU;78;-;86
ID-#06405-C!;2026-10-24;Industrial;Workers Health Center;Observation;31;87;97
ID-#02429-G!;2026-10-22;Central;Metropolis General;ER;30;99;70
ID-#06595-H!;2026-10-22;East;East Point Med;General;58;81;109
ID-#08134-B!;2026-10-26;Industrial;Workers Health Center;ER;45;84;85
ID-#01538-N!;2026-10-26;Waterfront;Bayview Hospital;ICU;68;96;90
ID-#02615-V!;2026-10-06;Waterfront;Bayview Hospital;General;31;93;84
ID-#04606-A!;2026-10-18;West;Westview Hospital;General;23;99;89
ID-#08034-P!;2026-10-27;South;South Park Hospital;ER;38;95;120
ID-#03421-Z!;2026-10-23;South;South Park Hospital;ER;80;94;91
ID-#05687-U!;2026-10-25;Central;Central Care;General;24;96;76
ID-#01417-J!;2026-10-21;Central;Metropolis General;General;46;95;77
ID-#04665-A!;2026-10-20;South;South Park Hospital;General;48;94;104
**ID_05919?T;2026-10-26;South;South Park Hospital;ICU;51;-;90
ID-#00347-J!;2026-10-02;West;Westview Hospital;General;84;94;75
ID-#08407-F!;2026-10-15;West;Westview Hospital;Observation;31;100;95
ID-#03179-S!;2026-10-22;South;South Park Hospital;ER;18;95;71
**ID_02495?U;2026-10-21;Waterfront;Bayview Hospital;ER;45;93;92
**ID_06843?S;2026-10-24;North;Northside Clinic;General;25;100;91
ID-#05559-M!;2026-10-30;Waterfront;Bayview Hospital;ICU;86;99;110
ID-#03710-S!;2026-10-05;Waterfront;Bayview Hospital;General;23;-;72
ID-#00786-B!;2026-10-04;West;Westview Hospital;ICU;82;99;107
**ID_07161?E;2026-10-22;Industrial;Workers Health Center;ICU;42;84;83
**ID_03145?P;2026-10-08;South;South Park Hospital;ER;42;-;105
ID-#07639-L!;2026-10-22;Industrial;Workers Health Center;General;21;81;111
ID-#06866-C!;2026-10-10;East;East Point Med;ER;22;97;104
**ID_06849?L;2026-10-13;Central;Metropolis General;ER;-;94;106
ID-#04717-W!;2026-10-21;East;Eastern Health;General;63;81;86
ID-#04574-X!;2026-10-28;Industrial;Workers Health Center;ER;26;82;89
ID-#02855-H!;2026-10-14;North;Northern Medical;Observation;60;99;97
ID-#03264-B!;2026-10-25;East;Eastern Health;General;89;87;87
**ID_05482?O;2026-10-31;West;Westview Hospital;General;59;94;105
ID-#07277-R!;2026-10-02;North;Northside Clinic;ICU;38;95;78
**ID_04955?Q;2026-10-24;North;Northern Medical;General;80;97;84
**ID_08494?R;2026-10-04;West;Westview Hospital;ICU;22;98;107
ID-#03542-P!;2026-10-27;North;Northern Medical;ICU;31;98;117
ID-#03785-K!;2026-10-09;Central;Metropolis General;ER;36;94;103
ID-#02038-Z!;2026-10-28;South;South Park Hospital;ER;82;94;91
ID-#00448-A!;2026-10-22;West;Westview Hospital;ER;84;98;102
ID-#04962-E!;2026-10-22;Industrial;Industrial Med;General;78;85;90
ID-#01829-X!;2026-10-22;North;Northside Clinic;ICU;21;98;98
ID-#04308-D!;2026-10-29;Waterfront;Bayview Hospital;ER;37;99;111
ID-#03392-B!;2026-10-20;West;Westview Hospital;ICU;31;96;71
ID-#03400-Q!;2026-10-10;Central;Central Care;ER;63;95;102
ID-#07075-P!;2026-10-09;Central;Metropolis General;ICU;37;100;99
ID-#06421-Y!;2026-10-26;Waterfront;Bayview Hospital;ER;23;93;83
ID-#04498-S!;2026-10-10;West;Westview Hospital;Observation;88;100;107
**ID_07464?Y;2026-10-17;South;South Park Hospital;ICU;67;93;85
ID-#07645-H!;2026-10-14;West;Westview Hospital;ICU;40;100;81
ID-#00379-L!;2026-10-25;North;Northern Medical;General;44;98;71
ID-#04478-A!;2026-10-25;North;Northern Medical;ER;63;95;107
**ID_00460?S;2026-10-24;South;South Park Hospital;ER;52;94;102
ID-#06226-I!;2026-10-21;East;Eastern Health;ICU;35;86;94
ID-#06705-G!;2026-10-03;Waterfront;Bayview Hospital;ER;54;95;117
**ID_00096?Y;2026-10-20;Central;Central Care;ER;73;95;82
ID-#07901-J!;2026-10-08;Central;Metropolis General;ER;81;99;89
ID-#07002-Z!;2026-10-09;South;South Park Hospital;ICU;52;95;73
ID-#03104-A!;2026-10-20;Industrial;Industrial Med;ER;24;80;74
ID-#04709-B!;2026-10-24;West;Westview Hospital;ER;87;99;74
ID-#01610-F!;2026-10-31;North;Northern Medical;ER;52;97;93
ID-#06825-U!;2026-10-11;West;Westview Hospital;General;45;95;81
ID-#07918-G!;2026-10-07;South;South Park Hospital;ER;79;93;84
ID-#01297-S!;2026-10-24;South;South Park Hospital;ER;81;96;N/A
ID-#02802-H!;2026-10-19;Industrial;Workers Health Center;ER;18;90;120
ID-#08332-Q!;2026-10-23;North;Northside Clinic;ER;53;96;101
ID-#06486-P!;2026-10-16;North;Northside Clinic;General;50;96;102
ID-#06635-E!;2026-10-26;Industrial;Workers Health Center;General;55;83;84
ID-#08500-A!;2026-10-15;Central;Metropolis General;General;57;96;96
ID-#03547-T!;2026-10-03;West;Westview Hospital;ER;41;96;96
**ID_00608?E;2026-10-25;East;Eastern Health;ER;24;80;102
**ID_00743?H;2026-10-19;East;East Point Med;ICU;89;84;78
ID-#00546-Z!;2026-10-16;Industrial;Industrial Med;ER;69;100;104
ID-#04203-A!;2026-10-26;Central;Metropolis General;ER;31;100;90
ID-#01971-C!;2026-10-20;East;Eastern Health;General;62;88;108
ID-#04234-W!;2026-10-27;West;Westview Hospital;ER;43;93;83
**ID_00622?N;2026-10-30;East;East Point Med;General;56;87;73
ID-#03197-X!;2026-10-20;Central;Central Care;ICU;79;98;118
ID-#04146-P!;2026-10-03;North;Northside Clinic;ICU;28;95;73
ID-#03504-P!;2026-10-26;East;East Point Med;General;35;92;N/A
**ID_01139?M;2026-10-24;North;Northside Clinic;ICU;23;97;119
ID-#00441-K!;2026-10-13;North;Northside Clinic;Observation;49;94;105
ID-#06376-E!;2026-10-26;East;East Point Med;ER;45;89;93
ID-#07362-Z!;2026-10-02;Waterfront;Bayview Hospital;General;89;99;74
ID-#01430-M!;2026-10-24;Industrial;Workers Health Center;ER;39;84;110
ID-#08442-Q!;2026-10-25;Industrial;Workers Health Center;ICU;70;91;104
ID-#06520-V!;2026-10-20;Industrial;Industrial Med;ICU;51;87;96
ID-#03778-R!;2026-10-25;South;South Park Hospital;ER;77;97;73
ID-#03321-H!;2026-10-11;East;East Point Med;ER;38;-;76
ID-#05428-P!;2026-10-31;North;Northern Medical;ER;-;95;117
ID-#00606-H!;2026-10-26;Central;Metropolis General;ER;35;93;99
ID-#07230-N!;2026-10-25;Central;Central Care;ER;41;97;120
ID-#06047-W!;2026-10-15;Industrial;Workers Health Center;General;57;98;92
ID-#01512-D!;2026-10-22;West;Westview Hospital;ER;47;100;81
ID-#08344-C!;2026-10-14;Central;Metropolis General;ER;25;93;89
ID-#06439-U!;2026-10-22;North;Northside Clinic;ICU;64;95;105
ID-#04263-F!;2026-10-21;Waterfront;Bayview Hospital;ER;56;100;118
ID-#00424-N!;2026-10-21;Central;Central Care;ICU;21;100;99
ID-#04894-T!;2026-10-12;Central;Metropolis General;ICU;41;100;97
**ID_02796?T;2026-10-09;North;Northside Clinic;General;73;94;102
ID-#04023-F!;2026-10-31;Industrial;Industrial Med;ER;28;84;119
ID-#03109-C!;2026-10-25;South;South Park Hospital;ER;22;95;102
ID-#05642-T!;2026-10-13;Central;Central Care;ICU;46;94;104
ID-#03865-R!;2026-10-19;Central;Central Care;ER;-;100;92
ID-#05201-R!;2026-10-25;North;Northern Medical;ICU;81;99;103
ID-#01300-C!;2026-10-17;Industrial;Industrial Med;ER;31;93;108
ID-#03065-I!;2026-10-20;West;Westview Hospital;Observation;81;98;107
ID-#07039-L!;2026-10-25;West;Westview Hospital;ER;24;98;77
ID-#01484-U!;2026-10-16;Central;Metropolis General;ER;72;98;104
ID-#01277-M!;2026-10-20;South;South Park Hospital;Observation;36;95;N/A
ID-#07398-X!;2026-10-25;Waterfront;Bayview Hospital;ICU;72;97;111
ID-#05395-P!;2026-10-24;West;Westview Hospital;ER;68;96;97
ID-#04963-N!;2026-10-27;South;South Park Hospital;ICU;33;95;76
ID-#02339-Z!;2026-10-25;West;Westview Hospital;General;49;99;92
**ID_04456?U;2026-10-22;West;Westview Hospital;General;87;93;100
ID-#05389-N!;2026-10-11;West;Westview Hospital;General;69;99;92
ID-#00287-R!;2026-10-12;Central;Central Care;General;47;98;102
ID-#05312-B!;2026-10-17;West;Westview Hospital;ER;40;97;100
ID-#03687-A!;2026-10-04;North;Northside Clinic;ER;74;95;89
ID-#07001-D!;2026-10-14;North;Northside Clinic;General;43;93;77
ID-#03956-E!;2026-10-14;West;Westview Hospital;ICU;74;95;75
ID-#07990-A!;2026-10-14;Industrial;Industrial Med;General;27;93;90
ID-#03632-U!;2026-10-26;Central;Central Care;General;74;99;82
ID-#08292-E!;2026-10-19;Waterfront;Bayview Hospital;ER;76;100;93
ID-#06659-D!;2026-10-19;East;Eastern Health;ER;68;88;91
ID-#05984-O!;2026-10-03;South;South Park Hospital;ICU;85;95;105
ID-#06898-T!;2026-10-26;Central;Metropolis General;ER;83;-;115
ID-#03492-M!;2026-10-02;West;Westview Hospital;Observation;71;100;77
ID-#02293-Q!;2026-10-20;North;Northside Clinic;ICU;78;97;87
ID-#03367-E!;2026-10-21;West;Westview Hospital;ICU;24;96;113
ID-#07050-H!;2026-10-29;Central;Central Care;General;81;97;117
ID-#04074-B!;2026-10-28;North;Northern Medical;Observation;29;100;77
ID-#03864-U!;2026-10-23;South;South Park Hospital;General;25;93;114
ID-#05720-H!;2026-10-08;South;South Park Hospital;ER;57;94;N/A
ID-#06882-N!;2026-10-20;East;Eastern Health;ER;31;85;N/A
ID-#01177-V!;2026-10-18;Industrial;Workers Health Center;ER;47;94;90
ID-#07670-R!;2026-10-05;North;Northside Clinic;General;78;98;90
ID-#06557-P!;2026-10-22;North;Northside Clinic;General;29;96;81
ID-#01867-U!;2026-10-16;East;Eastern Health;ER;49;96;74
**ID_06221?G;2026-10-19;South;South Park Hospital;ICU;20;96;95
ID-#02553-F!;2026-10-25;North;Northern Medical;ER;67;94;102
ID-#04091-T!;2026-10-13;Waterfront;Bayview Hospital;ICU;89;96;79
**ID_06481?H;2026-10-10;West;Westview Hospital;ICU;72;93;94
ID-#00471-O!;2026-10-05;East;East Point Med;General;29;99;119
ID-#07497-Y!;2026-10-23;West;Westview Hospital;ER;50;93;112
**ID_00255?X;2026-10-06;Waterfront;Bayview Hospital;ICU;26;99;102
ID-#00620-J!;2026-10-17;Central;Central Care;ICU;82;97;81
ID-#04620-H!;2026-10-26;Central;Central Care;General;87;98;94
ID-#06841-G!;2026-10-24;East;East Point Med;ER;69;89;101
ID-#04099-W!;2026-10-15;South;South Park Hospital;ICU;22;94;109
ID-#07416-L!;2026-10-03;West;Westview Hospital;ER;-;97;N/A
ID-#05772-U!;2026-10-21;Industrial;Industrial Med;General;31;82;71
ID-#00899-T!;2026-10-24;North;Northside Clinic;General;43;95;102
ID-#01240-Q!;2026-10-20;South;South Park Hospital;Observation;37;97;96
ID-#04081-Y!;2026-10-25;West;Westview Hospital;Observation;42;93;117
ID-#04578-C!;2026-10-14;West;Westview Hospital;ER;25;94;98
ID-#05473-I!;2026-10-22;East;Eastern Health;ICU;78;85;80
ID-#05989-O!;2026-10-05;Industrial;Industrial Med;ER;40;99;110
ID-#06981-N!;2026-10-31;South;South Park Hospital;General;60;95;103
ID-#06588-X!;2026-10-05;North;Northern Medical;General;20;94;76
ID-#02426-V!;2026-10-20;Central;Metropolis General;ICU;46;97;111
ID-#04454-H!;2026-10-10;South;South Park Hospital;General;76;100;88
**ID_08385?Q;2026-10-15;West;Westview Hospital;ICU;70;94;72
ID-#01387-O!;2026-10-23;East;Eastern Health;General;40;82;86
ID-#06340-W!;2026-10-24;Waterfront;Bayview Hospital;ER;26;98;87
ID-#06429-B!;2026-10-23;South;South Park Hospital;ER;33;96;119
ID-#05605-G!;2026-10-21;Central;Central Care;ER;67;100;85
ID-#04480-O!;2026-10-08;North;Northside Clinic;General;72;96;76
ID-#00562-J!;2026-10-24;East;Eastern Health;General;74;81;84
ID-#06710-U!;2026-10-08;South;South Park Hospital;ER;27;94;77
ID-#00866-C!;2026-10-21;Industrial;Industrial Med;General;20;81;117
ID-#07457-D!;2026-10-26;Central;Metropolis General;ER;70;99;102
ID-#01255-D!;2026-10-26;West;Westview Hospital;Observation;82;96;74
ID-#00944-N!;2026-10-30;East;Eastern Health;ER;55;85;112
ID-#00129-N!;2026-10-22;Waterfront;Bayview Hospital;ER;18;94;107
ID-#05882-H!;2026-10-06;West;Westview Hospital;Observation;71;96;112
ID-#01110-R!;2026-10-21;West;Westview Hospital;General;56;93;84
ID-#07873-Q!;2026-10-30;South;South Park Hospital;Observation;78;99;114
ID-#07262-W!;2026-10-25;East;East Point Med;ICU;59;84;90
ID-#01951-S!;2026-10-23;Waterfront;Bayview Hospital;ER;85;97;115
ID-#06776-S!;2026-10-19;West;Westview Hospital;Observation;60;100;115
ID-#00395-E!;2026-10-09;West;Westview Hospital;ER;87;94;102
ID-#04005-T!;2026-10-29;Waterfront;Bayview Hospital;ICU;59;100;119
ID-#03481-S!;2026-10-19;North;Northern Medical;ER;25;98;86
**ID_05862?F;2026-10-23;Waterfront;Bayview Hospital;ICU;-;94;75
ID-#07803-X!;2026-10-24;Industrial;Industrial Med;General;72;84;85
**ID_03685?U;2026-10-19;North;Northern Medical;ER;-;95;82
ID-#02433-M!;2026-10-20;South;South Park Hospital;ER;69;96;100
ID-#01863-W!;2026-10-25;West;Westview Hospital;ICU;18;97;81
ID-#06251-D!;2026-10-11;South;South Park Hospital;General;82;99;105
ID-#03170-C!;2026-10-19;North;Northern Medical;General;83;96;110
ID-#05935-V!;2026-10-19;West;Westview Hospital;ER;27;100;88
**ID_02570?O;2026-10-23;Industrial;Industrial Med;ICU;50;87;103
ID-#01676-R!;2026-10-25;Central;Central Care;ICU;71;95;118
ID-#03673-T!;2026-10-16;Waterfront;Bayview Hospital;ICU;24;98;89
ID-#02782-S!;2026-10-28;West;Westview Hospital;ER;27;-;98
ID-#06955-J!;2026-10-21;West;Westview Hospital;ER;85;100;120
ID-#00932-P!;2026-10-11;South;South Park Hospital;ER;41;99;85
ID-#00707-T!;2026-10-25;Industrial;Industrial Med;ER;18;89;105
ID-#01127-Y!;2026-10-07;South;South Park Hospital;ICU;38;99;94
ID-#03404-O!;2026-10-23;Waterfront;Bayview Hospital;ER;23;95;81
ID-#08439-Y!;2026-10-05;Industrial;Industrial Med;ICU;38;94;118
ID-#05681-C!;2026-10-22;North;Northside Clinic;ER;81;98;85
ID-#02724-K!;2026-10-15;East;Eastern Health;General;74;99;105
ID-#07566-G!;2026-10-08;Industrial;Industrial Med;General;44;95;80
**ID_06819?D;2026-10-28;Central;Metropolis General;ICU;80;98;95
ID-#01085-X!;2026-10-20;West;Westview Hospital;ICU;58;99;83
ID-#06241-T!;2026-10-25;Central;Metropolis General;ER;20;95;73
ID-#01847-W!;2026-10-29;Waterfront;Bayview Hospital;General;42;96;95
ID-#06591-D!;2026-10-24;North;Northern Medical;ER;36;95;93
ID-#00553-K!;2026-10-19;East;East Point Med;ICU;34;80;97
ID-#07206-K!;2026-10-09;Waterfront;Bayview Hospital;ER;86;96;102
ID-#05980-L!;2026-10-23;East;Eastern Health;ICU;70;91;101
ID-#03703-L!;2026-10-08;East;East Point Med;ER;77;99;114
ID-#02811-A!;2026-10-20;East;Eastern Health;General;37;90;N/A
ID-#05987-D!;2026-10-23;Industrial;Workers Health Center;General;-;89;104
ID-#01124-W!;2026-10-03;West;Westview Hospital;General;89;96;111
ID-#05392-H!;2026-10-20;Waterfront;Bayview Hospital;Observation;34;94;73
ID-#04905-Z!;2026-10-20;Waterfront;Bayview Hospital;ER;54;100;98
ID-#06575-T!;2026-10-28;Central;Metropolis General;ICU;72;95;77
ID-#00738-R!;2026-10-12;Industrial;Industrial Med;ER;29;99;90
ID-#01039-E!;2026-10-12;Waterfront;Bayview Hospital;General;83;94;74
ID-#07895-S!;2026-10-24;Central;Metropolis General;General;75;97;96
**ID_04988?E;2026-10-07;Industrial;Industrial Med;ER;23;98;N/A
ID-#07548-F!;2026-10-17;East;East Point Med;General;54;99;97
**ID_06202?O;2026-10-24;West;Westview Hospital;ER;27;94;89
ID-#06839-T!;2026-10-17;Industrial;Workers Health Center;ICU;64;96;101
ID-#07685-F!;2026-10-19;Industrial;Workers Health Center;ER;25;81;85
ID-#00211-Y!;2026-10-18;East;East Point Med;ER;55;-;99
ID-#05159-Z!;2026-10-17;West;Westview Hospital;Observation;68;100;120
ID-#04382-J!;2026-10-22;Waterfront;Bayview Hospital;General;60;98;77
**ID_05979?I;2026-10-20;East;East Point Med;Observation;36;85;120
ID-#03006-U!;2026-10-31;Waterfront;Bayview Hospital;ER;77;95;79
ID-#04539-N!;2026-10-26;Industrial;Workers Health Center;General;72;82;90
ID-#06718-G!;2026-10-26;South;South Park Hospital;General;31;98;91
**ID_01839?V;2026-10-19;South;South Park Hospital;Observation;25;95;87
ID-#04300-Q!;2026-10-22;North;Northern Medical;General;34;95;84
ID-#02115-D!;2026-10-22;East;Eastern Health;ICU;59;91;88
ID-#02504-K!;2026-10-25;Industrial;Industrial Med;ER;28;92;107
**ID_00774?U;2026-10-30;West;Westview Hospital;ICU;20;99;115
ID-#06672-F!;2026-10-30;West;Westview Hospital;ICU;58;98;116
ID-#01165-E!;2026-10-21;East;East Point Med;General;20;89;89
ID-#06912-G!;2026-10-29;Central;Central Care;General;29;93;95
ID-#01608-A!;2026-10-29;North;Northern Medical;ICU;80;94;105
ID-#07572-P!;2026-10-31;Waterfront;Bayview Hospital;ER;87;98;N/A
ID-#03215-C!;2026-10-23;Central;Metropolis General;ER;18;97;97
ID-#05034-D!;2026-10-26;Waterfront;Bayview Hospital;ER;84;95;83
ID-#05188-C!;2026-10-20;Waterfront;Bayview Hospital;ICU;31;96;89
**ID_00961?Q;2026-10-24;South;South Park Hospital;Observation;59;93;117
ID-#06158-H!;2026-10-16;East;East Point Med;General;46;98;80
ID-#01727-V!;2026-10-24;Waterfront;Bayview Hospital;ICU;90;94;93
ID-#01396-H!;2026-10-20;South;South Park Hospital;ER;31;93;107
ID-#06927-L!;2026-10-21;North;Northside Clinic;ER;53;95;80
ID-#00242-M!;2026-10-23;Central;Metropolis General;General;42;100;N/A
ID-#04829-I!;2026-10-21;East;Eastern Health;ER;84;86;82
ID-#05400-K!;2026-10-13;Waterfront;Bayview Hospital;General;33;98;71
ID-#05453-P!;2026-10-30;South;South Park Hospital;ICU;75;98;120
ID-#05760-P!;2026-10-03;East;Eastern Health;ICU;88;97;104
ID-#02853-S!;2026-10-26;Industrial;Industrial Med;ICU;87;81;70
ID-#05613-I!;2026-10-24;North;Northern Medical;ICU;78;96;85
ID-#02932-B!;2026-10-16;South;South Park Hospital;ER;26;97;102
ID-#06554-S!;2026-10-13;North;Northside Clinic;ER;82;100;93
ID-#03425-F!;2026-10-19;South;South Park Hospital;ER;82;95;100
ID-#05846-X!;2026-10-20;East;Eastern Health;ER;29;80;104
ID-#07936-X!;2026-10-24;South;South Park Hospital;ICU;28;98;90
ID-#06017-F!;2026-10-20;North;Northern Medical;ER;67;93;73
ID-#08067-E!;2026-10-20;East;East Point Med;General;28;91;119
ID-#04870-L!;2026-10-19;Waterfront;Bayview Hospital;Observation;28;100;80
ID-#03970-N!;2026-10-15;East;East Point Med;ER;67;100;98
ID-#01559-M!;2026-10-23;West;Westview Hospital;Observation;47;97;83
ID-#02325-D!;2026-10-24;North;Northern Medical;ER;20;93;72
**ID_01299?Y;2026-10-03;North;Northside Clinic;ER;65;94;85
ID-#07246-R!;2026-10-14;Industrial;Industrial Med;ER;41;99;N/A
ID-#04980-P!;2026-10-21;Waterfront;Bayview Hospital;ER;52;95;73
ID-#01311-S!;2026-10-24;West;Westview Hospital;ICU;-;100;100
ID-#06753-S!;2026-10-08;North;Northern Medical;General;76;97;76
ID-#04280-K!;2026-10-23;Waterfront;Bayview Hospital;General;62;94;114
ID-#03757-F!;2026-10-21;South;South Park Hospital;ER;57;100;88
ID-#03329-Z!;2026-10-20;North;Northern Medical;ER;68;93;76
ID-#05283-E!;2026-10-26;Industrial;Industrial Med;ER;63;89;119
ID-#04031-Q!;2026-10-08;Central;Central Care;ER;-;95;90
ID-#06744-T!;2026-10-16;East;East Point Med;Observation;26;98;80
**ID_06977?X;2026-10-31;North;Northside Clinic;General;65;99;89
ID-#03058-V!;2026-10-18;West;Westview Hospital;General;90;95;72
ID-#06836-N!;2026-10-24;North;Northern Medical;ER;22;98;105
ID-#04845-Z!;2026-10-08;Industrial;Workers Health Center;ICU;21;96;87
ID-#07903-L!;2026-10-16;West;Westview Hospital;ER;58;93;N/A
ID-#04922-Y!;2026-10-21;Waterfront;Bayview Hospital;ER;69;-;N/A
ID-#04629-O!;2026-10-27;Waterfront;Bayview Hospital;Observation;44;93;73
ID-#06694-T!;2026-10-25;East;East Point Med;ER;43;87;108
ID-#02613-J!;2026-10-20;Waterfront;Bayview Hospital;ER;30;99;86
ID-#03953-Q!;2026-10-09;Waterfront;Bayview Hospital;ICU;78;95;N/A
ID-#00589-M!;2026-10-27;Central;Metropolis General;Observation;74;97;97
ID-#02883-P!;2026-10-08;Waterfront;Bayview Hospital;ER;85;93;100
ID-#02436-C!;2026-10-05;Industrial;Industrial Med;ICU;88;97;70
ID-#04990-D!;2026-10-22;Central;Central Care;ER;38;97;110
ID-#05956-A!;2026-10-22;Waterfront;Bayview Hospital;General;-;99;118
ID-#08301-C!;2026-10-26;West;Westview Hospital;General;20;97;98
**ID_00554?X;2026-10-10;South;South Park Hospital;General;40;93;N/A
ID-#02151-X!;2026-10-04;North;Northside Clinic;ER;56;94;100
ID-#07201-A!;2026-10-23;West;Westview Hospital;ER;56;100;76
ID-#06585-R!;2026-10-23;West;Westview Hospital;General;66;96;81
ID-#05419-R!;2026-10-02;Central;Metropolis General;Observation;88;94;87
ID-#08469-A!;2026-10-20;North;Northside Clinic;ER;82;95;95
ID-#05626-D!;2026-10-24;North;Northside Clinic;ER;28;98;79
ID-#01486-Z!;2026-10-25;West;Westview Hospital;General;25;-;89
ID-#05823-B!;2026-10-11;Industrial;Industrial Med;Observation;19;97;79
ID-#01590-W!;2026-10-22;North;Northern Medical;ER;28;95;76
ID-#02828-W!;2026-10-07;South;South Park Hospital;ICU;21;96;105
ID-#03781-L!;2026-10-10;East;Eastern Health;ER;53;93;85
ID-#00452-Q!;2026-10-08;North;Northern Medical;General;75;93;114
ID-#08464-B!;2026-10-25;North;Northern Medical;ER;-;95;72
ID-#04232-H!;2026-10-17;East;Eastern Health;General;33;-;98
ID-#03634-I!;2026-10-25;South;South Park Hospital;Observation;23;96;96
ID-#01389-G!;2026-10-25;North;Northside Clinic;Observation;-;95;74
ID-#01970-F!;2026-10-21;North;Northside Clinic;General;23;98;118
ID-#03226-A!;2026-10-05;North;Northside Clinic;ER;53;100;115
ID-#00579-V!;2026-10-04;Waterfront;Bayview Hospital;Observation;38;93;87
ID-#02575-R!;2026-10-09;Central;Central Care;ICU;77;96;79
ID-#01327-D!;2026-10-08;Waterfront;Bayview Hospital;ER;57;98;117
ID-#04551-L!;2026-10-19;Central;Metropolis General;General;44;96;97
ID-#04603-F!;2026-10-20;East;East Point Med;ER;76;89;120
ID-#03637-I!;2026-10-04;East;East Point Med;ER;45;100;102
ID-#07345-E!;2026-10-22;West;Westview Hospital;ICU;81;98;82
ID-#00686-C!;2026-10-20;East;Eastern Health;Observation;57;91;71
ID-#05119-Z!;2026-10-22;West;Westview Hospital;General;78;98;94
ID-#05537-Y!;2026-10-14;West;Westview Hospital;ER;48;93;81
ID-#03689-B!;2026-10-07;South;South Park Hospital;ER;55;98;104
ID-#06729-T!;2026-10-02;West;Westview Hospital;ER;-;93;112
**ID_00302?G;2026-10-27;Industrial;Workers Health Center;ER;81;91;96
ID-#05058-W!;2026-10-22;South;South Park Hospital;ER;52;98;72
**ID_03716?F;2026-10-26;East;Eastern Health;General;30;80;79
ID-#04611-A!;2026-10-05;North;Northern Medical;General;56;99;113
ID-#03247-I!;2026-10-22;South;South Park Hospital;General;29;95;77
ID-#04440-U!;2026-10-24;Waterfront;Bayview Hospital;ER;60;94;112
ID-#06624-D!;2026-10-30;South;South Park Hospital;ICU;25;-;101
ID-#08487-A!;2026-10-26;Industrial;Industrial Med;Observation;61;90;104
ID-#05749-N!;2026-10-19;East;East Point Med;ER;90;80;101
ID-#02047-K!;2026-10-23;West;Westview Hospital;General;69;94;105
ID-#02830-N!;2026-10-22;North;Northside Clinic;ICU;-;-;93
ID-#04892-Z!;2026-10-23;West;Westview Hospital;General;70;93;73
ID-#00803-Y!;2026-10-13;South;South Park Hospital;ER;31;95;80
ID-#02077-K!;2026-10-19;North;Northside Clinic;ER;18;94;87
ID-#08479-W!;2026-10-23;West;Westview Hospital;ER;47;98;97
ID-#00101-S!;2026-10-21;West;Westview Hospital;General;33;99;108
ID-#05845-Q!;2026-10-06;Industrial;Workers Health Center;Observation;54;96;112
ID-#07546-D!;2026-10-30;Waterfront;Bayview Hospital;General;42;97;77
**ID_02028?S;2026-10-02;West;Westview Hospital;ICU;31;95;93
**ID_06606?H;2026-10-16;Waterfront;Bayview Hospital;General;20;96;108
ID-#01354-T!;2026-10-11;Waterfront;Bayview Hospital;ER;45;99;96
**ID_01267?B;2026-10-04;Central;Metropolis General;ICU;54;99;85
ID-#01587-W!;2026-10-21;Industrial;Workers Health Center;ER;-;92;110
ID-#02938-X!;2026-10-21;West;Westview Hospital;General;75;94;84
ID-#08188-P!;2026-10-21;East;Eastern Health;ER;51;81;118
ID-#03212-Y!;2026-10-21;East;East Point Med;ER;28;82;88
ID-#00755-L!;2026-10-21;Central;Central Care;ICU;55;94;114
ID-#01712-A!;2026-10-13;Waterfront;Bayview Hospital;General;74;99;101
ID-#07341-J!;2026-10-07;West;Westview Hospital;ICU;86;100;83
ID-#03089-O!;2026-10-25;South;South Park Hospital;ER;63;93;91
ID-#03656-U!;2026-10-23;South;South Park Hospital;ER;60;93;93
ID-#04951-E!;2026-10-14;Central;Metropolis General;General;85;99;91
ID-#03519-L!;2026-10-31;West;Westview Hospital;ICU;56;99;93
ID-#02266-Y!;2026-10-25;Central;Central Care;General;28;95;109
ID-#05957-T!;2026-10-25;South;South Park Hospital;General;42;99;85
ID-#03382-N!;2026-10-25;Industrial;Industrial Med;ICU;76;80;101
ID-#03829-S!;2026-10-23;East;East Point Med;Observation;31;91;71
ID-#02421-G!;2026-10-26;West;Westview Hospital;ER;61;98;71
ID-#06071-N!;2026-10-20;Waterfront;Bayview Hospital;General;82;96;79
ID-#04406-E!;2026-10-25;Industrial;Workers Health Center;ER;78;-;117
ID-#08444-R!;2026-10-06;Central;Central Care;ICU;87;99;119
ID-#04546-Q!;2026-10-23;West;Westview Hospital;General;69;94;110
ID-#01225-T!;2026-10-21;Waterfront;Bayview Hospital;ER;84;97;74
**ID_05472?O;2026-10-26;Industrial;Industrial Med;ICU;59;92;117
ID-#07820-C!;2026-10-29;Industrial;Workers Health Center;ICU;60;85;80
ID-#02450-S!;2026-10-20;East;Eastern Health;ER;66;91;75
ID-#00994-R!;2026-10-02;Waterfront;Bayview Hospital;General;42;93;118
ID-#01691-I!;2026-10-26;South;South Park Hospital;General;37;-;113
**ID_02359?H;2026-10-15;Waterfront;Bayview Hospital;General;47;96;76
ID-#00444-L!;2026-10-26;South;South Park Hospital;ER;23;98;71
ID-#07481-H!;2026-10-22;West;Westview Hospital;ER;-;97;79
ID-#05408-J!;2026-10-12;East;East Point Med;Observation;73;100;87
ID-#02510-Q!;2026-10-23;Waterfront;Bayview Hospital;General;65;100;93
ID-#05892-C!;2026-10-26;Industrial;Industrial Med;General;38;86;N/A
**ID_03177?K;2026-10-31;Waterfront;Bayview Hospital;ER;61;96;70
ID-#07463-L!;2026-10-19;Waterfront;Bayview Hospital;General;66;93;119
ID-#06884-G!;2026-10-31;Central;Metropolis General;ER;52;96;79
ID-#00077-E!;2026-10-11;West;Westview Hospital;ER;39;95;73
ID-#01073-X!;2026-10-05;West;Westview Hospital;General;62;95;76
ID-#00295-E!;2026-10-21;West;Westview Hospital;General;30;99;77
ID-#08289-Q!;2026-10-26;Industrial;Industrial Med;ER;23;92;104
ID-#05010-U!;2026-10-23;Waterfront;Bayview Hospital;ER;45;96;98
**ID_00891?V;2026-10-19;South;South Park Hospital;General;41;97;111
ID-#05782-Y!;2026-10-26;South;South Park Hospital;ICU;-;96;70
ID-#05496-C!;2026-10-22;West;Westview Hospital;ER;44;93;84
ID-#00829-K!;2026-10-26;South;South Park Hospital;General;18;97;92
ID-#00831-T!;2026-10-19;Industrial;Industrial Med;ER;35;81;116
ID-#00002-C!;2026-10-21;East;Eastern Health;ICU;70;-;N/A
ID-#05433-O!;2026-10-25;Central;Central Care;ER;41;100;106
**ID_04821?C;2026-10-22;North;Northern Medical;ER;60;98;71
ID-#05563-W!;2026-10-19;Central;Metropolis General;ER;-;97;98
ID-#07337-Z!;2026-10-14;Central;Metropolis General;ICU;75;98;91
ID-#05465-H!;2026-10-13;East;East Point Med;ER;70;99;72
ID-#04278-O!;2026-10-30;North;Northside Clinic;ICU;70;94;104
ID-#07487-F!;2026-10-24;East;East Point Med;General;54;80;83
ID-#04435-U!;2026-10-26;West;Westview Hospital;ICU;47;100;111
ID-#01797-A!;2026-10-02;West;Westview Hospital;General;29;97;109
ID-#05036-J!;2026-10-25;Central;Metropolis General;Observation;54;99;114
ID-#01694-R!;2026-10-30;Waterfront;Bayview Hospital;ER;44;97;79
ID-#00212-R!;2026-10-19;North;Northside Clinic;General;43;96;70
ID-#00614-L!;2026-10-26;South;South Park Hospital;General;83;99;106
ID-#03417-E!;2026-10-26;East;Eastern Health;ICU;44;84;105
ID-#00567-S!;2026-10-09;East;Eastern Health;ICU;61;100;72
**ID_00175?V;2026-10-21;Central;Central Care;ICU;61;97;108
ID-#03338-K!;2026-10-16;North;Northside Clinic;ER;57;94;95
ID-#03256-H!;2026-10-08;Central;Central Care;Observation;39;94;91
ID-#05357-A!;2026-10-22;Waterfront;Bayview Hospital;ICU;73;95;114
**ID_06120?M;2026-10-06;Central;Metropolis General;General;-;97;80
ID-#00508-A!;2026-10-30;East;East Point Med;General;89;83;118
ID-#00213-A!;2026-10-23;Industrial;Industrial Med;Observation;85;86;118
ID-#06852-L!;2026-10-24;Industrial;Industrial Med;ER;28;87;111
ID-#03446-X!;2026-10-21;East;Eastern Health;ICU;48;89;113
ID-#04678-J!;2026-10-14;Industrial;Workers Health Center;ER;75;95;86
ID-#01507-A!;2026-10-23;North;Northern Medical;ER;27;97;91
ID-#01509-T!;2026-10-26;Central;Central Care;ICU;19;98;88
ID-#02621-U!;2026-10-10;Industrial;Workers Health Center;ER;90;97;79
**ID_08481?W;2026-10-19;West;Westview Hospital;ER;34;93;84
**ID_04218?W;2026-10-13;West;Westview Hospital;General;44;96;76
ID-#04495-T!;2026-10-13;Industrial;Workers Health Center;ICU;62;100;115
ID-#06666-M!;2026-10-06;East;East Point Med;General;75;97;115
ID-#04985-L!;2026-10-25;North;Northside Clinic;ICU;31;100;82
ID-#02353-L!;2026-10-15;North;Northside Clinic;ER;26;97;116
ID-#04912-M!;2026-10-30;South;South Park Hospital;ICU;-;96;114
ID-#05063-U!;2026-10-23;West;Westview Hospital;ER;69;96;96
ID-#02566-R!;2026-10-25;North;Northside Clinic;ER;57;98;112
ID-#07730-C!;2026-10-19;Central;Metropolis General;ER;72;97;89
ID-#08040-B!;2026-10-24;East;Eastern Health;ER;51;92;91
ID-#00566-J!;2026-10-23;North;Northside Clinic;General;24;94;72
ID-#02466-U!;2026-10-09;East;Eastern Health;ICU;63;96;95
ID-#00670-G!;2026-10-31;North;Northside Clinic;ICU;27;99;118
ID-#02809-F!;2026-10-21;West;Westview Hospital;ER;55;97;90
ID-#08493-M!;2026-10-27;North;Northern Medical;ER;64;100;97
ID-#04812-M!;2026-10-12;North;Northside Clinic;Observation;21;-;108
ID-#05130-R!;2026-10-15;East;East Point Med;ICU;37;93;120
**ID_07393?F;2026-10-11;Central;Central Care;ER;80;98;94
ID-#06627-S!;2026-10-25;Waterfront;Bayview Hospital;General;54;100;92
ID-#05923-B!;2026-10-13;North;Northside Clinic;ER;28;97;119
ID-#07402-J!;2026-10-23;Waterfront;Bayview Hospital;ER;38;100;72
ID-#02961-O!;2026-10-15;Central;Central Care;ER;84;94;85
**ID_02237?I;2026-10-18;Industrial;Workers Health Center;ER;-;98;101
ID-#01090-P!;2026-10-29;Waterfront;Bayview Hospital;ER;38;98;78
ID-#00494-S!;2026-10-23;Waterfront;Bayview Hospital;General;52;93;99
**ID_08132?A;2026-10-16;North;Northside Clinic;ICU;-;96;99
ID-#00133-M!;2026-10-12;Waterfront;Bayview Hospital;General;71;99;75
ID-#00873-R!;2026-10-04;East;Eastern Health;ICU;76;94;104
ID-#07052-H!;2026-10-28;North;Northside Clinic;ER;71;95;72
ID-#05263-I!;2026-10-26;East;East Point Med;General;26;-;87
ID-#05258-D!;2026-10-26;Central;Central Care;ICU;21;96;102
ID-#07505-E!;2026-10-18;Waterfront;Bayview Hospital;ER;31;-;89
ID-#08489-F!;2026-10-04;Waterfront;Bayview Hospital;General;65;95;104
ID-#04696-P!;2026-10-17;Central;Metropolis General;General;-;99;91
ID-#06088-C!;2026-10-21;Industrial;Industrial Med;ER;54;88;84
ID-#04656-C!;2026-10-31;South;South Park Hospital;ER;25;94;110
ID-#01972-E!;2026-10-27;South;South Park Hospital;ER;61;96;93
ID-#07182-G!;2026-10-25;Industrial;Workers Health Center;ICU;60;89;118
ID-#00939-T!;2026-10-16;Central;Metropolis General;ER;26;93;100
ID-#05092-M!;2026-10-30;South;South Park Hospital;ICU;52;97;79
**ID_06413?N;2026-10-03;South;South Park Hospital;ER;74;98;97
ID-#05246-F!;2026-10-20;West;Westview Hospital;ICU;32;97;91
ID-#02987-Z!;2026-10-28;East;East Point Med;ICU;20;83;87
**ID_02701?N;2026-10-25;South;South Park Hospital;ICU;81;98;82
ID-#05060-C!;2026-10-28;North;Northside Clinic;ICU;75;94;96
ID-#08193-A!;2026-10-10;Industrial;Workers Health Center;Observation;69;-;119
ID-#06005-E!;2026-10-19;Central;Metropolis General;ICU;-;99;107
ID-#07694-A!;2026-10-02;North;Northside Clinic;ER;86;93;104
ID-#07629-B!;2026-10-21;Central;Metropolis General;ER;55;98;96
ID-#01060-W!;2026-10-23;West;Westview Hospital;ICU;74;93;77
ID-#01086-A!;2026-10-25;West;Westview Hospital;General;73;97;118
ID-#03034-U!;2026-10-19;North;Northside Clinic;ER;75;100;110
ID-#07688-X!;2026-10-24;West;Westview Hospital;General;59;93;82
ID-#00923-M!;2026-10-12;South;South Park Hospital;General;48;93;119
ID-#00824-G!;2026-10-27;East;Eastern Health;ICU;29;90;87
ID-#01680-X!;2026-10-16;Industrial;Industrial Med;ER;38;100;113
ID-#00091-X!;2026-10-03;North;Northern Medical;General;74;97;91
**ID_00018?B;2026-10-02;East;East Point Med;General;23;100;108
ID-#02060-A!;2026-10-21;North;Northern Medical;ICU;70;97;102
ID-#07850-R!;2026-10-27;South;South Park Hospital;General;25;97;120
ID-#06917-M!;2026-10-12;North;Northside Clinic;General;49;100;97
ID-#01446-Q!;2026-10-28;Central;Central Care;ER;80;100;119
**ID_03078?K;2026-10-27;West;Westview Hospital;ER;55;96;84
ID-#03776-C!;2026-10-14;South;South Park Hospital;ICU;-;96;103
ID-#05480-O!;2026-10-22;West;Westview Hospital;ER;67;96;107
ID-#00603-A!;2026-10-21;North;Northside Clinic;ER;28;100;120
ID-#07200-G!;2026-10-22;North;Northside Clinic;General;37;98;106
ID-#06881-T!;2026-10-20;Waterfront;Bayview Hospital;ICU;51;98;106
ID-#06800-E!;2026-10-27;Waterfront;Bayview Hospital;General;89;96;83
ID-#06629-K!;2026-10-20;South;South Park Hospital;ICU;23;93;120
ID-#04215-X!;2026-10-24;Waterfront;Bayview Hospital;General;46;99;74
ID-#07420-J!;2026-10-09;Waterfront;Bayview Hospital;General;36;100;90
ID-#06639-T!;2026-10-26;Waterfront;Bayview Hospital;ER;48;97;107
ID-#06696-U!;2026-10-22;Industrial;Workers Health Center;ER;53;91;93
ID-#07946-Y!;2026-10-21;West;Westview Hospital;ER;78;97;106
ID-#04317-Z!;2026-10-23;Industrial;Industrial Med;ER;84;88;74
ID-#01067-T!;2026-10-23;Waterfront;Bayview Hospital;General;68;96;97
ID-#06767-K!;2026-10-12;Waterfront;Bayview Hospital;ER;74;97;101
ID-#04525-O!;2026-10-22;Central;Metropolis General;ER;-;96;118
ID-#03840-F!;2026-10-20;South;South Park Hospital;Observation;38;94;N/A
ID-#00679-W!;2026-10-19;East;Eastern Health;ER;25;88;111
ID-#03087-Q!;2026-10-08;South;South Park Hospital;ER;72;94;96
ID-#05377-Q!;2026-10-03;Industrial;Industrial Med;General;80;95;72
ID-#03920-N!;2026-10-03;Central;Metropolis General;ER;72;100;72
ID-#07421-X!;2026-10-22;East;Eastern Health;General;54;87;74
ID-#02476-O!;2026-10-22;South;South Park Hospital;ICU;68;98;104
ID-#07888-I!;2026-10-31;East;Eastern Health;ICU;51;91;104
ID-#02508-Z!;2026-10-26;Waterfront;Bayview Hospital;General;47;-;99
**ID_05222?P;2026-10-31;West;Westview Hospital;General;82;-;78
ID-#02308-M!;2026-10-25;South;South Park Hospital;Observation;31;95;94
ID-#01413-R!;2026-10-09;West;Westview Hospital;ICU;73;97;92
ID-#03282-A!;2026-10-17;North;Northside Clinic;ER;55;94;109
ID-#02992-J!;2026-10-24;Industrial;Workers Health Center;Observation;85;89;120
ID-#06771-K!;2026-10-23;North;Northern Medical;ER;85;100;94
ID-#01884-F!;2026-10-25;East;Eastern Health;Observation;43;89;108
ID-#06342-D!;2026-10-17;East;Eastern Health;ICU;61;98;N/A
**ID_00815?L;2026-10-26;West;Westview Hospital;General;66;96;72
ID-#06269-V!;2026-10-16;North;Northside Clinic;ER;58;99;70
ID-#01375-K!;2026-10-30;South;South Park Hospital;General;88;93;81
ID-#05024-P!;2026-10-02;North;Northern Medical;General;65;99;73
ID-#03482-Q!;2026-10-12;North;Northside Clinic;ER;36;98;102
ID-#06385-O!;2026-10-25;West;Westview Hospital;ICU;36;97;106
ID-#04650-E!;2026-10-13;Central;Central Care;Observation;85;97;88
ID-#07802-T!;2026-10-26;Industrial;Industrial Med;Observation;86;80;111
**ID_03756?X;2026-10-23;Industrial;Workers Health Center;ICU;61;-;92
ID-#06783-P!;2026-10-24;North;Northside Clinic;ER;69;100;105
ID-#08163-I!;2026-10-21;Waterfront;Bayview Hospital;ER;35;99;99
ID-#04520-I!;2026-10-21;Waterfront;Bayview Hospital;ER;90;-;111
ID-#08050-P!;2026-10-11;Waterfront;Bayview Hospital;ER;38;100;101
ID-#02658-G!;2026-10-22;Waterfront;Bayview Hospital;ICU;71;94;77
ID-#05274-W!;2026-10-20;West;Westview Hospital;General;66;99;71
**ID_05266?H;2026-10-03;North;Northside Clinic;ER;75;99;114
ID-#01598-L!;2026-10-25;Industrial;Industrial Med;General;31;89;89
ID-#02068-G!;2026-10-28;South;South Park Hospital;ER;33;94;72
ID-#07906-N!;2026-10-20;East;East Point Med;ICU;49;81;106
ID-#05259-T!;2026-10-08;West;Westview Hospital;ICU;73;99;74
**ID_06531?N;2026-10-23;Industrial;Workers Health Center;ICU;-;91;91
ID-#03907-X!;2026-10-25;East;Eastern Health;ER;58;84;103
ID-#02561-E!;2026-10-22;East;East Point Med;General;60;-;103
ID-#01926-Q!;2026-10-14;Waterfront;Bayview Hospital;General;28;100;73
ID-#07804-V!;2026-10-25;West;Westview Hospital;ICU;18;93;117
ID-#01386-O!;2026-10-05;Waterfront;Bayview Hospital;ER;76;-;N/A
ID-#06390-W!;2026-10-08;East;East Point Med;Observation;86;94;108
ID-#08074-B!;2026-10-30;Industrial;Industrial Med;ER;44;83;97
ID-#07529-K!;2026-10-25;Industrial;Industrial Med;Observation;68;89;99
ID-#04783-S!;2026-10-25;South;South Park Hospital;Observation;28;98;N/A
ID-#08287-K!;2026-10-25;North;Northern Medical;ER;41;96;73
ID-#02896-P!;2026-10-24;South;South Park Hospital;ICU;25;100;78
ID-#08009-O!;2026-10-23;South;South Park Hospital;General;44;99;106
ID-#07662-M!;2026-10-20;Industrial;Industrial Med;Observation;66;87;94
ID-#04453-W!;2026-10-30;South;South Park Hospital;ICU;71;100;82
ID-#02326-R!;2026-10-23;North;Northern Medical;Observation;45;99;111
ID-#00150-Q!;2026-10-21;East;East Point Med;General;32;83;92
ID-#05698-O!;2026-10-21;South;South Park Hospital;General;40;94;112
ID-#07723-E!;2026-10-22;West;Westview Hospital;General;76;98;112
ID-#05952-W!;2026-10-16;South;South Park Hospital;ER;56;95;116
**ID_07587?Y;2026-10-15;North;Northside Clinic;ER;73;99;102
ID-#07697-L!;2026-10-23;Industrial;Industrial Med;ER;64;83;115
ID-#00372-I!;2026-10-27;West;Westview Hospital;ICU;63;97;99
ID-#03206-G!;2026-10-22;North;Northside Clinic;ER;86;93;81
ID-#04140-P!;2026-10-26;North;Northern Medical;ICU;70;97;112
ID-#06001-G!;2026-10-17;North;Northside Clinic;ER;48;99;74
ID-#01650-Z!;2026-10-08;West;Westview Hospital;ER;64;96;70
ID-#08467-V!;2026-10-20;South;South Park Hospital;ICU;62;94;75
ID-#05298-D!;2026-10-24;Central;Metropolis General;Observation;77;95;113
ID-#08445-Z!;2026-10-30;Industrial;Industrial Med;ICU;62;86;119
ID-#02970-V!;2026-10-12;East;Eastern Health;ER;27;100;103
ID-#01433-S!;2026-10-25;North;Northside Clinic;General;61;-;115
ID-#04729-Y!;2026-10-22;East;Eastern Health;ICU;18;90;81
ID-#06599-J!;2026-10-28;Industrial;Industrial Med;ER;72;92;88
ID-#03878-N!;2026-10-08;North;Northern Medical;ER;53;98;73
ID-#04583-V!;2026-10-18;East;Eastern Health;ICU;23;97;96
ID-#00990-P!;2026-10-23;North;Northern Medical;ER;83;100;102
ID-#02159-B!;2026-10-08;Waterfront;Bayview Hospital;Observation;-;98;71
ID-#06873-M!;2026-10-22;Waterfront;Bayview Hospital;General;28;95;100
ID-#01616-W!;2026-10-03;North;Northern Medical;General;33;96;95
**ID_03081?H;2026-10-26;South;South Park Hospital;General;46;100;71
ID-#03495-A!;2026-10-23;East;East Point Med;General;53;90;78
ID-#02397-Q!;2026-10-16;Central;Central Care;Observation;81;100;92
ID-#02885-B!;2026-10-23;Waterfront;Bayview Hospital;General;36;93;103
ID-#07657-N!;2026-10-20;North;Northside Clinic;ICU;43;97;77
ID-#06571-P!;2026-10-20;Central;Central Care;ICU;34;95;108
ID-#04968-M!;2026-10-26;Waterfront;Bayview Hospital;Observation;53;94;105
ID-#04324-O!;2026-10-19;Industrial;Workers Health Center;ER;32;86;77
ID-#04958-S!;2026-10-23;Waterfront;Bayview Hospital;ER;50;93;96
ID-#01692-X!;2026-10-11;West;Westview Hospital;General;65;94;119
ID-#03654-V!;2026-10-11;South;South Park Hospital;General;54;93;119
ID-#07700-T!;2026-10-26;Waterfront;Bayview Hospital;ICU;81;96;81
ID-#00599-K!;2026-10-26;South;South Park Hospital;ER;62;94;89
ID-#01615-Z!;2026-10-26;Industrial;Workers Health Center;ER;67;81;112
ID-#01266-D!;2026-10-19;East;East Point Med;ICU;-;91;109
ID-#02743-C!;2026-10-25;Industrial;Industrial Med;ICU;36;81;86
ID-#04765-D!;2026-10-25;Central;Metropolis General;ER;43;100;118
ID-#04720-M!;2026-10-11;Waterfront;Bayview Hospital;General;89;96;101
ID-#00812-H!;2026-10-24;Waterfront;Bayview Hospital;ER;48;96;107
ID-#03051-F!;2026-10-09;East;Eastern Health;ER;73;98;89
ID-#02568-T!;2026-10-25;South;South Park Hospital;ICU;63;97;94
ID-#02358-A!;2026-10-19;Industrial;Workers Health Center;ICU;24;91;89
ID-#07168-Z!;2026-10-08;East;Eastern Health;Observation;51;94;82
ID-#03585-J!;2026-10-23;Waterfront;Bayview Hospital;ICU;44;-;96
ID-#02717-P!;2026-10-24;East;East Point Med;General;41;81;85
ID-#08427-W!;2026-10-10;South;South Park Hospital;General;39;96;85
ID-#02556-X!;2026-10-21;West;Westview Hospital;General;60;99;108
ID-#04065-S!;2026-10-25;Industrial;Workers Health Center;ER;82;90;118
ID-#04602-E!;2026-10-28;Industrial;Industrial Med;Observation;20;87;97
ID-#02138-A!;2026-10-21;South;South Park Hospital;ICU;85;95;79
ID-#02946-U!;2026-10-27;Waterfront;Bayview Hospital;ER;43;94;89
ID-#04801-C!;2026-10-15;South;South Park Hospital;ER;19;-;114
**ID_03083?R;2026-10-21;Central;Metropolis General;ER;56;98;105
ID-#01800-S!;2026-10-14;Central;Central Care;General;45;100;86
ID-#06616-D!;2026-10-22;West;Westview Hospital;ER;77;100;106
ID-#01003-Y!;2026-10-20;North;Northside Clinic;ER;49;97;94
ID-#02246-Y!;2026-10-16;West;Westview Hospital;ICU;37;94;116
**ID_07467?P;2026-10-09;East;Eastern Health;ER;47;100;84
ID-#05143-I!;2026-10-19;East;Eastern Health;General;51;91;100
**ID_03451?B;2026-10-25;South;South Park Hospital;ICU;55;100;119
ID-#01860-I!;2026-10-21;West;Westview Hospital;ER;59;96;91
ID-#03549-R!;2026-10-18;Central;Metropolis General;ER;25;100;116
ID-#03605-R!;2026-10-25;Industrial;Workers Health Center;ICU;70;83;85
ID-#01250-E!;2026-10-27;Central;Metropolis General;ICU;67;100;109
ID-#05685-M!;2026-10-25;North;Northside Clinic;ER;39;100;75
ID-#04472-O!;2026-10-23;North;Northern Medical;General;54;96;83
ID-#00600-H!;2026-10-25;Waterfront;Bayview Hospital;ER;83;98;111
ID-#08081-Y!;2026-10-19;West;Westview Hospital;General;71;97;82
ID-#04721-A!;2026-10-09;Industrial;Workers Health Center;ER;42;-;101
ID-#05223-L!;2026-10-02;Waterfront;Bayview Hospital;General;-;100;84
ID-#01909-T!;2026-10-25;South;South Park Hospital;General;41;96;86
ID-#01272-K!;2026-10-31;North;Northside Clinic;ER;62;95;119
ID-#01044-D!;2026-10-28;West;Westview Hospital;ER;45;-;107
ID-#01449-G!;2026-10-09;Waterfront;Bayview Hospital;ER;51;93;112
ID-#05197-B!;2026-10-02;Industrial;Workers Health Center;ICU;31;100;74
**ID_07411?W;2026-10-12;West;Westview Hospital;ICU;73;93;83
**ID_07979?I;2026-10-10;East;Eastern Health;ER;43;94;110
ID-#06174-N!;2026-10-09;Waterfront;Bayview Hospital;General;80;100;82
ID-#06709-D!;2026-10-24;South;South Park Hospital;General;86;97;109
ID-#05849-B!;2026-10-13;North;Northside Clinic;ER;26;95;80
ID-#05393-W!;2026-10-15;South;South Park Hospital;ER;66;95;81
ID-#00109-C!;2026-10-19;Industrial;Workers Health Center;ER;31;86;70
ID-#00844-D!;2026-10-24;West;Westview Hospital;ER;37;-;100
ID-#05371-X!;2026-10-22;Central;Metropolis General;ER;51;93;91
ID-#01301-F!;2026-10-22;West;Westview Hospital;General;74;96;114
ID-#03385-Z!;2026-10-28;Industrial;Workers Health Center;ICU;57;84;111
ID-#03998-J!;2026-10-19;East;East Point Med;ER;-;91;78
ID-#06023-Y!;2026-10-18;Central;Central Care;General;54;98;N/A
ID-#06646-Z!;2026-10-24;East;East Point Med;Observation;-;85;99
ID-#05748-A!;2026-10-25;Waterfront;Bayview Hospital;ICU;29;98;87
ID-#05713-X!;2026-10-14;East;Eastern Health;General;44;98;106
ID-#00120-U!;2026-10-27;East;Eastern Health;ER;50;88;74
ID-#03731-P!;2026-10-29;West;Westview Hospital;ER;31;95;79
ID-#01222-I!;2026-10-23;South;South Park Hospital;ER;74;97;98
ID-#03755-Y!;2026-10-20;South;South Park Hospital;ICU;18;96;95
ID-#03650-X!;2026-10-14;West;Westview Hospital;ER;43;95;77
ID-#01167-Z!;2026-10-27;North;Northside Clinic;General;-;94;120
ID-#03189-L!;2026-10-23;West;Westview Hospital;ER;19;100;84
ID-#00100-Y!;2026-10-04;Central;Metropolis General;ICU;67;100;87
ID-#07332-J!;2026-10-25;West;Westview Hospital;ICU;19;97;98
ID-#00286-B!;2026-10-24;South;South Park Hospital;General;87;99;71
ID-#00402-X!;2026-10-25;Waterfront;Bayview Hospital;ER;87;99;89
ID-#02007-B!;2026-10-06;South;South Park Hospital;General;42;98;100
ID-#07542-N!;2026-10-26;West;Westview Hospital;General;27;100;116
ID-#02003-A!;2026-10-07;Central;Central Care;General;75;99;95
ID-#03483-T!;2026-10-03;Central;Central Care;General;41;98;108
ID-#08036-R!;2026-10-21;West;Westview Hospital;Observation;87;96;N/A
ID-#07474-I!;2026-10-09;North;Northern Medical;General;78;95;80
ID-#02292-M!;2026-10-25;South;South Park Hospital;General;47;93;104
ID-#01399-Z!;2026-10-15;West;Westview Hospital;Observation;31;99;90
ID-#00965-A!;2026-10-13;Central;Metropolis General;Observation;83;93;106
ID-#03516-R!;2026-10-19;East;East Point Med;ER;-;-;115
**ID_08064?W;2026-10-19;South;South Park Hospital;ER;21;98;84
ID-#04070-E!;2026-10-27;Central;Metropolis General;General;-;94;87
ID-#05429-H!;2026-10-15;Industrial;Workers Health Center;General;26;93;100
ID-#02228-Q!;2026-10-19;Central;Central Care;General;87;95;75
ID-#07451-J!;2026-10-24;Central;Central Care;General;53;95;106
ID-#04342-S!;2026-10-19;West;Westview Hospital;General;28;95;76
ID-#02650-C!;2026-10-29;North;Northern Medical;ICU;90;97;87
ID-#05182-X!;2026-10-03;West;Westview Hospital;ER;33;93;102
**ID_00640?X;2026-10-25;East;Eastern Health;ER;-;85;95
ID-#03496-Z!;2026-10-23;Central;Metropolis General;General;58;94;97
ID-#01214-X!;2026-10-28;North;Northside Clinic;ER;64;94;78
ID-#04334-W!;2026-10-08;North;Northern Medical;ER;90;96;N/A
**ID_04362?V;2026-10-19;East;Eastern Health;ER;75;80;102
ID-#08089-E!;2026-10-20;Waterfront;Bayview Hospital;ER;84;95;76
**ID_02402?B;2026-10-23;South;South Park Hospital;General;29;100;96
ID-#05994-W!;2026-10-20;West;Westview Hospital;ER;70;96;91
ID-#04016-S!;2026-10-23;South;South Park Hospital;General;35;97;94
ID-#03309-W!;2026-10-21;North;Northside Clinic;General;23;96;74
ID-#04901-G!;2026-10-31;Waterfront;Bayview Hospital;ER;63;98;76
ID-#00389-E!;2026-10-26;South;South Park Hospital;ER;55;98;84
ID-#05461-G!;2026-10-23;Industrial;Workers Health Center;ER;32;83;96
ID-#05715-B!;2026-10-26;South;South Park Hospital;General;87;99;76
ID-#04114-O!;2026-10-25;South;South Park Hospital;ICU;40;96;83
ID-#05542-L!;2026-10-06;North;Northside Clinic;General;-;99;78
ID-#04807-X!;2026-10-20;South;South Park Hospital;ER;68;100;92
**ID_00026?W;2026-10-22;West;Westview Hospital;ICU;39;95;104
ID-#01018-S!;2026-10-09;North;Northern Medical;Observation;72;98;73
ID-#03166-Z!;2026-10-22;East;East Point Med;General;80;86;89
ID-#04370-Z!;2026-10-11;Waterfront;Bayview Hospital;ER;23;99;74
ID-#01642-X!;2026-10-26;Industrial;Workers Health Center;General;29;80;93
ID-#02715-A!;2026-10-21;Industrial;Workers Health Center;ER;32;83;85
**ID_04719?A;2026-10-06;Central;Central Care;ER;49;97;107
ID-#00598-N!;2026-10-24;Waterfront;Bayview Hospital;ER;39;93;105
ID-#06212-E!;2026-10-26;South;South Park Hospital;General;-;97;94
ID-#05589-H!;2026-10-25;East;Eastern Health;ER;84;91;98
ID-#08000-K!;2026-10-19;Industrial;Workers Health Center;Observation;-;83;79
ID-#00439-J!;2026-10-20;Industrial;Industrial Med;ER;35;92;109
ID-#01795-Q!;2026-10-20;North;Northern Medical;Observation;24;93;109
ID-#04991-Q!;2026-10-24;Industrial;Industrial Med;ICU;44;81;71
ID-#01773-M!;2026-10-08;Central;Metropolis General;General;56;96;105
ID-#01771-Y!;2026-10-09;North;Northern Medical;General;46;98;96
**ID_02706?H;2026-10-15;East;East Point Med;ER;32;97;80
ID-#04538-L!;2026-10-14;South;South Park Hospital;ER;45;95;114
ID-#04006-H!;2026-10-04;Waterfront;Bayview Hospital;ER;-;94;98
ID-#03948-X!;2026-10-19;West;Westview Hospital;General;29;100;120
ID-#05751-E!;2026-10-21;Industrial;Workers Health Center;ER;84;87;73
ID-#01045-U!;2026-10-26;Central;Metropolis General;ICU;79;99;72
ID-#01176-P!;2026-10-26;South;South Park Hospital;ICU;80;97;107
ID-#06911-K!;2026-10-22;South;South Park Hospital;ER;-;97;71
ID-#08185-H!;2026-10-20;North;Northside Clinic;ICU;64;100;79
ID-#01798-W!;2026-10-24;West;Westview Hospital;ER;69;99;80
ID-#00426-R!;2026-10-20;West;Westview Hospital;Observation;39;100;73
ID-#04503-P!;2026-10-21;North;Northside Clinic;General;59;94;N/A
ID-#02929-S!;2026-10-05;West;Westview Hospital;Observation;34;-;109
ID-#04843-M!;2026-10-21;South;South Park Hospital;ICU;72;97;110
ID-#00952-M!;2026-10-29;East;Eastern Health;General;36;92;86
**ID_05025?J;2026-10-21;North;Northside Clinic;ER;58;99;110
**ID_03505?E;2026-10-09;Industrial;Workers Health Center;ER;65;100;N/A
ID-#00262-Y!;2026-10-22;Waterfront;Bayview Hospital;General;83;95;107
ID-#02848-W!;2026-10-26;Central;Central Care;ER;73;94;80
ID-#01520-O!;2026-10-03;Waterfront;Bayview Hospital;ICU;27;93;72
ID-#02233-B!;2026-10-26;Central;Metropolis General;ICU;29;95;81
ID-#06337-N!;2026-10-13;North;Northside Clinic;General;25;100;117
ID-#01066-P!;2026-10-24;Waterfront;Bayview Hospital;ER;64;98;97
ID-#05187-H!;2026-10-15;West;Westview Hospital;ER;66;96;95
ID-#02027-E!;2026-10-19;Industrial;Workers Health Center;ER;61;80;N/A
ID-#05096-L!;2026-10-03;Industrial;Industrial Med;ER;30;94;104
ID-#02441-G!;2026-10-19;South;South Park Hospital;General;83;100;91
ID-#06454-W!;2026-10-26;East;Eastern Health;ER;41;89;105
ID-#00811-J!;2026-10-06;North;Northside Clinic;General;76;93;85
ID-#06468-X!;2026-10-09;Central;Central Care;ER;-;94;76
ID-#07067-Y!;2026-10-13;North;Northern Medical;General;60;100;78
ID-#04897-B!;2026-10-25;South;South Park Hospital;ER;36;95;112
ID-#07826-O!;2026-10-24;West;Westview Hospital;ER;74;93;83
ID-#01157-C!;2026-10-26;Industrial;Industrial Med;General;43;90;N/A
ID-#04579-K!;2026-10-20;Waterfront;Bayview Hospital;ICU;66;98;108
ID-#05228-X!;2026-10-19;East;Eastern Health;Observation;63;82;113
ID-#08148-V!;2026-10-22;West;Westview Hospital;ER;29;97;71
ID-#03448-R!;2026-10-21;Waterfront;Bayview Hospital;General;65;93;106
ID-#02288-U!;2026-10-13;West;Westview Hospital;Observation;86;93;113
ID-#04352-H!;2026-10-02;North;Northside Clinic;ER;73;98;103
ID-#06498-Y!;2026-10-20;North;Northern Medical;ER;89;100;96
ID-#00974-M!;2026-10-09;West;Westview Hospital;ER;37;96;75
ID-#05781-F!;2026-10-24;North;Northside Clinic;ER;77;96;106
ID-#05702-L!;2026-10-02;Central;Central Care;General;62;98;109
ID-#00301-F!;2026-10-12;South;South Park Hospital;General;31;96;100
ID-#05115-W!;2026-10-10;South;South Park Hospital;General;58;93;102
ID-#04428-M!;2026-10-20;Industrial;Industrial Med;ER;40;-;114
ID-#08128-Q!;2026-10-15;Waterfront;Bayview Hospital;ICU;76;97;116
ID-#07989-Q!;2026-10-21;North;Northside Clinic;General;-;100;95
ID-#07784-E!;2026-10-04;Industrial;Workers Health Center;ER;71;93;119
ID-#00182-G!;2026-10-25;Central;Metropolis General;General;85;98;93
ID-#06246-L!;2026-10-19;West;Westview Hospital;ICU;65;94;120
ID-#02826-M!;2026-10-02;North;Northside Clinic;ER;78;98;80
ID-#02164-X!;2026-10-21;Central;Central Care;ER;85;98;90
ID-#06171-G!;2026-10-02;Central;Metropolis General;General;65;100;80
ID-#08251-M!;2026-10-26;East;East Point Med;ER;-;82;100
ID-#00821-H!;2026-10-29;South;South Park Hospital;ICU;44;93;71
ID-#07758-G!;2026-10-31;Waterfront;Bayview Hospital;ER;62;98;82
ID-#05718-Z!;2026-10-25;South;South Park Hospital;ER;57;97;75
ID-#01976-K!;2026-10-26;South;South Park Hospital;ER;90;97;77
ID-#04651-C!;2026-10-23;Waterfront;Bayview Hospital;General;77;98;102
ID-#00261-C!;2026-10-09;Waterfront;Bayview Hospital;ER;47;94;76
ID-#06914-G!;2026-10-24;West;Westview Hospital;General;34;99;117
ID-#03396-P!;2026-10-20;West;Westview Hospital;ER;77;96;117
ID-#04781-C!;2026-10-19;North;Northside Clinic;Observation;86;96;79
**ID_02784?Q;2026-10-11;North;Northern Medical;General;26;97;97
ID-#06254-O!;2026-10-10;South;South Park Hospital;ER;33;100;118
ID-#02205-E!;2026-10-21;South;South Park Hospital;ICU;44;95;N/A
ID-#07202-T!;2026-10-08;East;East Point Med;General;23;100;116
ID-#04291-X!;2026-10-27;North;Northern Medical;General;59;-;97
ID-#00937-S!;2026-10-16;North;Northern Medical;ER;48;96;105
ID-#05669-R!;2026-10-14;Central;Metropolis General;General;41;98;71
ID-#00593-R!;2026-10-19;East;Eastern Health;General;-;-;110
ID-#07948-F!;2026-10-27;East;East Point Med;General;36;85;98
ID-#01374-S!;2026-10-04;Central;Metropolis General;General;-;99;75
ID-#05723-O!;2026-10-24;North;Northern Medical;ICU;55;100;70
ID-#05248-I!;2026-10-02;Central;Metropolis General;ICU;85;96;102
ID-#04506-J!;2026-10-06;East;East Point Med;ER;43;95;102
**ID_06529?D;2026-10-31;East;Eastern Health;General;72;84;93
ID-#06940-N!;2026-10-26;West;Westview Hospital;ICU;25;93;81
ID-#00408-X!;2026-10-19;West;Westview Hospital;ICU;19;99;116
ID-#00362-Y!;2026-10-19;East;East Point Med;ICU;77;-;116
ID-#03795-E!;2026-10-23;North;Northern Medical;ER;47;99;82
ID-#01330-Y!;2026-10-25;North;Northside Clinic;ICU;54;100;109
ID-#06465-V!;2026-10-25;North;Northern Medical;General;-;93;74
ID-#04281-H!;2026-10-19;Central;Central Care;ER;45;99;75
ID-#00565-P!;2026-10-24;Industrial;Industrial Med;Observation;67;85;89
ID-#05568-K!;2026-10-25;West;Westview Hospital;ICU;39;100;117
ID-#04881-P!;2026-10-04;Industrial;Workers Health Center;General;68;94;85
ID-#05475-H!;2026-10-13;West;Westview Hospital;ER;78;96;94
ID-#04947-Y!;2026-10-15;Industrial;Industrial Med;ER;62;99;82
ID-#07812-J!;2026-10-15;Industrial;Workers Health Center;ER;28;96;113
ID-#02206-Q!;2026-10-19;Waterfront;Bayview Hospital;ER;30;96;102
ID-#01684-C!;2026-10-24;Central;Central Care;ER;-;94;95
ID-#00111-A!;2026-10-11;South;South Park Hospital;ER;55;99;96
ID-#03449-H!;2026-10-23;Waterfront;Bayview Hospital;ICU;83;99;90
ID-#06084-E!;2026-10-19;Industrial;Industrial Med;General;72;83;101
ID-#06285-D!;2026-10-13;East;Eastern Health;ICU;37;99;105
ID-#06795-T!;2026-10-19;Industrial;Workers Health Center;ER;81;89;85
ID-#07884-K!;2026-10-10;Waterfront;Bayview Hospital;ER;22;99;91
ID-#05873-R!;2026-10-22;Industrial;Industrial Med;ER;-;81;114
ID-#06665-O!;2026-10-06;Waterfront;Bayview Hospital;ER;19;94;98
**ID_08061?F;2026-10-24;Central;Central Care;General;31;98;72
ID-#03743-J!;2026-10-31;Industrial;Workers Health Center;Observation;57;81;112
ID-#03794-F!;2026-10-28;Waterfront;Bayview Hospital;ER;37;98;111
ID-#04663-Z!;2026-10-10;Industrial;Workers Health Center;ER;-;97;116
ID-#04415-Q!;2026-10-23;North;Northern Medical;General;65;100;104
ID-#01687-Z!;2026-10-05;West;Westview Hospital;General;65;97;109
**ID_07261?U;2026-10-29;East;East Point Med;General;88;81;75
ID-#06993-P!;2026-10-24;South;South Park Hospital;ER;56;93;104
ID-#06987-J!;2026-10-22;Central;Central Care;ICU;32;99;102
ID-#03394-N!;2026-10-09;North;Northern Medical;ER;58;100;71
ID-#07259-X!;2026-10-26;West;Westview Hospital;ER;53;100;90
ID-#02676-P!;2026-10-19;Industrial;Workers Health Center;ICU;54;80;81
**ID_05880?D;2026-10-26;North;Northern Medical;General;54;94;103
ID-#03467-K!;2026-10-26;East;East Point Med;ER;21;92;102
ID-#02529-Z!;2026-10-24;West;Westview Hospital;ICU;58;100;70
ID-#01345-S!;2026-10-03;North;Northern Medical;General;87;-;94
ID-#04653-F!;2026-10-21;North;Northside Clinic;General;73;100;112
ID-#01212-I!;2026-10-11;Central;Central Care;ICU;24;-;104
ID-#00954-L!;2026-10-23;West;Westview Hospital;ER;86;97;108
ID-#02576-G!;2026-10-21;South;South Park Hospital;General;82;96;114
**ID_06414?G;2026-10-26;East;East Point Med;ICU;-;85;N/A
ID-#08172-S!;2026-10-25;Waterfront;Bayview Hospital;General;71;100;114
ID-#06950-N!;2026-10-22;South;South Park Hospital;ER;36;94;103
ID-#05573-P!;2026-10-03;Industrial;Industrial Med;Observation;59;97;98
**ID_07109?U;2026-10-08;South;South Park Hospital;General;84;98;77
ID-#03285-N!;2026-10-09;Central;Central Care;General;-;95;109
ID-#03268-J!;2026-10-25;Central;Central Care;General;27;98;77
ID-#03606-N!;2026-10-19;Central;Central Care;ER;34;94;74
ID-#00449-P!;2026-10-16;West;Westview Hospital;ER;47;94;102
ID-#01138-C!;2026-10-25;West;Westview Hospital;ICU;65;95;77
ID-#05190-Y!;2026-10-22;South;South Park Hospital;General;42;100;83
ID-#08223-V!;2026-10-21;East;Eastern Health;ICU;36;91;79
ID-#01735-D!;2026-10-07;Industrial;Industrial Med;ICU;67;94;93
ID-#07913-V!;2026-10-20;Central;Metropolis General;General;87;93;120
ID-#03573-Z!;2026-10-26;Industrial;Workers Health Center;ER;47;80;120
ID-#08372-N!;2026-10-06;South;South Park Hospital;General;48;94;77
ID-#05927-O!;2026-10-20;West;Westview Hospital;ER;62;97;82
ID-#07625-N!;2026-10-20;South;South Park Hospital;ICU;48;95;84
ID-#04404-J!;2026-10-25;North;Northside Clinic;Observation;82;100;72
ID-#07919-Q!;2026-10-21;Waterfront;Bayview Hospital;ICU;26;94;99
ID-#01218-A!;2026-10-25;East;Eastern Health;Observation;38;89;100
ID-#00498-Q!;2026-10-15;North;Northside Clinic;ER;74;95;83
ID-#07864-K!;2026-10-06;South;South Park Hospital;General;-;100;103
ID-#00881-C!;2026-10-08;East;Eastern Health;General;49;95;107
ID-#06816-W!;2026-10-09;Waterfront;Bayview Hospital;Observation;40;99;71
ID-#03569-L!;2026-10-20;North;Northern Medical;ER;73;95;78
ID-#08230-Y!;2026-10-05;South;South Park Hospital;General;90;96;113
**ID_00164?J;2026-10-16;Waterfront;Bayview Hospital;Observation;37;98;116
ID-#05557-P!;2026-10-21;North;Northern Medical;ICU;37;97;82
ID-#04972-L!;2026-10-23;West;Westview Hospital;General;43;93;108
ID-#04889-B!;2026-10-24;North;Northside Clinic;Observation;60;95;98
ID-#00090-C!;2026-10-21;East;East Point Med;ER;18;91;75
ID-#04556-Y!;2026-10-21;South;South Park Hospital;General;47;99;113
ID-#05434-R!;2026-10-25;Central;Metropolis General;ICU;33;97;109
ID-#08155-Y!;2026-10-24;South;South Park Hospital;ER;40;97;81
ID-#02737-B!;2026-10-08;Central;Metropolis General;General;-;97;119
ID-#00543-N!;2026-10-10;South;South Park Hospital;General;85;-;97
ID-#05539-J!;2026-10-18;East;East Point Med;General;69;97;85
ID-#03193-B!;2026-10-20;Central;Central Care;ER;-;100;104
**ID_06217?T;2026-10-23;East;East Point Med;ER;86;87;103
ID-#06313-R!;2026-10-20;South;South Park Hospital;General;80;100;110
ID-#02525-F!;2026-10-03;Industrial;Workers Health Center;ICU;40;93;88
ID-#04507-C!;2026-10-25;Industrial;Workers Health Center;ER;88;80;82
ID-#03239-Q!;2026-10-20;North;Northern Medical;General;63;98;83
ID-#03502-V!;2026-10-21;North;Northside Clinic;ICU;34;93;75
ID-#07831-E!;2026-10-16;South;South Park Hospital;General;89;93;95
ID-#03050-K!;2026-10-22;Industrial;Industrial Med;ER;40;82;102
ID-#05699-H!;2026-10-07;South;South Park Hospital;ER;25;93;78
ID-#00151-V!;2026-10-21;Industrial;Industrial Med;General;22;91;109
ID-#00300-M!;2026-10-23;Industrial;Workers Health Center;ICU;38;85;105
ID-#06094-G!;2026-10-26;West;Westview Hospital;ER;19;94;75
ID-#01522-I!;2026-10-19;North;Northside Clinic;General;56;99;111
ID-#02004-K!;2026-10-09;South;South Park Hospital;ICU;32;97;80
ID-#02723-K!;2026-10-24;East;Eastern Health;General;87;87;105
**ID_07073?T;2026-10-31;East;East Point Med;Observation;62;84;95
ID-#03336-U!;2026-10-25;South;South Park Hospital;General;44;100;119
ID-#07795-E!;2026-10-16;Industrial;Workers Health Center;ER;18;94;94
ID-#05144-L!;2026-10-22;East;Eastern Health;General;84;86;119
ID-#00296-D!;2026-10-08;East;Eastern Health;ICU;85;98;79
ID-#08159-D!;2026-10-17;East;Eastern Health;General;89;95;83
ID-#01566-S!;2026-10-06;Industrial;Workers Health Center;ER;70;99;96
ID-#02509-S!;2026-10-31;Central;Metropolis General;ER;30;100;70
**ID_08210?V;2026-10-29;South;South Park Hospital;ER;36;100;118
**ID_05214?A;2026-10-07;Central;Central Care;ICU;73;96;113
ID-#05311-Q!;2026-10-25;North;Northside Clinic;General;85;99;106
ID-#02419-V!;2026-10-16;Central;Metropolis General;ICU;84;98;111
ID-#07525-K!;2026-10-25;South;South Park Hospital;General;79;98;N/A
ID-#05476-N!;2026-10-11;North;Northern Medical;ER;28;98;95
ID-#07447-J!;2026-10-13;East;East Point Med;ER;83;93;102
ID-#03141-R!;2026-10-23;North;Northern Medical;ICU;76;98;79
ID-#00371-M!;2026-10-20;West;Westview Hospital;ER;68;-;93
ID-#07897-M!;2026-10-19;Waterfront;Bayview Hospital;ER;57;96;93
ID-#04229-S!;2026-10-13;Waterfront;Bayview Hospital;ER;35;93;108
ID-#06066-W!;2026-10-31;North;Northside Clinic;Observation;-;94;84
**ID_01035?M;2026-10-19;Waterfront;Bayview Hospital;ICU;19;95;106
ID-#06037-A!;2026-10-26;South;South Park Hospital;ER;68;98;72
ID-#08453-B!;2026-10-21;Industrial;Industrial Med;ER;41;80;81
ID-#06745-E!;2026-10-29;West;Westview Hospital;ICU;72;94;111
ID-#03652-L!;2026-10-25;North;Northside Clinic;ICU;66;96;107
ID-#05069-Q!;2026-10-08;East;Eastern Health;ER;89;95;120
ID-#07530-K!;2026-10-25;West;Westview Hospital;ICU;50;97;101
ID-#06259-H!;2026-10-24;Central;Central Care;ER;82;99;97
ID-#01623-Y!;2026-10-10;Industrial;Industrial Med;ICU;50;98;78
ID-#07396-Y!;2026-10-07;North;Northside Clinic;ER;73;98;87
ID-#05531-Y!;2026-10-23;East;Eastern Health;Observation;73;83;81
ID-#07556-R!;2026-10-18;West;Westview Hospital;ICU;77;98;113
ID-#03398-V!;2026-10-26;West;Westview Hospital;General;35;96;112
ID-#05401-H!;2026-10-21;Industrial;Industrial Med;Observation;28;87;87
**ID_04791?K;2026-10-13;West;Westview Hospital;General;42;96;104
ID-#05962-F!;2026-10-27;Central;Central Care;ER;77;99;99
ID-#00833-P!;2026-10-20;Industrial;Industrial Med;ER;50;81;N/A
ID-#08331-Z!;2026-10-10;East;East Point Med;ER;82;100;106
ID-#03185-F!;2026-10-21;Central;Central Care;General;70;94;80
ID-#06676-M!;2026-10-04;Industrial;Workers Health Center;General;63;-;106
**ID_01203?V;2026-10-25;South;South Park Hospital;ICU;35;99;80
ID-#04883-A!;2026-10-27;West;Westview Hospital;ER;25;97;91
ID-#08282-N!;2026-10-26;West;Westview Hospital;Observation;71;95;119
ID-#00074-I!;2026-10-31;Central;Central Care;ER;60;93;88
ID-#01978-A!;2026-10-24;Waterfront;Bayview Hospital;ER;58;93;93
ID-#03375-M!;2026-10-15;Industrial;Workers Health Center;ICU;18;100;78
ID-#00080-P!;2026-10-21;West;Westview Hospital;ER;52;93;113
ID-#03036-V!;2026-10-19;East;East Point Med;General;54;80;97
ID-#06020-Q!;2026-10-21;North;Northside Clinic;ER;77;93;103
**ID_08097?B;2026-10-27;North;Northside Clinic;General;64;93;108
ID-#05462-Y!;2026-10-17;East;Eastern Health;General;69;97;106
ID-#06904-P!;2026-10-19;South;South Park Hospital;General;49;95;N/A
ID-#03273-E!;2026-10-17;West;Westview Hospital;General;-;95;105
ID-#01716-B!;2026-10-20;South;South Park Hospital;General;21;99;74
ID-#00909-T!;2026-10-23;South;South Park Hospital;General;55;94;119
ID-#07358-Q!;2026-10-20;Waterfront;Bayview Hospital;ICU;43;97;77
ID-#06611-G!;2026-10-25;East;East Point Med;General;36;85;74
ID-#01398-W!;2026-10-28;West;Westview Hospital;General;71;98;105
ID-#00680-I!;2026-10-13;Central;Metropolis General;ICU;67;94;97
ID-#08482-A!;2026-10-25;Industrial;Industrial Med;General;67;92;96
ID-#03732-Q!;2026-10-22;North;Northern Medical;General;29;97;109
ID-#06523-Q!;2026-10-27;Waterfront;Bayview Hospital;ICU;73;99;115
ID-#03153-Q!;2026-10-05;North;Northern Medical;Observation;19;99;93
ID-#03838-C!;2026-10-15;East;East Point Med;Observation;26;95;87
ID-#01053-R!;2026-10-19;Waterfront;Bayview Hospital;General;-;99;116
ID-#07015-E!;2026-10-29;Industrial;Workers Health Center;General;18;88;112
ID-#06189-K!;2026-10-24;Central;Metropolis General;ICU;51;96;97
ID-#05450-U!;2026-10-12;Central;Metropolis General;General;46;96;81
ID-#03779-Q!;2026-10-24;North;Northside Clinic;General;50;95;90
ID-#02107-Z!;2026-10-08;Central;Metropolis General;Observation;82;99;92
ID-#05111-T!;2026-10-08;Central;Central Care;General;64;100;N/A
ID-#06587-O!;2026-10-23;Industrial;Workers Health Center;ICU;75;90;117
ID-#07342-J!;2026-10-24;Waterfront;Bayview Hospital;General;90;100;107
ID-#05523-H!;2026-10-10;West;Westview Hospital;General;63;95;108
**ID_05992?L;2026-10-20;Industrial;Industrial Med;ICU;40;86;104
ID-#00276-W!;2026-10-22;West;Westview Hospital;General;86;96;115
ID-#08456-L!;2026-10-20;South;South Park Hospital;General;50;94;97
ID-#03662-F!;2026-10-26;Industrial;Workers Health Center;ER;27;88;120
ID-#03560-A!;2026-10-23;West;Westview Hospital;ICU;21;98;108
ID-#04654-D!;2026-10-17;West;Westview Hospital;General;79;96;82
ID-#06493-S!;2026-10-19;North;Northern Medical;General;85;98;106
ID-#03782-T!;2026-10-21;North;Northern Medical;ER;46;94;85
**ID_01051?I;2026-10-05;East;East Point Med;General;71;93;79
ID-#02857-Z!;2026-10-03;West;Westview Hospital;General;35;94;102
ID-#06303-C!;2026-10-08;North;Northern Medical;ICU;80;99;106
ID-#06115-S!;2026-10-16;North;Northern Medical;Observation;73;96;N/A
ID-#08212-M!;2026-10-21;North;Northside Clinic;ER;29;96;96
ID-#05363-P!;2026-10-23;North;Northside Clinic;ICU;86;100;114
ID-#07354-D!;2026-10-29;Waterfront;Bayview Hospital;ER;18;93;99
ID-#01263-L!;2026-10-10;Waterfront;Bayview Hospital;ER;70;99;105
ID-#03445-C!;2026-10-18;Central;Central Care;ER;45;98;119
**ID_02139?T;2026-10-12;East;East Point Med;General;36;95;106
ID-#06272-R!;2026-10-30;North;Northside Clinic;ICU;18;95;113
ID-#01555-C!;2026-10-12;East;East Point Med;Observation;72;93;102
ID-#00374-O!;2026-10-19;Waterfront;Bayview Hospital;ICU;49;99;89
ID-#01113-Q!;2026-10-26;Central;Central Care;ER;76;100;90
ID-#05821-Q!;2026-10-19;South;South Park Hospital;General;51;94;100
ID-#02968-K!;2026-10-16;South;South Park Hospital;General;67;99;71
ID-#02052-T!;2026-10-18;West;Westview Hospital;ICU;65;94;83
ID-#06168-B!;2026-10-20;Industrial;Industrial Med;ICU;56;89;100
**ID_05184?R;2026-10-23;South;South Park Hospital;ER;23;93;114
ID-#03027-F!;2026-10-04;Waterfront;Bayview Hospital;ER;22;93;83
ID-#02078-Y!;2026-10-28;East;Eastern Health;ER;22;81;94
ID-#05925-J!;2026-10-20;Industrial;Industrial Med;ER;54;85;109
ID-#07781-A!;2026-10-14;Waterfront;Bayview Hospital;Observation;66;100;87
ID-#03192-A!;2026-10-17;North;Northern Medical;General;25;100;82
ID-#07279-T!;2026-10-21;North;Northside Clinic;ICU;27;99;85
ID-#00134-P!;2026-10-25;Waterfront;Bayview Hospital;General;28;93;118
ID-#06355-F!;2026-10-13;Industrial;Industrial Med;General;80;98;99
ID-#07945-O!;2026-10-14;West;Westview Hospital;General;43;100;79
ID-#03323-R!;2026-10-15;Waterfront;Bayview Hospital;General;33;97;85
ID-#00218-Y!;2026-10-27;Waterfront;Bayview Hospital;General;70;93;114
ID-#05625-N!;2026-10-09;Waterfront;Bayview Hospital;ICU;55;94;120
ID-#06789-R!;2026-10-23;Industrial;Workers Health Center;General;88;-;112
ID-#07346-S!;2026-10-26;East;Eastern Health;General;44;84;72
ID-#07740-D!;2026-10-20;Industrial;Industrial Med;General;21;90;87
ID-#03991-Y!;2026-10-26;Central;Metropolis General;ER;81;97;109
ID-#02696-R!;2026-10-23;East;East Point Med;ER;27;84;101
ID-#05555-T!;2026-10-21;Central;Central Care;General;72;99;78
ID-#07032-L!;2026-10-25;Central;Metropolis General;General;31;98;87
ID-#00264-S!;2026-10-22;Waterfront;Bayview Hospital;General;83;96;70
ID-#02695-D!;2026-10-21;North;Northern Medical;General;28;93;79
ID-#06731-I!;2026-10-14;North;Northside Clinic;General;42;93;94
**ID_04142?U;2026-10-14;Central;Metropolis General;ER;66;100;99
ID-#07012-D!;2026-10-21;South;South Park Hospital;General;32;93;95
ID-#04608-G!;2026-10-29;West;Westview Hospital;ER;75;-;83
ID-#06135-B!;2026-10-06;South;South Park Hospital;ICU;72;100;73
ID-#04447-J!;2026-10-22;East;East Point Med;General;29;80;110
**ID_02311?G;2026-10-20;Waterfront;Bayview Hospital;ICU;88;97;108
ID-#01196-N!;2026-10-05;Waterfront;Bayview Hospital;ER;46;99;109
ID-#08218-E!;2026-10-03;South;South Park Hospital;ER;25;95;101
**ID_06797?I;2026-10-21;South;South Park Hospital;General;72;99;80
ID-#08173-E!;2026-10-23;East;East Point Med;ICU;21;83;95
ID-#06223-W!;2026-10-25;South;South Park Hospital;ER;27;98;117
ID-#05156-G!;2026-10-23;South;South Park Hospital;ER;83;94;108
ID-#05086-V!;2026-10-20;South;South Park Hospital;Observation;49;100;80
ID-#06598-C!;2026-10-07;Industrial;Workers Health Center;ER;66;98;113
ID-#03055-Y!;2026-10-18;West;Westview Hospital;General;34;97;N/A
ID-#04097-X!;2026-10-26;Central;Metropolis General;Observation;80;96;93
ID-#01846-B!;2026-10-08;East;Eastern Health;ICU;56;93;111
ID-#01494-W!;2026-10-24;East;Eastern Health;ER;35;83;117
ID-#00746-J!;2026-10-31;South;South Park Hospital;General;26;94;117
ID-#03003-P!;2026-10-11;East;Eastern Health;ER;78;93;95
ID-#03080-O!;2026-10-21;East;Eastern Health;ICU;35;84;77
ID-#01432-A!;2026-10-19;Central;Metropolis General;ICU;81;95;101
ID-#07116-V!;2026-10-21;East;East Point Med;General;23;89;72
ID-#08157-P!;2026-10-21;Waterfront;Bayview Hospital;ICU;29;95;107
**ID_08211?D;2026-10-28;East;East Point Med;ER;39;81;78
**ID_03059?O;2026-10-11;North;Northern Medical;ICU;45;93;77
ID-#05540-D!;2026-10-21;Waterfront;Bayview Hospital;General;43;94;119
ID-#04553-A!;2026-10-19;North;Northside Clinic;ER;60;100;115
ID-#05381-V!;2026-10-26;Central;Central Care;ER;67;96;81
ID-#07854-A!;2026-10-17;East;Eastern Health;ER;87;99;90
ID-#03244-D!;2026-10-22;West;Westview Hospital;ER;84;93;75
ID-#05683-J!;2026-10-23;North;Northern Medical;ER;61;97;113
ID-#07330-V!;2026-10-22;West;Westview Hospital;Observation;63;93;114
ID-#07034-D!;2026-10-06;Industrial;Industrial Med;General;50;94;112
ID-#06069-U!;2026-10-03;East;Eastern Health;ICU;18;99;N/A
ID-#04936-P!;2026-10-04;Industrial;Industrial Med;General;56;97;70
ID-#04371-X!;2026-10-24;Central;Central Care;ICU;72;96;106
ID-#01179-K!;2026-10-02;West;Westview Hospital;ER;64;93;77
ID-#02805-B!;2026-10-20;Central;Central Care;General;59;93;110
ID-#02493-I!;2026-10-19;South;South Park Hospital;ER;40;100;103
**ID_08411?H;2026-10-08;West;Westview Hospital;General;29;95;91
ID-#03759-I!;2026-10-25;Central;Metropolis General;General;50;93;89
ID-#01681-E!;2026-10-25;South;South Park Hospital;General;78;99;74
ID-#02894-N!;2026-10-07;Industrial;Workers Health Center;General;32;100;74
ID-#02937-X!;2026-10-22;West;Westview Hospital;General;82;98;97
ID-#07065-O!;2026-10-29;North;Northside Clinic;Observation;20;96;78
ID-#06111-C!;2026-10-20;Central;Central Care;General;62;94;93
ID-#00653-P!;2026-10-25;Waterfront;Bayview Hospital;ER;41;96;75
ID-#07069-U!;2026-10-14;North;Northern Medical;ER;59;97;95
ID-#05704-J!;2026-10-20;North;Northern Medical;ICU;57;96;105
ID-#01013-N!;2026-10-19;North;Northside Clinic;Observation;-;96;109
ID-#03368-D!;2026-10-02;East;Eastern Health;ER;53;93;75
ID-#00474-N!;2026-10-10;Waterfront;Bayview Hospital;ICU;56;94;77
ID-#00511-O!;2026-10-25;Central;Metropolis General;ICU;67;97;116
ID-#07779-U!;2026-10-19;South;South Park Hospital;Observation;76;98;93
ID-#07971-O!;2026-10-14;West;Westview Hospital;Observation;26;99;90
ID-#08263-V!;2026-10-26;South;South Park Hospital;ER;78;93;N/A
ID-#04143-D!;2026-10-24;Central;Metropolis General;Observation;31;96;108
ID-#06623-F!;2026-10-13;Waterfront;Bayview Hospital;General;74;99;97
ID-#02838-C!;2026-10-24;Central;Central Care;Observation;64;97;94
ID-#02183-F!;2026-10-30;South;South Park Hospital;ICU;64;93;96
ID-#03694-N!;2026-10-18;East;Eastern Health;General;86;93;111
ID-#04550-J!;2026-10-14;East;East Point Med;ER;64;100;106
ID-#05530-X!;2026-10-09;Waterfront;Bayview Hospital;ER;80;98;84
ID-#01737-X!;2026-10-20;Industrial;Industrial Med;ER;33;87;81
ID-#04101-O!;2026-10-09;East;Eastern Health;ER;33;96;107
ID-#02512-E!;2026-10-28;West;Westview Hospital;ER;79;96;76
ID-#00081-G!;2026-10-20;North;Northside Clinic;General;89;98;98
ID-#01471-J!;2026-10-24;Waterfront;Bayview Hospital;General;22;98;117
**ID_07434?S;2026-10-24;Waterfront;Bayview Hospital;General;26;94;120
ID-#00219-U!;2026-10-12;South;South Park Hospital;General;80;100;119
ID-#06453-Y!;2026-10-06;West;Westview Hospital;Observation;58;96;112
ID-#08355-T!;2026-10-19;South;South Park Hospital;ICU;86;97;109
**ID_01460?P;2026-10-23;South;South Park Hospital;ICU;70;99;119
ID-#02812-B!;2026-10-19;Central;Central Care;General;37;97;74
ID-#01329-I!;2026-10-31;North;Northern Medical;ER;30;99;105
**ID_06837?P;2026-10-20;East;East Point Med;General;81;84;91
**ID_07668?P;2026-10-22;East;East Point Med;General;60;90;83
ID-#01482-V!;2026-10-04;North;Northside Clinic;General;28;94;100
ID-#03564-F!;2026-10-21;Waterfront;Bayview Hospital;General;78;93;85
ID-#00592-N!;2026-10-24;West;Westview Hospital;ICU;70;-;95
**ID_02502?H;2026-10-20;North;Northern Medical;ICU;51;98;70
ID-#06194-G!;2026-10-19;Central;Central Care;ICU;36;-;103
ID-#00639-Y!;2026-10-27;Industrial;Industrial Med;General;18;83;105
ID-#01535-H!;2026-10-26;West;Westview Hospital;ER;30;93;94
ID-#01083-Y!;2026-10-20;Industrial;Workers Health Center;General;-;85;90
ID-#03830-A!;2026-10-23;West;Westview Hospital;ICU;89;100;94
ID-#07472-F!;2026-10-23;East;East Point Med;ER;68;82;80
ID-#01824-H!;2026-10-26;South;South Park Hospital;ER;58;96;86
ID-#04964-A!;2026-10-25;Industrial;Workers Health Center;ICU;57;-;77
ID-#04306-R!;2026-10-26;West;Westview Hospital;ICU;65;94;91
ID-#05650-Z!;2026-10-08;South;South Park Hospital;Observation;52;99;115
ID-#04225-R!;2026-10-18;Waterfront;Bayview Hospital;Observation;67;96;106
**ID_02860?S;2026-10-15;South;South Park Hospital;General;61;94;116
ID-#02130-N!;2026-10-04;Central;Metropolis General;ICU;80;100;76
ID-#07961-N!;2026-10-02;Central;Metropolis General;General;54;96;88
ID-#04187-F!;2026-10-02;East;Eastern Health;General;34;95;100
ID-#04427-H!;2026-10-15;Industrial;Industrial Med;General;65;99;74
ID-#07693-M!;2026-10-23;North;Northern Medical;ER;38;99;110
ID-#00722-V!;2026-10-06;West;Westview Hospital;General;66;100;86
**ID_04004?K;2026-10-18;Waterfront;Bayview Hospital;ER;38;99;72
ID-#06962-U!;2026-10-31;Industrial;Workers Health Center;General;79;90;78
ID-#00188-U!;2026-10-20;South;South Park Hospital;ER;38;95;89
ID-#07555-C!;2026-10-24;North;Northside Clinic;Observation;70;98;91
ID-#03849-O!;2026-10-14;Central;Central Care;ER;32;100;76
ID-#07907-O!;2026-10-30;Industrial;Workers Health Center;ER;42;90;86
ID-#01862-T!;2026-10-03;Central;Central Care;ER;82;100;93
**ID_03642?R;2026-10-04;South;South Park Hospital;ER;50;100;108
**ID_08093?G;2026-10-23;East;East Point Med;General;21;87;101
ID-#03304-P!;2026-10-25;South;South Park Hospital;ICU;60;96;99
ID-#00207-J!;2026-10-19;Waterfront;Bayview Hospital;General;-;98;72
ID-#06834-D!;2026-10-05;East;East Point Med;General;58;97;93
ID-#05638-Q!;2026-10-13;Central;Central Care;General;43;96;116
ID-#07523-E!;2026-10-18;West;Westview Hospital;ER;70;98;92
ID-#06576-G!;2026-10-24;Waterfront;Bayview Hospital;ER;52;-;109
ID-#00526-F!;2026-10-23;South;South Park Hospital;Observation;58;99;100
ID-#07852-J!;2026-10-08;East;Eastern Health;General;-;99;110
ID-#01539-K!;2026-10-22;North;Northern Medical;General;80;98;118
ID-#01444-M!;2026-10-21;North;Northern Medical;General;74;-;120
ID-#07503-B!;2026-10-29;East;Eastern Health;ICU;21;-;83
ID-#06530-Y!;2026-10-21;South;South Park Hospital;ICU;35;94;116
ID-#04373-K!;2026-10-04;West;Westview Hospital;ER;26;100;106
ID-#04623-F!;2026-10-21;Waterfront;Bayview Hospital;ER;63;93;114
**ID_00205?K;2026-10-22;West;Westview Hospital;ER;77;97;103
ID-#05773-W!;2026-10-30;Industrial;Industrial Med;ER;33;80;97
**ID_02607?F;2026-10-24;Waterfront;Bayview Hospital;ER;44;96;118
ID-#04716-Q!;2026-10-26;West;Westview Hospital;General;66;97;77
ID-#01622-I!;2026-10-22;West;Westview Hospital;ER;85;99;82
ID-#06830-G!;2026-10-09;South;South Park Hospital;ER;84;94;116
ID-#04414-X!;2026-10-06;Central;Central Care;General;75;100;88
ID-#04195-Q!;2026-10-09;North;Northside Clinic;General;68;94;77
ID-#05552-S!;2026-10-20;Waterfront;Bayview Hospital;General;64;98;110
ID-#00382-O!;2026-10-31;Waterfront;Bayview Hospital;ICU;40;94;113
ID-#08003-G!;2026-10-09;West;Westview Hospital;ER;28;94;101
ID-#00178-S!;2026-10-10;Industrial;Workers Health Center;ICU;57;98;103
ID-#00805-F!;2026-10-19;Central;Metropolis General;ER;42;94;88
ID-#00365-D!;2026-10-23;Central;Metropolis General;ICU;30;99;109
ID-#07185-W!;2026-10-16;Central;Metropolis General;ER;89;99;110
ID-#05741-G!;2026-10-07;West;Westview Hospital;ICU;78;97;89
ID-#00025-N!;2026-10-29;East;East Point Med;ICU;64;92;88
ID-#00705-B!;2026-10-20;Industrial;Workers Health Center;ICU;62;89;82
ID-#01455-Q!;2026-10-19;Industrial;Workers Health Center;ICU;65;80;111
ID-#03432-T!;2026-10-11;Waterfront;Bayview Hospital;General;40;100;86
ID-#03670-N!;2026-10-29;South;South Park Hospital;General;57;100;116
ID-#00425-N!;2026-10-11;Waterfront;Bayview Hospital;ICU;21;95;118
ID-#06963-W!;2026-10-21;North;Northside Clinic;General;69;96;108
ID-#02440-J!;2026-10-07;North;Northern Medical;General;77;98;70
ID-#03163-X!;2026-10-23;East;Eastern Health;General;-;86;94
ID-#04753-Y!;2026-10-11;East;Eastern Health;General;29;96;120
ID-#07859-I!;2026-10-31;East;East Point Med;ICU;67;80;77
ID-#05273-H!;2026-10-19;North;Northside Clinic;Observation;74;96;80
ID-#01313-T!;2026-10-19;Central;Metropolis General;General;42;95;87
ID-#04730-B!;2026-10-25;Central;Central Care;General;86;100;105
ID-#03570-D!;2026-10-23;Waterfront;Bayview Hospital;ER;82;96;84
ID-#02230-E!;2026-10-28;Central;Central Care;ER;63;93;89
ID-#02863-L!;2026-10-26;Waterfront;Bayview Hospital;ER;77;100;78
ID-#04984-W!;2026-10-03;Industrial;Workers Health Center;ER;27;96;87
**ID_00061?K;2026-10-28;Industrial;Workers Health Center;ER;58;85;73
ID-#07765-X!;2026-10-26;Central;Central Care;Observation;32;98;103
ID-#06091-Q!;2026-10-06;North;Northside Clinic;Observation;37;93;106
ID-#00524-Z!;2026-10-24;North;Northern Medical;ER;36;96;107
ID-#07966-T!;2026-10-19;North;Northern Medical;ICU;42;-;99
ID-#03369-I!;2026-10-12;North;Northern Medical;General;36;94;113
ID-#03551-O!;2026-10-25;East;Eastern Health;ICU;72;91;105
ID-#03871-M!;2026-10-13;Industrial;Workers Health Center;General;71;94;113
ID-#05643-F!;2026-10-12;South;South Park Hospital;ER;59;100;77
ID-#05120-Y!;2026-10-20;Central;Metropolis General;ER;60;-;78
ID-#08016-K!;2026-10-22;Industrial;Industrial Med;Observation;56;86;106
ID-#05042-U!;2026-10-15;Industrial;Industrial Med;ER;87;96;109
ID-#04648-C!;2026-10-24;South;South Park Hospital;General;42;97;109
ID-#07499-F!;2026-10-20;East;East Point Med;General;84;91;90
ID-#04885-H!;2026-10-23;Waterfront;Bayview Hospital;ICU;46;95;81
ID-#05413-C!;2026-10-06;Industrial;Workers Health Center;ICU;64;93;104
ID-#02668-S!;2026-10-14;East;East Point Med;Observation;68;94;74
ID-#02448-H!;2026-10-15;West;Westview Hospital;ICU;61;95;102
ID-#05083-B!;2026-10-28;Waterfront;Bayview Hospital;Observation;82;97;88
ID-#07328-Z!;2026-10-22;West;Westview Hospital;Observation;71;99;71
ID-#04908-Y!;2026-10-20;West;Westview Hospital;ICU;68;93;113
ID-#01424-B!;2026-10-25;Waterfront;Bayview Hospital;ER;61;99;112
ID-#07768-C!;2026-10-23;North;Northern Medical;General;32;99;77
ID-#01924-V!;2026-10-27;Industrial;Industrial Med;ER;60;81;113
ID-#07047-Y!;2026-10-04;Industrial;Industrial Med;ER;-;94;105
ID-#02158-E!;2026-10-03;Waterfront;Bayview Hospital;General;88;98;N/A
ID-#06657-L!;2026-10-26;Industrial;Workers Health Center;Observation;53;83;73
ID-#04297-G!;2026-10-08;Waterfront;Bayview Hospital;Observation;19;98;74
ID-#07036-H!;2026-10-12;West;Westview Hospital;Observation;43;95;118
ID-#01145-R!;2026-10-25;Industrial;Industrial Med;ER;62;-;93
ID-#00701-E!;2026-10-10;South;South Park Hospital;ER;59;93;81
**ID_03137?L;2026-10-25;North;Northern Medical;General;37;98;98
ID-#06384-C!;2026-10-06;Industrial;Workers Health Center;ER;37;100;78
ID-#01156-V!;2026-10-26;Waterfront;Bayview Hospital;ER;21;93;97
ID-#07350-J!;2026-10-23;North;Northside Clinic;ICU;73;99;117
ID-#02846-N!;2026-10-24;Central;Metropolis General;Observation;26;93;90
ID-#06812-J!;2026-10-21;Industrial;Workers Health Center;Observation;83;89;85
ID-#08260-S!;2026-10-20;Industrial;Workers Health Center;ER;29;89;103
ID-#00839-Z!;2026-10-09;South;South Park Hospital;ER;50;98;74
ID-#08436-U!;2026-10-09;North;Northside Clinic;Observation;20;99;75
ID-#03862-L!;2026-10-22;North;Northside Clinic;ICU;58;97;82
ID-#05968-A!;2026-10-24;West;Westview Hospital;ICU;79;93;115
ID-#04637-S!;2026-10-10;Waterfront;Bayview Hospital;General;89;97;96
ID-#02707-P!;2026-10-20;Central;Metropolis General;Observation;84;95;115
ID-#02697-L!;2026-10-24;North;Northern Medical;General;75;94;89
ID-#07196-A!;2026-10-21;Waterfront;Bayview Hospital;General;18;95;81
ID-#04190-G!;2026-10-23;West;Westview Hospital;General;62;100;84
**ID_05276?Z;2026-10-26;North;Northside Clinic;ER;73;99;91
ID-#02006-J!;2026-10-21;Central;Central Care;General;-;100;111
ID-#04617-P!;2026-10-11;South;South Park Hospital;ER;85;99;80
ID-#01144-J!;2026-10-24;South;South Park Hospital;ER;63;96;N/A
ID-#03175-L!;2026-10-21;South;South Park Hospital;General;44;100;N/A
ID-#03245-J!;2026-10-11;Waterfront;Bayview Hospital;ER;72;99;114
ID-#00664-T!;2026-10-18;South;South Park Hospital;General;65;100;74
ID-#01503-J!;2026-10-21;Waterfront;Bayview Hospital;ER;-;100;107
ID-#07108-L!;2026-10-24;West;Westview Hospital;Observation;-;-;114
ID-#08087-G!;2026-10-22;North;Northside Clinic;ER;22;93;98
ID-#07301-Q!;2026-10-24;South;South Park Hospital;ICU;56;93;92
ID-#00693-M!;2026-10-30;Industrial;Workers Health Center;Observation;69;89;111
ID-#04631-I!;2026-10-03;Waterfront;Bayview Hospital;ER;65;95;117
ID-#04458-P!;2026-10-29;South;South Park Hospital;General;25;98;92
ID-#00959-G!;2026-10-25;Central;Metropolis General;ER;30;95;107
ID-#03690-S!;2026-10-23;North;Northern Medical;ER;89;93;102
ID-#08410-Y!;2026-10-26;Industrial;Workers Health Center;ICU;58;84;79
ID-#02434-Q!;2026-10-20;Central;Central Care;General;86;95;117
ID-#06761-Z!;2026-10-24;East;East Point Med;ER;77;85;70
**ID_04778?T;2026-10-22;Waterfront;Bayview Hospital;General;50;-;97
ID-#04356-F!;2026-10-30;Central;Metropolis General;General;86;95;120
ID-#07465-O!;2026-10-17;North;Northside Clinic;ICU;39;97;105
ID-#02459-L!;2026-10-26;West;Westview Hospital;ER;69;98;78
ID-#02171-G!;2026-10-23;Waterfront;Bayview Hospital;General;34;93;91
ID-#00901-W!;2026-10-25;Waterfront;Bayview Hospital;General;65;-;117
ID-#02966-I!;2026-10-28;Central;Central Care;ICU;-;100;102
**ID_02915?Z;2026-10-08;Industrial;Industrial Med;ER;-;99;115
ID-#05325-S!;2026-10-20;Waterfront;Bayview Hospital;General;24;96;91
ID-#02367-H!;2026-10-19;Waterfront;Bayview Hospital;ICU;30;96;103
ID-#08356-E!;2026-10-26;North;Northern Medical;ER;42;98;71
ID-#03415-R!;2026-10-14;Central;Metropolis General;General;46;96;73
ID-#07991-P!;2026-10-20;North;Northside Clinic;General;58;96;118
ID-#08468-T!;2026-10-24;North;Northside Clinic;Observation;52;97;113
ID-#02732-P!;2026-10-24;West;Westview Hospital;General;39;96;90
ID-#07923-I!;2026-10-17;Industrial;Workers Health Center;ER;55;-;71
ID-#01609-E!;2026-10-22;West;Westview Hospital;ICU;56;99;84
ID-#01445-I!;2026-10-18;Industrial;Industrial Med;General;84;100;75
ID-#01184-H!;2026-10-05;Industrial;Workers Health Center;ER;57;100;98
ID-#02307-H!;2026-10-18;East;East Point Med;General;47;94;77
ID-#04412-J!;2026-10-14;West;Westview Hospital;ICU;64;96;116
ID-#05993-D!;2026-10-18;North;Northern Medical;ER;25;99;99
ID-#05026-Y!;2026-10-27;Industrial;Workers Health Center;General;37;92;94
ID-#02322-N!;2026-10-27;West;Westview Hospital;General;90;95;110
ID-#03074-R!;2026-10-23;Central;Metropolis General;ICU;-;99;71
ID-#01189-W!;2026-10-22;East;East Point Med;ER;65;92;93
ID-#08428-I!;2026-10-30;West;Westview Hospital;ICU;43;93;71
ID-#06348-S!;2026-10-02;West;Westview Hospital;General;74;98;89
ID-#06424-Y!;2026-10-08;Industrial;Workers Health Center;Observation;58;95;84
ID-#05864-H!;2026-10-19;East;East Point Med;ER;22;87;94
**ID_02012?M;2026-10-05;Central;Central Care;ER;34;94;91
ID-#00753-C!;2026-10-22;East;Eastern Health;General;81;85;98
ID-#02977-P!;2026-10-17;East;Eastern Health;Observation;82;96;114
ID-#05982-F!;2026-10-19;West;Westview Hospital;ICU;59;99;97
ID-#05497-E!;2026-10-26;South;South Park Hospital;General;33;99;101
ID-#08293-E!;2026-10-31;West;Westview Hospital;ER;39;99;84
ID-#01778-G!;2026-10-07;South;South Park Hospital;General;84;94;106
ID-#06865-Q!;2026-10-28;North;Northern Medical;ICU;36;100;115
ID-#05270-H!;2026-10-19;South;South Park Hospital;General;-;95;111
ID-#04692-X!;2026-10-20;West;Westview Hospital;Observation;33;97;103
ID-#00386-E!;2026-10-19;South;South Park Hospital;Observation;56;96;119
ID-#03696-M!;2026-10-21;West;Westview Hospital;General;80;95;75
ID-#03362-K!;2026-10-22;North;Northside Clinic;ER;38;96;115
ID-#07788-L!;2026-10-19;Waterfront;Bayview Hospital;ICU;66;97;78
ID-#07372-J!;2026-10-17;West;Westview Hospital;ICU;-;99;119
ID-#04063-J!;2026-10-25;Central;Metropolis General;ER;47;98;82
ID-#06857-U!;2026-10-17;South;South Park Hospital;ER;85;96;92
ID-#03270-C!;2026-10-04;Waterfront;Bayview Hospital;ER;52;100;113
ID-#07512-Z!;2026-10-23;Industrial;Workers Health Center;ER;37;82;79
ID-#03469-V!;2026-10-19;Central;Metropolis General;General;20;99;108
**ID_03665?W;2026-10-29;North;Northside Clinic;General;60;99;73
ID-#01351-D!;2026-10-25;East;Eastern Health;General;66;82;111
ID-#03464-K!;2026-10-25;West;Westview Hospital;General;89;94;101
ID-#00953-B!;2026-10-05;Waterfront;Bayview Hospital;General;40;93;81
ID-#05398-K!;2026-10-23;South;South Park Hospital;General;58;96;114
ID-#03506-W!;2026-10-11;North;Northside Clinic;Observation;34;93;114
ID-#06876-E!;2026-10-20;East;Eastern Health;ER;85;88;83
ID-#00996-F!;2026-10-23;East;East Point Med;ICU;34;86;113
ID-#08405-Y!;2026-10-20;Industrial;Industrial Med;General;62;80;94
ID-#03133-T!;2026-10-26;South;South Park Hospital;ICU;34;99;84
ID-#01628-U!;2026-10-31;Waterfront;Bayview Hospital;General;47;93;91
ID-#05627-E!;2026-10-22;Central;Central Care;General;61;98;75
ID-#07671-F!;2026-10-06;Waterfront;Bayview Hospital;General;53;100;116
ID-#01617-G!;2026-10-22;East;East Point Med;ER;47;88;94
ID-#06428-X!;2026-10-19;North;Northern Medical;General;30;100;80
ID-#08161-V!;2026-10-20;East;East Point Med;ER;85;87;109
ID-#06007-B!;2026-10-25;West;Westview Hospital;ER;73;94;70
ID-#02069-U!;2026-10-10;West;Westview Hospital;Observation;64;99;104
ID-#05076-F!;2026-10-22;South;South Park Hospital;ICU;54;97;85
ID-#07501-B!;2026-10-10;Central;Central Care;ER;84;94;76
**ID_05592?I;2026-10-22;Central;Central Care;General;28;94;117
ID-#04736-P!;2026-10-22;Waterfront;Bayview Hospital;ER;67;98;108
ID-#02366-V!;2026-10-08;West;Westview Hospital;Observation;25;96;103
ID-#07506-V!;2026-10-20;South;South Park Hospital;ER;50;95;106
ID-#06553-Q!;2026-10-20;East;East Point Med;ER;30;89;104
ID-#00173-Q!;2026-10-06;Central;Metropolis General;ER;76;94;114
ID-#02070-R!;2026-10-15;Industrial;Workers Health Center;ER;28;98;115
**ID_08090?Q;2026-10-25;South;South Park Hospital;ICU;62;97;107
ID-#04174-T!;2026-10-26;South;South Park Hospital;ER;79;96;109
**ID_04686?Q;2026-10-28;West;Westview Hospital;General;45;98;96
ID-#06625-R!;2026-10-26;East;Eastern Health;ER;63;85;107
**ID_06360?W;2026-10-20;West;Westview Hospital;ICU;73;96;102
ID-#00028-R!;2026-10-27;South;South Park Hospital;ICU;30;100;74
ID-#03203-E!;2026-10-21;Industrial;Workers Health Center;General;38;92;114
ID-#04679-P!;2026-10-03;North;Northern Medical;ER;-;95;119
ID-#02072-W!;2026-10-21;South;South Park Hospital;ICU;85;93;100
ID-#02839-U!;2026-10-24;East;East Point Med;General;34;89;85
ID-#02498-P!;2026-10-22;Central;Metropolis General;ER;61;95;119
ID-#00468-I!;2026-10-25;West;Westview Hospital;ICU;68;100;95
ID-#06798-E!;2026-10-11;Central;Central Care;General;54;98;88
ID-#00079-I!;2026-10-25;South;South Park Hospital;General;60;99;113
ID-#06604-L!;2026-10-21;Waterfront;Bayview Hospital;ER;50;93;70
ID-#01497-O!;2026-10-25;Industrial;Industrial Med;ICU;40;82;86
**ID_07619?I;2026-10-26;West;Westview Hospital;ICU;54;99;86
ID-#04524-B!;2026-10-25;West;Westview Hospital;ER;33;93;75
ID-#04476-Q!;2026-10-02;South;South Park Hospital;ER;19;97;91
ID-#01753-J!;2026-10-24;Industrial;Industrial Med;Observation;90;80;97
ID-#03616-F!;2026-10-25;Central;Metropolis General;ER;34;99;71
ID-#06455-Q!;2026-10-08;East;East Point Med;ICU;19;96;119
ID-#01776-L!;2026-10-23;East;East Point Med;ER;36;81;76
ID-#07249-L!;2026-10-25;Central;Metropolis General;ER;52;98;103
ID-#02036-U!;2026-10-26;South;South Park Hospital;ER;79;94;77
ID-#08181-Q!;2026-10-17;Industrial;Workers Health Center;General;46;94;83
**ID_05871?K;2026-10-12;East;Eastern Health;ICU;69;96;87
**ID_03433?U;2026-10-14;South;South Park Hospital;ER;71;99;99
ID-#07118-B!;2026-10-06;Central;Central Care;ER;49;99;112
ID-#06684-C!;2026-10-25;South;South Park Hospital;General;58;98;100
ID-#07675-L!;2026-10-21;South;South Park Hospital;ER;65;97;99
ID-#03607-A!;2026-10-24;Central;Metropolis General;General;45;98;94
ID-#08180-A!;2026-10-20;Central;Central Care;ICU;74;99;118
ID-#06679-C!;2026-10-23;Central;Metropolis General;ER;48;93;118
ID-#01286-M!;2026-10-21;East;East Point Med;ICU;34;81;75
ID-#07763-S!;2026-10-19;North;Northside Clinic;ER;-;93;70
ID-#00934-S!;2026-10-09;North;Northern Medical;General;-;100;78
ID-#07351-L!;2026-10-14;North;Northside Clinic;Observation;40;93;110
ID-#06280-W!;2026-10-18;West;Westview Hospital;ER;69;95;106
ID-#01627-S!;2026-10-19;North;Northside Clinic;ICU;65;100;116
ID-#06230-S!;2026-10-17;East;East Point Med;ICU;62;96;86
ID-#04928-N!;2026-10-21;West;Westview Hospital;ICU;74;94;112
ID-#00469-D!;2026-10-17;East;East Point Med;ER;74;98;95
ID-#00869-V!;2026-10-21;Waterfront;Bayview Hospital;Observation;-;97;86
ID-#01765-C!;2026-10-20;East;East Point Med;ER;30;89;90
ID-#01952-A!;2026-10-24;Central;Metropolis General;General;53;100;79
ID-#04517-P!;2026-10-20;Central;Central Care;ER;48;96;74
ID-#01749-C!;2026-10-13;South;South Park Hospital;ER;21;99;95
ID-#02418-H!;2026-10-26;South;South Park Hospital;Observation;78;99;98
ID-#04741-N!;2026-10-26;Industrial;Industrial Med;ICU;20;86;94
ID-#03350-K!;2026-10-26;West;Westview Hospital;ER;28;99;119
**ID_07222?C;2026-10-19;North;Northern Medical;ER;53;99;116
ID-#05065-K!;2026-10-26;Central;Central Care;Observation;31;100;104
ID-#05405-Y!;2026-10-19;West;Westview Hospital;ICU;78;97;101
ID-#02590-C!;2026-10-30;South;South Park Hospital;General;86;97;116
ID-#02022-N!;2026-10-04;North;Northern Medical;General;-;96;83
ID-#03597-S!;2026-10-31;West;Westview Hospital;Observation;59;93;90
ID-#08246-B!;2026-10-22;Central;Metropolis General;ER;55;94;71
ID-#00665-G!;2026-10-24;South;South Park Hospital;ER;43;95;120
ID-#05938-E!;2026-10-24;West;Westview Hospital;ICU;59;100;79
ID-#01269-R!;2026-10-29;Waterfront;Bayview Hospital;ICU;55;96;120
ID-#07179-R!;2026-10-23;North;Northside Clinic;General;88;94;107
ID-#01019-Q!;2026-10-19;East;Eastern Health;Observation;87;87;70
ID-#02608-U!;2026-10-25;West;Westview Hospital;ER;24;95;76
ID-#00496-L!;2026-10-19;North;Northside Clinic;General;58;96;79
ID-#07578-V!;2026-10-19;West;Westview Hospital;ER;51;99;97
ID-#02005-C!;2026-10-18;South;South Park Hospital;ER;22;94;94
ID-#07471-A!;2026-10-26;Industrial;Workers Health Center;General;66;88;115
ID-#07908-O!;2026-10-04;Waterfront;Bayview Hospital;General;26;100;98
ID-#01186-T!;2026-10-20;West;Westview Hospital;ICU;-;95;89
ID-#03250-T!;2026-10-28;West;Westview Hospital;Observation;43;99;119
ID-#08432-E!;2026-10-25;West;Westview Hospital;Observation;65;95;88
ID-#06722-Z!;2026-10-19;Waterfront;Bayview Hospital;ER;25;95;107
ID-#00069-N!;2026-10-26;East;East Point Med;General;60;80;101
ID-#05806-G!;2026-10-30;East;East Point Med;General;83;83;112
ID-#04532-J!;2026-10-18;Industrial;Workers Health Center;ER;-;100;81
ID-#00790-A!;2026-10-23;South;South Park Hospital;General;70;99;101
ID-#00902-D!;2026-10-31;East;Eastern Health;General;37;85;82
ID-#03649-E!;2026-10-26;South;South Park Hospital;ER;33;95;85
ID-#07869-T!;2026-10-14;South;South Park Hospital;ICU;62;96;80
ID-#07250-O!;2026-10-26;Waterfront;Bayview Hospital;ER;25;100;97
ID-#05656-V!;2026-10-26;West;Westview Hospital;ER;75;96;89
**ID_06648?W;2026-10-20;Waterfront;Bayview Hospital;ER;41;99;76
ID-#06968-A!;2026-10-23;North;Northside Clinic;Observation;74;95;113
ID-#08353-C!;2026-10-04;East;East Point Med;ER;43;97;88
**ID_01788?E;2026-10-09;Waterfront;Bayview Hospital;ICU;32;99;118
ID-#04162-T!;2026-10-15;West;Westview Hospital;General;29;94;78
ID-#05103-N!;2026-10-21;South;South Park Hospital;General;-;93;106
ID-#07360-Z!;2026-10-26;North;Northside Clinic;ER;66;97;90
ID-#03046-G!;2026-10-23;North;Northside Clinic;ER;71;100;114
ID-#07213-N!;2026-10-05;North;Northern Medical;Observation;28;93;98
ID-#02342-R!;2026-10-19;Central;Metropolis General;ICU;33;97;85
ID-#06822-B!;2026-10-25;West;Westview Hospital;General;87;93;87
ID-#00505-I!;2026-10-19;North;Northern Medical;ER;-;96;82
ID-#08389-K!;2026-10-24;West;Westview Hospital;ER;19;99;115
ID-#02659-I!;2026-10-23;Central;Central Care;ER;39;96;80
ID-#03180-J!;2026-10-24;West;Westview Hospital;General;21;100;104
**ID_06040?J;2026-10-21;South;South Park Hospital;General;37;-;98
ID-#04033-N!;2026-10-26;West;Westview Hospital;General;31;93;101
ID-#06631-X!;2026-10-20;Central;Central Care;ER;52;95;84
ID-#06890-B!;2026-10-08;Central;Metropolis General;General;42;99;93
ID-#07551-X!;2026-10-24;Industrial;Industrial Med;General;23;88;119
**ID_00984?Z;2026-10-24;Industrial;Workers Health Center;General;39;87;90
ID-#06369-M!;2026-10-20;East;Eastern Health;General;28;89;83
ID-#05603-G!;2026-10-16;Central;Metropolis General;ICU;20;100;74
ID-#08078-W!;2026-10-19;North;Northside Clinic;General;20;98;100
ID-#04595-R!;2026-10-21;Central;Metropolis General;ICU;47;98;117
ID-#06509-T!;2026-10-20;South;South Park Hospital;Observation;32;99;96
ID-#00256-E!;2026-10-20;Central;Metropolis General;ER;57;-;72
ID-#01659-E!;2026-10-11;West;Westview Hospital;General;42;95;99
**ID_05755?C;2026-10-24;Industrial;Workers Health Center;General;22;80;70
ID-#05439-F!;2026-10-19;Central;Central Care;General;36;96;83
ID-#07233-W!;2026-10-27;Central;Metropolis General;General;56;100;99
ID-#06297-I!;2026-10-23;East;East Point Med;General;57;80;111
ID-#04485-X!;2026-10-12;South;South Park Hospital;ICU;63;93;96
ID-#08250-H!;2026-10-06;South;South Park Hospital;ICU;90;97;113
ID-#07155-Y!;2026-10-29;South;South Park Hospital;ER;80;97;114
ID-#04944-D!;2026-10-25;South;South Park Hospital;ICU;24;93;82
ID-#02019-C!;2026-10-25;West;Westview Hospital;General;52;96;110
ID-#05089-J!;2026-10-20;North;Northern Medical;Observation;20;98;90
ID-#07231-Z!;2026-10-28;West;Westview Hospital;ICU;69;99;119
ID-#04625-K!;2026-10-02;West;Westview Hospital;ICU;85;96;N/A
ID-#02728-N!;2026-10-11;South;South Park Hospital;General;90;99;74
ID-#03532-F!;2026-10-22;West;Westview Hospital;Observation;55;95;116
ID-#04030-M!;2026-10-22;Waterfront;Bayview Hospital;Observation;71;-;75
ID-#08336-B!;2026-10-04;East;East Point Med;ER;43;94;95
ID-#07649-T!;2026-10-20;North;Northern Medical;General;69;97;82
ID-#03675-L!;2026-10-25;South;South Park Hospital;Observation;-;100;114
ID-#02137-A!;2026-10-11;Industrial;Workers Health Center;ER;83;97;102
ID-#03904-B!;2026-10-11;South;South Park Hospital;General;37;98;119
ID-#06779-A!;2026-10-24;Industrial;Industrial Med;Observation;68;86;80
ID-#05822-L!;2026-10-05;North;Northern Medical;ICU;88;95;86
**ID_00999?W;2026-10-26;South;South Park Hospital;Observation;45;95;119
ID-#07586-I!;2026-10-30;Central;Metropolis General;ICU;84;99;81
ID-#04491-C!;2026-10-08;North;Northern Medical;ICU;65;96;88
ID-#00772-E!;2026-10-30;West;Westview Hospital;General;-;97;113
ID-#00517-I!;2026-10-09;Industrial;Industrial Med;ER;22;99;119
**ID_07865?H;2026-10-25;Waterfront;Bayview Hospital;ER;54;97;82
ID-#07392-D!;2026-10-21;Central;Central Care;ICU;-;99;99
ID-#04490-V!;2026-10-16;Central;Central Care;ER;-;94;112
ID-#08158-D!;2026-10-24;North;Northern Medical;General;90;95;119
ID-#06984-Q!;2026-10-24;Central;Central Care;ER;71;98;108
ID-#07543-I!;2026-10-24;South;South Park Hospital;ER;65;96;71
ID-#00830-P!;2026-10-14;Waterfront;Bayview Hospital;Observation;22;100;113
ID-#04824-B!;2026-10-31;Central;Metropolis General;ER;86;95;72
ID-#03897-Z!;2026-10-15;North;Northern Medical;General;-;95;74
ID-#05126-S!;2026-10-20;Industrial;Workers Health Center;ER;67;81;84
**ID_02861?I;2026-10-30;East;Eastern Health;ER;18;82;92
ID-#03300-N!;2026-10-09;South;South Park Hospital;ER;88;94;113
ID-#05768-P!;2026-10-22;North;Northern Medical;General;39;98;88
ID-#00888-E!;2026-10-17;East;Eastern Health;General;78;94;72
ID-#08454-L!;2026-10-20;South;South Park Hospital;ER;51;94;101
ID-#03659-T!;2026-10-21;Central;Central Care;ICU;28;94;99
ID-#06982-S!;2026-10-26;North;Northern Medical;General;85;97;77
ID-#01911-Q!;2026-10-16;Waterfront;Bayview Hospital;ER;77;94;102
ID-#02546-Z!;2026-10-16;West;Westview Hospital;Observation;33;97;85
ID-#04264-X!;2026-10-24;Central;Central Care;ICU;30;99;75
ID-#06099-Z!;2026-10-29;North;Northern Medical;ER;50;100;77
ID-#04900-B!;2026-10-19;Central;Metropolis General;Observation;50;97;95
ID-#02061-S!;2026-10-14;West;Westview Hospital;ER;31;100;105
ID-#08398-K!;2026-10-02;Waterfront;Bayview Hospital;ICU;86;100;118
**ID_02924?H;2026-10-12;South;South Park Hospital;ER;69;95;110
ID-#07094-X!;2026-10-22;West;Westview Hospital;General;84;100;81
ID-#00768-J!;2026-10-25;North;Northern Medical;General;26;100;97
ID-#05056-H!;2026-10-02;North;Northern Medical;ER;44;98;108
ID-#07569-N!;2026-10-23;East;East Point Med;ER;40;88;105
ID-#05364-O!;2026-10-24;North;Northside Clinic;ICU;85;96;114
ID-#02923-S!;2026-10-25;Industrial;Industrial Med;Observation;90;92;114
ID-#06311-S!;2026-10-22;East;East Point Med;General;18;82;82
ID-#04992-U!;2026-10-24;Industrial;Industrial Med;ER;54;-;76
ID-#00936-P!;2026-10-25;East;Eastern Health;General;25;85;93
ID-#06561-U!;2026-10-02;North;Northside Clinic;ICU;85;98;97
ID-#03333-M!;2026-10-13;Central;Metropolis General;ICU;56;95;107
**ID_08395?P;2026-10-21;Central;Central Care;General;49;100;90
ID-#02258-R!;2026-10-11;East;East Point Med;Observation;29;97;106
**ID_04349?X;2026-10-21;North;Northern Medical;ICU;27;95;78
ID-#08167-R!;2026-10-24;Industrial;Industrial Med;ER;56;87;98
ID-#00677-B!;2026-10-22;East;Eastern Health;ICU;82;85;109
ID-#00727-L!;2026-10-27;Industrial;Industrial Med;ICU;66;86;97
ID-#01845-A!;2026-10-23;Waterfront;Bayview Hospital;ER;80;95;96
ID-#00696-M!;2026-10-20;West;Westview Hospital;ICU;72;97;94
**ID_02520?M;2026-10-09;West;Westview Hospital;General;75;100;104
ID-#05606-I!;2026-10-11;West;Westview Hospital;ICU;90;100;94
ID-#03968-P!;2026-10-24;Industrial;Industrial Med;ICU;29;89;106
ID-#06899-R!;2026-10-07;North;Northern Medical;ICU;60;96;102
ID-#07574-O!;2026-10-16;East;Eastern Health;ER;65;100;77
ID-#06213-A!;2026-10-29;East;East Point Med;ER;46;80;91
ID-#04046-B!;2026-10-04;Industrial;Industrial Med;General;86;99;113
ID-#01977-L!;2026-10-21;East;Eastern Health;ER;20;88;100
**ID_05044?E;2026-10-23;South;South Park Hospital;ER;69;100;113
ID-#03476-S!;2026-10-13;East;Eastern Health;ER;34;100;79
**ID_03049?S;2026-10-22;Central;Metropolis General;Observation;63;99;71
ID-#03254-K!;2026-10-05;Industrial;Workers Health Center;ICU;52;99;111
ID-#06300-I!;2026-10-20;West;Westview Hospital;ER;22;94;87
ID-#00068-Q!;2026-10-06;South;South Park Hospital;Observation;78;99;93
ID-#01919-C!;2026-10-02;Industrial;Workers Health Center;General;57;95;102
ID-#01529-Y!;2026-10-09;West;Westview Hospital;ER;68;98;80
ID-#06298-N!;2026-10-24;Industrial;Workers Health Center;Observation;45;85;98
ID-#01065-B!;2026-10-26;North;Northside Clinic;ICU;40;100;97
ID-#04664-R!;2026-10-20;West;Westview Hospital;ER;18;94;76
**ID_04694?O;2026-10-22;Industrial;Industrial Med;ICU;71;88;104
ID-#01206-I!;2026-10-22;Central;Metropolis General;ER;57;94;99
ID-#06990-Q!;2026-10-25;North;Northern Medical;General;72;100;99
ID-#08220-U!;2026-10-24;South;South Park Hospital;ER;80;98;71
ID-#07750-O!;2026-10-29;South;South Park Hospital;ER;80;100;81
ID-#08339-G!;2026-10-10;North;Northside Clinic;General;36;95;115
ID-#03468-G!;2026-10-09;East;Eastern Health;ICU;65;95;104
ID-#03833-Z!;2026-10-21;West;Westview Hospital;ICU;61;100;77
ID-#02129-Q!;2026-10-08;North;Northside Clinic;ICU;48;98;76
ID-#03825-V!;2026-10-07;South;South Park Hospital;ER;18;99;77
ID-#02879-H!;2026-10-02;Central;Metropolis General;General;77;97;86
ID-#02488-O!;2026-10-12;West;Westview Hospital;ER;64;94;76
ID-#00324-J!;2026-10-10;Waterfront;Bayview Hospital;General;-;95;77
**ID_01784?P;2026-10-21;West;Westview Hospital;ER;-;100;82
ID-#02645-W!;2026-10-22;Industrial;Industrial Med;ICU;59;87;91
ID-#02032-W!;2026-10-19;Industrial;Workers Health Center;ICU;22;87;103
ID-#02630-T!;2026-10-18;North;Northern Medical;ER;70;96;106
ID-#07310-W!;2026-10-20;North;Northern Medical;ICU;80;98;72
ID-#06261-V!;2026-10-17;Central;Central Care;General;61;93;77
**ID_03318?C;2026-10-10;Industrial;Workers Health Center;ER;80;100;84
**ID_05915?Y;2026-10-26;North;Northern Medical;General;28;100;110
ID-#00514-M!;2026-10-20;West;Westview Hospital;ER;34;95;110
ID-#04592-L!;2026-10-10;Waterfront;Bayview Hospital;ER;29;98;99
ID-#01706-N!;2026-10-22;North;Northern Medical;General;20;96;118
ID-#02399-E!;2026-10-30;Waterfront;Bayview Hospital;Observation;44;95;77
ID-#08086-J!;2026-10-27;West;Westview Hospital;ER;36;94;82
ID-#04938-F!;2026-10-28;Central;Metropolis General;ER;48;100;104
ID-#07033-H!;2026-10-21;Central;Central Care;ER;42;95;116
ID-#04884-U!;2026-10-11;Waterfront;Bayview Hospital;ICU;48;-;113
ID-#05232-D!;2026-10-23;Industrial;Workers Health Center;General;38;91;95
ID-#06850-P!;2026-10-24;South;South Park Hospital;ER;26;93;N/A
ID-#02406-R!;2026-10-24;Waterfront;Bayview Hospital;ER;28;97;N/A
ID-#01994-R!;2026-10-31;Waterfront;Bayview Hospital;General;84;97;91
**ID_08498?I;2026-10-28;Waterfront;Bayview Hospital;General;33;99;73
**ID_03671?I;2026-10-24;Waterfront;Bayview Hospital;ER;27;99;81
ID-#06685-S!;2026-10-05;Waterfront;Bayview Hospital;Observation;90;100;105
**ID_06510?B;2026-10-07;West;Westview Hospital;General;86;98;87
ID-#06986-I!;2026-10-23;Industrial;Industrial Med;ICU;60;92;81
ID-#06600-R!;2026-10-19;East;Eastern Health;ER;43;90;119
ID-#05857-V!;2026-10-29;Waterfront;Bayview Hospital;ICU;40;98;77
ID-#01808-K!;2026-10-22;West;Westview Hospital;General;38;98;113
ID-#02074-C!;2026-10-11;East;East Point Med;ER;-;95;105
ID-#01813-C!;2026-10-22;Waterfront;Bayview Hospital;ER;47;97;95
ID-#06153-U!;2026-10-08;Waterfront;Bayview Hospital;General;72;99;82
ID-#03933-A!;2026-10-29;East;Eastern Health;ER;69;83;77
ID-#06485-M!;2026-10-26;North;Northside Clinic;ER;80;99;N/A
ID-#04536-O!;2026-10-06;South;South Park Hospital;ICU;65;100;72
ID-#04289-H!;2026-10-20;East;Eastern Health;General;87;92;90
ID-#00456-W!;2026-10-03;Central;Central Care;ER;54;99;82
ID-#02671-D!;2026-10-20;Industrial;Industrial Med;ER;52;85;79
ID-#02959-U!;2026-10-17;Waterfront;Bayview Hospital;Observation;57;95;70
ID-#04921-L!;2026-10-24;East;Eastern Health;ER;47;86;84
ID-#04348-H!;2026-10-23;Central;Metropolis General;ER;22;94;104
ID-#05328-U!;2026-10-26;North;Northside Clinic;General;45;95;74
ID-#07522-P!;2026-10-26;Industrial;Industrial Med;ER;28;87;97
ID-#05218-Q!;2026-10-07;Industrial;Industrial Med;ER;72;97;103
ID-#08153-L!;2026-10-06;North;Northern Medical;General;81;95;120
ID-#03188-F!;2026-10-14;Central;Metropolis General;ER;-;96;76
**ID_03054?R;2026-10-31;North;Northern Medical;ER;48;95;85
ID-#07539-B!;2026-10-31;East;Eastern Health;ER;73;80;84
**ID_01121?H;2026-10-31;North;Northside Clinic;ER;20;96;76
ID-#01468-J!;2026-10-08;East;East Point Med;General;32;95;74
ID-#02015-H!;2026-10-29;Waterfront;Bayview Hospital;ER;88;99;84
ID-#02021-B!;2026-10-11;Waterfront;Bayview Hospital;ER;46;95;112
ID-#06620-V!;2026-10-20;East;East Point Med;ER;20;88;85
ID-#01603-U!;2026-10-07;West;Westview Hospital;General;81;94;90
ID-#02156-A!;2026-10-21;Industrial;Workers Health Center;ICU;58;89;84
ID-#06033-H!;2026-10-22;Central;Metropolis General;ICU;43;94;105
ID-#02907-U!;2026-10-16;Industrial;Workers Health Center;ER;29;95;103
ID-#00975-K!;2026-10-26;Waterfront;Bayview Hospital;ER;25;94;87
ID-#01130-G!;2026-10-17;Industrial;Industrial Med;General;19;95;99
ID-#02161-Z!;2026-10-24;North;Northside Clinic;ER;83;96;76
ID-#04411-G!;2026-10-03;Waterfront;Bayview Hospital;ER;62;97;107
ID-#05272-K!;2026-10-03;Waterfront;Bayview Hospital;ER;67;100;98
ID-#01751-M!;2026-10-22;Waterfront;Bayview Hospital;ICU;24;99;119
ID-#03623-K!;2026-10-18;Central;Central Care;ER;84;95;118
ID-#06725-K!;2026-10-17;North;Northside Clinic;ICU;66;100;72
ID-#03458-R!;2026-10-23;North;Northside Clinic;General;27;97;83
ID-#07987-K!;2026-10-22;West;Westview Hospital;General;66;98;119
ID-#03872-Z!;2026-10-21;Central;Central Care;ER;47;100;74
ID-#00421-K!;2026-10-22;North;Northern Medical;General;69;97;105
ID-#02629-P!;2026-10-25;South;South Park Hospital;ICU;72;93;97
ID-#02681-M!;2026-10-18;North;Northern Medical;General;21;93;75
ID-#03805-K!;2026-10-14;East;Eastern Health;ER;59;95;78
ID-#04822-Z!;2026-10-19;Waterfront;Bayview Hospital;ER;21;100;102
ID-#01006-H!;2026-10-21;Industrial;Workers Health Center;General;88;83;85
ID-#05546-R!;2026-10-24;Central;Metropolis General;ICU;77;95;94
ID-#06262-G!;2026-10-24;Industrial;Workers Health Center;ICU;90;87;119
ID-#05907-F!;2026-10-25;West;Westview Hospital;ICU;65;94;70
ID-#03474-K!;2026-10-20;Waterfront;Bayview Hospital;General;88;95;105
ID-#03804-N!;2026-10-27;North;Northside Clinic;General;84;100;N/A
ID-#00997-C!;2026-10-29;North;Northern Medical;ER;55;93;111
ID-#03946-K!;2026-10-20;East;Eastern Health;ER;45;86;99
ID-#04183-O!;2026-10-22;South;South Park Hospital;General;42;96;109
ID-#08269-D!;2026-10-23;Central;Metropolis General;ER;85;95;86
ID-#00037-P!;2026-10-13;West;Westview Hospital;General;68;94;73
**ID_04825?N;2026-10-05;North;Northern Medical;ER;69;96;85
ID-#00794-O!;2026-10-26;West;Westview Hospital;ICU;46;-;112
**ID_07571?C;2026-10-17;Central;Central Care;ICU;90;98;118
ID-#06948-I!;2026-10-26;Waterfront;Bayview Hospital;General;83;100;119
ID-#06025-F!;2026-10-15;South;South Park Hospital;ICU;63;95;102
ID-#07456-P!;2026-10-22;East;Eastern Health;General;24;92;106
ID-#06460-N!;2026-10-29;North;Northside Clinic;ICU;67;98;91
ID-#08029-U!;2026-10-25;Central;Metropolis General;ER;-;97;117
ID-#08392-P!;2026-10-24;North;Northern Medical;ER;55;98;116
ID-#01612-G!;2026-10-22;South;South Park Hospital;General;77;97;101
ID-#08285-I!;2026-10-26;East;Eastern Health;Observation;23;88;106
ID-#05347-M!;2026-10-23;South;South Park Hospital;ER;80;97;106
ID-#00147-P!;2026-10-25;East;Eastern Health;ICU;32;87;98
ID-#03384-H!;2026-10-09;North;Northside Clinic;General;25;100;98
ID-#07504-R!;2026-10-23;Central;Metropolis General;ER;38;96;76
ID-#00290-Y!;2026-10-26;Waterfront;Bayview Hospital;ICU;65;99;105
ID-#00202-O!;2026-10-14;Industrial;Industrial Med;ER;83;100;104
ID-#00196-E!;2026-10-25;South;South Park Hospital;Observation;71;100;87
ID-#06682-T!;2026-10-25;Central;Metropolis General;General;56;98;73
ID-#02361-R!;2026-10-20;South;South Park Hospital;General;86;98;81
ID-#00316-P!;2026-10-07;East;Eastern Health;General;66;98;93
ID-#05872-K!;2026-10-06;North;Northside Clinic;ICU;29;96;107
**ID_08473?N;2026-10-15;North;Northside Clinic;ER;79;95;109
ID-#06139-K!;2026-10-20;East;East Point Med;ER;63;80;86
ID-#02252-F!;2026-10-02;South;South Park Hospital;Observation;43;98;101
ID-#07361-U!;2026-10-20;Waterfront;Bayview Hospital;ER;60;94;77
ID-#00076-C!;2026-10-28;Waterfront;Bayview Hospital;ER;36;-;110
ID-#07718-Y!;2026-10-10;West;Westview Hospital;General;79;94;94
ID-#04744-M!;2026-10-26;West;Westview Hospital;ER;49;95;75
ID-#00985-T!;2026-10-27;Industrial;Workers Health Center;ICU;38;80;77
ID-#07123-Y!;2026-10-21;Industrial;Industrial Med;ER;44;81;79
ID-#02829-W!;2026-10-28;South;South Park Hospital;ER;79;96;106
ID-#07340-Q!;2026-10-20;East;East Point Med;ER;60;80;80
ID-#03963-G!;2026-10-15;Industrial;Workers Health Center;ER;78;97;72
ID-#04344-R!;2026-10-19;East;Eastern Health;General;46;85;112
ID-#05659-C!;2026-10-21;Industrial;Workers Health Center;General;81;84;71
ID-#06098-L!;2026-10-20;North;Northern Medical;General;43;98;120
ID-#03633-L!;2026-10-02;North;Northern Medical;ICU;24;100;76
ID-#08222-Z!;2026-10-24;Waterfront;Bayview Hospital;General;60;97;71
ID-#01761-X!;2026-10-11;West;Westview Hospital;General;37;94;102
ID-#01429-F!;2026-10-25;Central;Central Care;ER;46;94;98
ID-#08286-I!;2026-10-06;West;Westview Hospital;ER;81;100;116
ID-#00507-B!;2026-10-11;East;Eastern Health;ICU;81;96;95
ID-#03881-D!;2026-10-13;Central;Metropolis General;General;58;93;92
ID-#00298-M!;2026-10-30;West;Westview Hospital;General;78;93;84
ID-#00259-N!;2026-10-25;Central;Central Care;ICU;36;95;87
ID-#04303-D!;2026-10-25;Central;Central Care;Observation;44;93;112
ID-#01996-N!;2026-10-26;Industrial;Workers Health Center;ER;33;91;89
ID-#00059-Y!;2026-10-19;South;South Park Hospital;General;47;94;81
ID-#03290-T!;2026-10-21;East;East Point Med;ER;48;88;79
ID-#07726-Y!;2026-10-25;West;Westview Hospital;ER;71;99;84
ID-#07766-C!;2026-10-27;West;Westview Hospital;ER;80;100;73
ID-#07954-M!;2026-10-26;North;Northside Clinic;ER;39;95;103
ID-#03053-D!;2026-10-05;Central;Metropolis General;Observation;81;95;82
ID-#08400-V!;2026-10-04;Central;Central Care;Observation;53;97;111
ID-#04193-U!;2026-10-09;Central;Metropolis General;ER;53;94;89
ID-#06215-G!;2026-10-24;Central;Metropolis General;ICU;33;95;92
ID-#06014-Z!;2026-10-22;South;South Park Hospital;ICU;27;97;81
ID-#00662-S!;2026-10-24;North;Northern Medical;General;22;100;102
ID-#08205-T!;2026-10-23;Waterfront;Bayview Hospital;ER;54;-;88
**ID_04473?R;2026-10-04;Waterfront;Bayview Hospital;ICU;90;95;88
ID-#06543-D!;2026-10-23;Central;Central Care;ER;18;97;108
ID-#06505-H!;2026-10-29;East;East Point Med;ER;59;86;71
ID-#04610-D!;2026-10-19;Industrial;Workers Health Center;ER;42;91;97
ID-#07322-B!;2026-10-26;Industrial;Workers Health Center;General;71;91;94
**ID_08438?H;2026-10-23;East;Eastern Health;ER;56;90;87
ID-#03754-V!;2026-10-26;Industrial;Workers Health Center;ER;89;-;107
ID-#02624-Y!;2026-10-29;West;Westview Hospital;General;48;98;107
ID-#04084-U!;2026-10-19;East;Eastern Health;General;27;84;117
ID-#01376-X!;2026-10-25;East;Eastern Health;ER;37;91;110
ID-#05345-R!;2026-10-22;North;Northern Medical;General;62;98;104
ID-#01902-O!;2026-10-04;North;Northside Clinic;ICU;78;94;101
ID-#04878-G!;2026-10-31;West;Westview Hospital;General;43;96;81
ID-#07815-R!;2026-10-24;South;South Park Hospital;General;29;93;112
ID-#00229-S!;2026-10-24;Industrial;Industrial Med;General;83;89;95
**ID_01493?B;2026-10-26;Waterfront;Bayview Hospital;General;68;99;78
ID-#05278-X!;2026-10-20;North;Northside Clinic;ER;73;96;112
ID-#00361-A!;2026-10-16;Industrial;Industrial Med;General;68;94;99
**ID_07450?A;2026-10-26;East;Eastern Health;ICU;48;89;110
ID-#06002-N!;2026-10-06;West;Westview Hospital;ER;75;95;100
ID-#03758-S!;2026-10-10;East;East Point Med;ER;74;99;119
**ID_05079?I;2026-10-18;North;Northern Medical;ICU;35;97;70
ID-#06835-O!;2026-10-28;North;Northside Clinic;ER;27;93;119
**ID_05558?P;2026-10-21;East;East Point Med;ICU;58;82;105
ID-#05590-L!;2026-10-22;Waterfront;Bayview Hospital;Observation;41;100;78
ID-#05588-Z!;2026-10-21;East;East Point Med;ER;61;90;78
ID-#00107-G!;2026-10-25;Waterfront;Bayview Hospital;ER;70;99;N/A
ID-#07282-I!;2026-10-26;West;Westview Hospital;ER;90;97;100
ID-#06799-G!;2026-10-23;North;Northside Clinic;ICU;29;95;111
ID-#02750-H!;2026-10-30;Waterfront;Bayview Hospital;General;80;93;75
ID-#04419-Z!;2026-10-24;East;East Point Med;General;43;88;110
ID-#02101-F!;2026-10-26;North;Northside Clinic;ER;70;100;100
ID-#04969-A!;2026-10-07;Industrial;Workers Health Center;General;35;94;109
ID-#07608-I!;2026-10-11;South;South Park Hospital;Observation;49;100;82
ID-#06824-B!;2026-10-22;West;Westview Hospital;ICU;58;96;85
**ID_02720?S;2026-10-10;Central;Metropolis General;ICU;46;95;88
**ID_07709?H;2026-10-19;Central;Metropolis General;ICU;59;93;87
ID-#04399-B!;2026-10-26;West;Westview Hospital;ICU;-;95;99
ID-#05951-J!;2026-10-11;West;Westview Hospital;General;66;98;112
ID-#04917-T!;2026-10-23;East;East Point Med;ER;43;82;70
ID-#00215-A!;2026-10-27;North;Northern Medical;ER;34;94;90
ID-#06210-Y!;2026-10-16;East;Eastern Health;General;57;-;93
**ID_06870?X;2026-10-12;South;South Park Hospital;General;45;96;85
ID-#03728-L!;2026-10-05;Waterfront;Bayview Hospital;ICU;79;93;105
ID-#00537-C!;2026-10-28;West;Westview Hospital;ER;32;94;91
ID-#07385-M!;2026-10-19;South;South Park Hospital;ICU;71;96;93
ID-#01077-W!;2026-10-24;Central;Central Care;ICU;45;96;104
ID-#02622-G!;2026-10-23;East;East Point Med;ICU;46;80;73
**ID_01572?A;2026-10-22;Central;Metropolis General;ER;81;99;92
ID-#04819-E!;2026-10-26;North;Northside Clinic;General;33;93;73
ID-#06704-H!;2026-10-18;Central;Metropolis General;General;70;99;83
ID-#06807-F!;2026-10-09;Waterfront;Bayview Hospital;ICU;19;93;72
ID-#08147-D!;2026-10-04;North;Northside Clinic;ER;74;93;100
ID-#06570-D!;2026-10-22;Industrial;Industrial Med;ICU;82;81;110
ID-#02610-B!;2026-10-22;South;South Park Hospital;General;66;95;108
**ID_03473?J;2026-10-22;Waterfront;Bayview Hospital;Observation;55;97;105
ID-#02733-H!;2026-10-04;Waterfront;Bayview Hospital;General;77;94;96
ID-#07105-L!;2026-10-18;Industrial;Industrial Med;ICU;69;93;75
ID-#03485-L!;2026-10-26;South;South Park Hospital;General;49;96;73
**ID_01792?Y;2026-10-26;Industrial;Workers Health Center;ICU;38;85;75
ID-#02691-Y!;2026-10-21;Waterfront;Bayview Hospital;ER;30;98;72
ID-#06902-Z!;2026-10-10;Central;Metropolis General;General;21;98;93
ID-#01936-H!;2026-10-09;West;Westview Hospital;ER;18;97;N/A
**ID_05404?C;2026-10-20;East;East Point Med;General;34;92;87
ID-#00409-R!;2026-10-27;Waterfront;Bayview Hospital;ER;34;93;115
ID-#01118-S!;2026-10-24;North;Northern Medical;General;20;97;114
ID-#04407-A!;2026-10-21;West;Westview Hospital;ER;75;96;112
ID-#08114-U!;2026-10-23;South;South Park Hospital;ER;54;94;91
ID-#07630-I!;2026-10-26;East;Eastern Health;General;20;87;79
ID-#00515-T!;2026-10-07;South;South Park Hospital;ICU;84;93;78
ID-#00761-O!;2026-10-20;Industrial;Industrial Med;ICU;26;86;97
ID-#06374-X!;2026-10-22;North;Northside Clinic;ER;50;97;85
ID-#04942-F!;2026-10-23;South;South Park Hospital;ER;39;99;76
ID-#04487-I!;2026-10-12;Central;Central Care;General;61;96;100
ID-#00258-E!;2026-10-22;West;Westview Hospital;ER;63;93;103
ID-#02057-Q!;2026-10-05;South;South Park Hospital;ER;-;96;108
ID-#03408-T!;2026-10-23;South;South Park Hospital;ER;86;96;74
ID-#01063-T!;2026-10-21;South;South Park Hospital;ICU;30;94;115
ID-#02899-B!;2026-10-23;Industrial;Workers Health Center;General;33;89;N/A
ID-#00763-E!;2026-10-24;South;South Park Hospital;Observation;-;98;81
ID-#00419-H!;2026-10-12;North;Northside Clinic;ER;76;94;108
ID-#05743-J!;2026-10-04;Industrial;Industrial Med;ER;45;100;118
ID-#06707-G!;2026-10-20;South;South Park Hospital;ER;74;97;105
ID-#00779-Y!;2026-10-07;South;South Park Hospital;General;-;95;109
ID-#00368-C!;2026-10-10;East;East Point Med;ER;65;99;98
ID-#04430-K!;2026-10-31;Central;Central Care;General;79;95;108
ID-#03922-S!;2026-10-03;South;South Park Hospital;ER;56;95;77
ID-#07401-O!;2026-10-26;North;Northern Medical;Observation;39;93;80
ID-#00678-X!;2026-10-29;Central;Central Care;General;39;96;70
ID-#05175-L!;2026-10-24;West;Westview Hospital;General;25;93;104
ID-#00656-E!;2026-10-10;Industrial;Workers Health Center;ER;32;95;71
ID-#03846-U!;2026-10-17;East;Eastern Health;General;50;93;87
ID-#05920-I!;2026-10-26;Waterfront;Bayview Hospital;General;84;99;96
ID-#05186-J!;2026-10-16;Central;Metropolis General;ER;54;93;114
ID-#00270-C!;2026-10-23;North;Northside Clinic;General;35;100;108
ID-#05237-O!;2026-10-19;North;Northside Clinic;ICU;74;100;107
ID-#05257-X!;2026-10-24;East;Eastern Health;General;20;90;84
ID-#01959-O!;2026-10-05;South;South Park Hospital;General;71;98;71
ID-#08458-L!;2026-10-14;Central;Central Care;General;21;97;100
ID-#01812-D!;2026-10-05;North;Northern Medical;ICU;84;99;89
ID-#01091-G!;2026-10-04;North;Northside Clinic;ER;28;99;114
**ID_07929?S;2026-10-13;North;Northern Medical;ICU;39;100;76
ID-#05929-J!;2026-10-23;East;East Point Med;General;33;83;111
ID-#06516-A!;2026-10-07;Central;Metropolis General;ER;41;100;89
ID-#03856-I!;2026-10-21;South;South Park Hospital;ICU;50;100;106
ID-#04436-M!;2026-10-26;North;Northern Medical;ICU;36;95;76
ID-#01683-N!;2026-10-21;Waterfront;Bayview Hospital;General;-;95;116
ID-#07518-F!;2026-10-25;Central;Metropolis General;General;79;94;111
ID-#07500-T!;2026-10-14;North;Northside Clinic;General;70;93;97
ID-#04527-R!;2026-10-03;Central;Central Care;ER;87;100;88
**ID_04698?B;2026-10-19;Industrial;Industrial Med;ICU;73;90;108
ID-#06889-A!;2026-10-26;East;Eastern Health;ER;54;80;114
ID-#04000-J!;2026-10-31;East;East Point Med;ER;-;80;113
ID-#06193-P!;2026-10-24;North;Northern Medical;Observation;-;100;81
ID-#04986-V!;2026-10-31;West;Westview Hospital;Observation;64;94;79
**ID_05998?O;2026-10-02;East;Eastern Health;ICU;45;95;104
ID-#01112-O!;2026-10-26;East;East Point Med;ER;50;81;98
ID-#04640-O!;2026-10-30;Industrial;Industrial Med;ER;53;86;83
ID-#05009-M!;2026-10-21;North;Northern Medical;General;38;95;94
ID-#07757-A!;2026-10-20;North;Northside Clinic;Observation;41;98;86
ID-#00918-L!;2026-10-21;Industrial;Industrial Med;ER;43;89;73
ID-#06156-Y!;2026-10-23;East;East Point Med;ICU;77;91;101
ID-#04529-N!;2026-10-08;West;Westview Hospital;Observation;55;95;116
ID-#01334-B!;2026-10-28;Central;Central Care;ER;63;-;102
ID-#06832-K!;2026-10-31;South;South Park Hospital;General;-;98;112
ID-#01843-G!;2026-10-23;North;Northside Clinic;ICU;72;98;93
ID-#03152-M!;2026-10-24;North;Northside Clinic;General;42;97;92
**ID_03924?M;2026-10-06;West;Westview Hospital;Observation;24;93;76
ID-#04426-R!;2026-10-25;South;South Park Hospital;ER;44;100;78
ID-#03648-R!;2026-10-22;East;East Point Med;General;56;83;96
ID-#02859-W!;2026-10-23;North;Northern Medical;Observation;58;100;77
ID-#04424-M!;2026-10-09;West;Westview Hospital;General;-;97;99
ID-#02416-A!;2026-10-20;West;Westview Hospital;ER;27;95;73
ID-#08416-E!;2026-10-25;Industrial;Industrial Med;General;77;83;70
ID-#00350-V!;2026-10-13;North;Northside Clinic;ICU;64;96;93
ID-#06946-R!;2026-10-26;South;South Park Hospital;Observation;76;100;77
ID-#02463-P!;2026-10-11;West;Westview Hospital;General;71;94;97
ID-#04869-K!;2026-10-21;East;Eastern Health;Observation;61;84;73
**ID_06256?Q;2026-10-21;West;Westview Hospital;ICU;87;96;85
ID-#03893-G!;2026-10-22;West;Westview Hospital;ER;34;99;92
ID-#02422-H!;2026-10-24;South;South Park Hospital;Observation;79;95;111
ID-#02835-C!;2026-10-20;Industrial;Industrial Med;ER;88;88;116
ID-#03861-S!;2026-10-19;North;Northern Medical;ICU;45;95;114
ID-#01289-P!;2026-10-02;Central;Central Care;General;60;96;100
ID-#03023-Z!;2026-10-22;South;South Park Hospital;General;50;94;109
ID-#07368-J!;2026-10-24;Waterfront;Bayview Hospital;General;21;99;87
**ID_02850?T;2026-10-14;East;East Point Med;Observation;63;98;117
ID-#04896-H!;2026-10-20;Waterfront;Bayview Hospital;General;58;93;80
ID-#07914-P!;2026-10-20;West;Westview Hospital;General;58;100;85
ID-#08065-E!;2026-10-09;Central;Metropolis General;ER;84;98;117
ID-#03934-K!;2026-10-20;Waterfront;Bayview Hospital;General;48;96;89
ID-#08429-L!;2026-10-24;East;Eastern Health;ER;87;84;96
ID-#06134-M!;2026-10-26;West;Westview Hospital;ER;39;100;74
ID-#05528-F!;2026-10-20;North;Northside Clinic;ER;72;93;86
ID-#06513-W!;2026-10-17;Industrial;Workers Health Center;Observation;24;96;77
**ID_07440?J;2026-10-21;South;South Park Hospital;ICU;79;95;89
ID-#01219-N!;2026-10-21;South;South Park Hospital;ICU;63;94;84
ID-#02990-T!;2026-10-30;North;Northern Medical;ICU;56;97;108
ID-#07612-A!;2026-10-28;East;East Point Med;ER;25;88;83
**ID_03896?O;2026-10-22;East;Eastern Health;General;25;86;70
ID-#07383-B!;2026-10-07;West;Westview Hospital;Observation;25;98;113
ID-#02858-Z!;2026-10-09;Waterfront;Bayview Hospital;General;90;93;120
ID-#02335-Z!;2026-10-03;Waterfront;Bayview Hospital;General;56;96;85
ID-#01217-E!;2026-10-13;Waterfront;Bayview Hospital;General;42;-;108
ID-#06471-O!;2026-10-21;West;Westview Hospital;ICU;24;99;94
ID-#07622-G!;2026-10-30;Central;Central Care;Observation;55;95;100
ID-#03236-M!;2026-10-21;Waterfront;Bayview Hospital;ER;20;-;73
ID-#04552-U!;2026-10-26;North;Northern Medical;General;33;96;85
ID-#03022-C!;2026-10-21;North;Northern Medical;ER;80;94;72
ID-#06394-N!;2026-10-20;Waterfront;Bayview Hospital;General;58;99;80
ID-#04497-T!;2026-10-14;West;Westview Hospital;General;90;99;90
ID-#04502-H!;2026-10-26;South;South Park Hospital;ER;85;97;78
ID-#05947-F!;2026-10-22;Waterfront;Bayview Hospital;Observation;25;96;81
ID-#04354-K!;2026-10-22;Industrial;Workers Health Center;General;30;81;94
ID-#07940-I!;2026-10-07;South;South Park Hospital;ER;67;95;90
ID-#06925-H!;2026-10-20;North;Northside Clinic;ICU;51;95;77
ID-#05639-O!;2026-10-23;South;South Park Hospital;General;61;97;105
**ID_01849?Z;2026-10-05;North;Northern Medical;Observation;34;95;111
**ID_04168?U;2026-10-19;West;Westview Hospital;ER;31;99;112
ID-#06792-C!;2026-10-03;North;Northside Clinic;ER;64;97;N/A
ID-#06630-M!;2026-10-10;Central;Central Care;General;24;94;109
ID-#04642-X!;2026-10-03;West;Westview Hospital;ICU;65;93;93
ID-#04049-S!;2026-10-16;West;Westview Hospital;ICU;44;96;101
ID-#05967-B!;2026-10-12;West;Westview Hospital;ER;-;93;70
ID-#02297-J!;2026-10-16;Central;Central Care;ER;83;96;118
ID-#07616-N!;2026-10-25;Central;Metropolis General;General;61;96;95
ID-#05756-H!;2026-10-28;South;South Park Hospital;ICU;82;96;109
ID-#07635-P!;2026-10-06;Waterfront;Bayview Hospital;ER;49;-;100
**ID_07348?X;2026-10-24;Central;Metropolis General;ER;22;93;99
ID-#01307-M!;2026-10-23;North;Northern Medical;ER;27;99;113
**ID_07090?W;2026-10-24;West;Westview Hospital;General;22;96;103
ID-#04210-A!;2026-10-24;East;East Point Med;ER;-;89;78
ID-#02135-U!;2026-10-03;South;South Park Hospital;ER;-;96;97
ID-#06440-E!;2026-10-02;Waterfront;Bayview Hospital;ICU;88;93;84
ID-#05807-Q!;2026-10-05;West;Westview Hospital;ER;32;97;82
ID-#07534-M!;2026-10-11;West;Westview Hospital;General;-;94;108
ID-#03788-G!;2026-10-30;Central;Metropolis General;ER;27;94;101
ID-#03475-D!;2026-10-26;West;Westview Hospital;ICU;33;96;93
ID-#06960-W!;2026-10-20;East;Eastern Health;General;43;80;73
ID-#07148-V!;2026-10-13;East;East Point Med;General;60;94;87
ID-#03048-D!;2026-10-25;Central;Central Care;General;31;97;114
ID-#05859-K!;2026-10-28;Waterfront;Bayview Hospital;Observation;89;93;119
ID-#02854-U!;2026-10-25;West;Westview Hospital;General;32;93;75
ID-#08272-X!;2026-10-08;South;South Park Hospital;ER;76;95;114
ID-#07627-H!;2026-10-24;West;Westview Hospital;Observation;85;94;75
ID-#04925-C!;2026-10-26;North;Northern Medical;General;58;94;93
ID-#01064-U!;2026-10-20;Waterfront;Bayview Hospital;ICU;40;99;119
ID-#07461-L!;2026-10-19;South;South Park Hospital;ER;-;93;73
ID-#06594-E!;2026-10-20;South;South Park Hospital;ER;59;97;107
ID-#07296-J!;2026-10-22;Waterfront;Bayview Hospital;General;83;-;120
ID-#02606-E!;2026-10-14;Central;Central Care;General;34;97;88
ID-#01296-G!;2026-10-26;East;Eastern Health;ICU;34;91;89
ID-#03071-T!;2026-10-30;West;Westview Hospital;ER;77;98;112
ID-#00619-S!;2026-10-21;Industrial;Industrial Med;ICU;63;89;94
ID-#05342-Q!;2026-10-25;North;Northern Medical;ER;20;100;116
**ID_07868?R;2026-10-30;Waterfront;Bayview Hospital;ER;90;99;102
ID-#04164-F!;2026-10-19;East;Eastern Health;General;31;85;80
ID-#03834-J!;2026-10-14;West;Westview Hospital;ER;59;93;120
ID-#01573-L!;2026-10-19;Central;Central Care;ER;90;97;115
ID-#07883-R!;2026-10-08;North;Northern Medical;ER;64;97;74
ID-#05544-A!;2026-10-22;Industrial;Workers Health Center;General;73;87;86
ID-#01346-D!;2026-10-17;South;South Park Hospital;ER;47;99;101
ID-#00057-T!;2026-10-02;North;Northside Clinic;ER;50;94;74
ID-#08320-R!;2026-10-13;Waterfront;Bayview Hospital;General;25;93;85
ID-#03699-O!;2026-10-19;East;East Point Med;ER;89;91;82
ID-#01967-F!;2026-10-21;South;South Park Hospital;ER;90;94;113
ID-#06487-D!;2026-10-25;South;South Park Hospital;ICU;77;100;96
**ID_04841?J;2026-10-27;South;South Park Hospital;ICU;34;99;79
ID-#02902-I!;2026-10-09;Central;Central Care;ER;84;97;118
ID-#00920-W!;2026-10-11;Industrial;Industrial Med;ER;29;100;91
ID-#01667-V!;2026-10-23;West;Westview Hospital;ER;43;100;83
ID-#06133-R!;2026-10-23;South;South Park Hospital;Observation;63;93;120
ID-#08189-E!;2026-10-16;Central;Metropolis General;General;63;99;94
ID-#03438-B!;2026-10-27;Industrial;Industrial Med;ER;81;89;74
ID-#07154-T!;2026-10-22;North;Northside Clinic;General;75;93;115
ID-#00676-X!;2026-10-28;South;South Park Hospital;ICU;66;96;72
ID-#02076-K!;2026-10-09;Central;Central Care;General;31;99;113
ID-#06877-L!;2026-10-10;Central;Metropolis General;General;20;97;89
ID-#05506-F!;2026-10-25;Waterfront;Bayview Hospital;ER;69;94;86
ID-#05431-T!;2026-10-23;South;South Park Hospital;ICU;38;94;90
ID-#00010-Y!;2026-10-25;West;Westview Hospital;General;35;96;101
**ID_06392?O;2026-10-19;Industrial;Industrial Med;ER;57;89;104
ID-#07498-P!;2026-10-22;West;Westview Hospital;General;62;95;75
**ID_04231?N;2026-10-27;South;South Park Hospital;General;72;93;83
ID-#05319-L!;2026-10-24;Central;Central Care;Observation;19;96;78
ID-#04120-E!;2026-10-19;South;South Park Hospital;Observation;55;98;117
ID-#00971-T!;2026-10-17;South;South Park Hospital;General;79;94;102
ID-#02662-J!;2026-10-26;South;South Park Hospital;ER;37;94;105
**ID_06577?P;2026-10-26;South;South Park Hospital;ER;58;96;100
ID-#02315-S!;2026-10-26;North;Northern Medical;ER;33;97;108
ID-#06274-M!;2026-10-23;West;Westview Hospital;ICU;52;96;94
ID-#01987-K!;2026-10-23;Central;Central Care;Observation;86;93;94
ID-#06491-R!;2026-10-23;Industrial;Industrial Med;ICU;38;83;106
ID-#01111-A!;2026-10-26;Waterfront;Bayview Hospital;ICU;74;100;116
ID-#03909-K!;2026-10-26;Waterfront;Bayview Hospital;ER;78;95;71
ID-#02866-Q!;2026-10-27;Central;Metropolis General;General;69;96;81
ID-#02780-P!;2026-10-26;North;Northern Medical;General;29;99;74
ID-#04020-A!;2026-10-03;Central;Central Care;ER;22;99;79
**ID_02563?D;2026-10-30;Waterfront;Bayview Hospital;ER;21;96;75
ID-#04548-Q!;2026-10-19;West;Westview Hospital;ER;20;95;108
ID-#06161-F!;2026-10-23;North;Northside Clinic;ER;47;98;109
ID-#03883-K!;2026-10-21;Central;Central Care;ER;49;93;94
**ID_04459?P;2026-10-16;East;East Point Med;General;61;95;99
ID-#04789-G!;2026-10-21;West;Westview Hospital;Observation;33;95;75
ID-#04439-K!;2026-10-26;West;Westview Hospital;ER;50;94;99
ID-#00736-V!;2026-10-14;Waterfront;Bayview Hospital;ER;23;97;105
**ID_00687?L;2026-10-09;Central;Central Care;Observation;80;95;109
ID-#00718-O!;2026-10-04;East;East Point Med;ER;23;99;118
ID-#03979-O!;2026-10-07;Central;Metropolis General;ICU;87;93;98
ID-#07727-S!;2026-10-26;North;Northern Medical;General;54;95;79
ID-#06418-H!;2026-10-20;Waterfront;Bayview Hospital;General;18;98;80
ID-#05229-J!;2026-10-11;East;Eastern Health;ER;37;95;120
**ID_07510?M;2026-10-05;Waterfront;Bayview Hospital;ER;27;100;83
ID-#04159-I!;2026-10-10;West;Westview Hospital;General;19;98;83
ID-#06404-N!;2026-10-06;South;South Park Hospital;ER;51;99;79
ID-#07669-E!;2026-10-06;Central;Metropolis General;Observation;-;99;87
ID-#05210-J!;2026-10-21;East;Eastern Health;General;49;88;113
ID-#07127-P!;2026-10-05;South;South Park Hospital;ICU;80;99;93
**ID_02341?G;2026-10-19;East;Eastern Health;ICU;50;90;83
ID-#04298-C!;2026-10-23;South;South Park Hospital;ICU;22;97;111
ID-#01653-M!;2026-10-23;Waterfront;Bayview Hospital;General;82;95;113
ID-#05094-O!;2026-10-16;West;Westview Hospital;ICU;77;93;99
**ID_02388?X;2026-10-20;West;Westview Hospital;ER;56;95;92
ID-#01663-E!;2026-10-09;North;Northside Clinic;ER;39;95;84
ID-#04155-G!;2026-10-05;Industrial;Industrial Med;ICU;23;96;89
ID-#00412-I!;2026-10-19;East;East Point Med;ER;79;91;115
ID-#06483-Y!;2026-10-14;Waterfront;Bayview Hospital;ICU;90;96;117
**ID_04756?N;2026-10-02;Waterfront;Bayview Hospital;General;61;98;76
ID-#00167-I!;2026-10-20;Central;Metropolis General;ICU;73;100;76
ID-#06101-H!;2026-10-20;West;Westview Hospital;ICU;38;100;111
ID-#06643-E!;2026-10-26;Waterfront;Bayview Hospital;ER;30;98;71
ID-#05154-F!;2026-10-26;Industrial;Workers Health Center;General;24;91;110
ID-#07707-B!;2026-10-15;Central;Metropolis General;ER;60;93;120
ID-#01922-C!;2026-10-28;Waterfront;Bayview Hospital;ER;18;94;91
ID-#04614-V!;2026-10-19;West;Westview Hospital;General;49;99;110
ID-#08390-H!;2026-10-05;South;South Park Hospital;General;19;95;97
**ID_07363?J;2026-10-25;North;Northern Medical;ICU;22;95;77
ID-#02679-O!;2026-10-21;South;South Park Hospital;ER;81;100;105
ID-#02305-S!;2026-10-21;North;Northern Medical;ER;52;95;100
ID-#06918-U!;2026-10-15;Industrial;Industrial Med;ICU;23;95;76
ID-#01489-A!;2026-10-23;South;South Park Hospital;ER;-;93;115
ID-#08110-X!;2026-10-02;Industrial;Workers Health Center;ER;84;98;81
ID-#04978-M!;2026-10-20;Industrial;Industrial Med;Observation;67;84;112
ID-#03614-F!;2026-10-31;South;South Park Hospital;ER;77;99;120
ID-#07223-C!;2026-10-19;South;South Park Hospital;ER;70;96;76
ID-#07391-G!;2026-10-23;East;East Point Med;ER;32;81;73
ID-#07035-S!;2026-10-19;South;South Park Hospital;ER;41;100;77
ID-#05677-R!;2026-10-24;Industrial;Industrial Med;ER;54;81;116
ID-#04211-P!;2026-10-23;North;Northern Medical;ICU;58;95;102
ID-#08219-Q!;2026-10-24;Central;Central Care;ER;79;99;113
ID-#03706-J!;2026-10-28;Industrial;Workers Health Center;ER;-;86;104
**ID_02910?J;2026-10-22;East;Eastern Health;ICU;34;85;112
ID-#04649-A!;2026-10-16;North;Northern Medical;General;22;99;72
ID-#04130-I!;2026-10-17;Waterfront;Bayview Hospital;ICU;59;93;106
ID-#04864-A!;2026-10-22;Central;Metropolis General;ER;56;96;109
ID-#04790-W!;2026-10-23;West;Westview Hospital;ICU;81;97;110
ID-#00695-E!;2026-10-05;Central;Metropolis General;General;76;94;105
ID-#08111-U!;2026-10-12;East;East Point Med;ICU;34;95;79
ID-#01930-Q!;2026-10-12;North;Northern Medical;Observation;26;98;92
**ID_02817?C;2026-10-12;Central;Central Care;ER;59;94;99
ID-#05020-B!;2026-10-29;South;South Park Hospital;General;24;95;78
ID-#01941-T!;2026-10-29;West;Westview Hospital;ICU;85;95;105
ID-#03877-O!;2026-10-19;North;Northside Clinic;General;46;97;103
ID-#07899-O!;2026-10-10;Central;Central Care;ICU;21;100;104
ID-#05824-X!;2026-10-24;Industrial;Workers Health Center;General;23;86;84
ID-#01369-J!;2026-10-20;Industrial;Workers Health Center;General;58;80;110
**ID_03029?E;2026-10-28;Central;Central Care;General;35;94;85
ID-#06794-P!;2026-10-27;Waterfront;Bayview Hospital;ICU;64;93;118
ID-#07712-Q!;2026-10-19;South;South Park Hospital;General;36;94;113
ID-#06690-E!;2026-10-02;North;Northern Medical;General;69;97;77
ID-#05591-D!;2026-10-07;North;Northside Clinic;ICU;25;95;103
ID-#05017-X!;2026-10-05;West;Westview Hospital;ER;-;-;102
ID-#00717-C!;2026-10-03;East;Eastern Health;ICU;66;98;102
ID-#04309-B!;2026-10-26;West;Westview Hospital;ER;76;97;80
ID-#06788-H!;2026-10-26;North;Northside Clinic;ER;67;98;118
ID-#07845-S!;2026-10-22;East;East Point Med;ICU;47;82;105
ID-#07934-I!;2026-10-15;Industrial;Industrial Med;ICU;36;99;100
**ID_07079?F;2026-10-22;West;Westview Hospital;Observation;22;99;91
ID-#04347-T!;2026-10-04;Industrial;Workers Health Center;ICU;46;96;N/A
ID-#03901-O!;2026-10-25;North;Northern Medical;ER;64;98;92
ID-#00332-S!;2026-10-28;North;Northside Clinic;ER;53;96;87
ID-#07178-R!;2026-10-03;Waterfront;Bayview Hospital;ER;46;99;117
ID-#06181-F!;2026-10-24;Central;Metropolis General;Observation;70;98;95
ID-#02365-P!;2026-10-19;Industrial;Workers Health Center;General;-;90;92
ID-#00925-S!;2026-10-26;Central;Metropolis General;ER;70;99;117
ID-#01328-M!;2026-10-18;South;South Park Hospital;General;84;98;86
ID-#07849-B!;2026-10-27;South;South Park Hospital;ER;63;93;116
ID-#01516-O!;2026-10-21;Waterfront;Bayview Hospital;General;45;100;87
ID-#06352-W!;2026-10-29;West;Westview Hospital;General;42;95;117
ID-#00586-F!;2026-10-25;Waterfront;Bayview Hospital;ER;55;-;74
ID-#07359-S!;2026-10-26;East;East Point Med;ER;66;92;80
ID-#06244-J!;2026-10-26;Waterfront;Bayview Hospital;Observation;24;96;101
ID-#04277-T!;2026-10-20;North;Northside Clinic;ICU;66;95;107
ID-#07663-Y!;2026-10-07;South;South Park Hospital;ICU;77;100;114
ID-#03151-P!;2026-10-21;Waterfront;Bayview Hospital;Observation;19;100;97
ID-#07582-T!;2026-10-23;Industrial;Workers Health Center;ER;77;81;104
ID-#07244-I!;2026-10-20;Waterfront;Bayview Hospital;ER;88;98;102
ID-#06683-Q!;2026-10-19;South;South Park Hospital;ER;63;95;81
ID-#04811-A!;2026-10-19;East;Eastern Health;ER;37;82;119
ID-#01562-J!;2026-10-03;North;Northside Clinic;ICU;85;93;81
ID-#06113-I!;2026-10-23;North;Northern Medical;Observation;85;96;N/A
ID-#07562-Y!;2026-10-03;Waterfront;Bayview Hospital;General;74;93;N/A
ID-#04044-U!;2026-10-04;West;Westview Hospital;General;82;99;86
ID-#00041-X!;2026-10-12;South;South Park Hospital;Observation;54;99;107
ID-#07722-K!;2026-10-22;Central;Central Care;General;28;96;97
ID-#03951-Z!;2026-10-26;South;South Park Hospital;ER;82;100;92
ID-#03038-S!;2026-10-31;East;East Point Med;ER;42;86;107
ID-#08496-N!;2026-10-22;West;Westview Hospital;ICU;83;97;116
ID-#00064-R!;2026-10-26;North;Northern Medical;ER;44;93;73
ID-#04764-G!;2026-10-24;South;South Park Hospital;General;-;96;81
ID-#01290-Y!;2026-10-20;South;South Park Hospital;Observation;62;93;78
ID-#05313-P!;2026-10-21;Industrial;Industrial Med;ICU;70;82;117
**ID_03587?M;2026-10-24;Waterfront;Bayview Hospital;ER;28;96;97
ID-#02403-X!;2026-10-13;Industrial;Industrial Med;General;54;95;77
ID-#07659-H!;2026-10-22;South;South Park Hospital;ER;41;100;117
ID-#04423-Y!;2026-10-22;Industrial;Workers Health Center;ER;35;83;78
ID-#03491-P!;2026-10-02;Central;Metropolis General;ICU;69;97;71
ID-#04389-S!;2026-10-18;Industrial;Workers Health Center;General;61;94;120
ID-#01298-F!;2026-10-12;North;Northside Clinic;ER;50;98;94
ID-#08243-F!;2026-10-16;West;Westview Hospital;ICU;33;93;99
ID-#05785-I!;2026-10-31;North;Northside Clinic;General;60;100;110
ID-#03676-G!;2026-10-02;Waterfront;Bayview Hospital;Observation;89;94;101
ID-#07951-C!;2026-10-31;East;Eastern Health;ICU;32;88;99
ID-#04597-E!;2026-10-19;West;Westview Hospital;ER;55;96;N/A
ID-#04469-I!;2026-10-25;West;Westview Hospital;ER;87;99;99
ID-#06063-L!;2026-10-20;North;Northern Medical;ICU;-;99;112
ID-#00162-X!;2026-10-24;Waterfront;Bayview Hospital;General;83;100;83
**ID_03335?U;2026-10-28;Waterfront;Bayview Hospital;ICU;59;99;81
ID-#06378-Q!;2026-10-27;Waterfront;Bayview Hospital;Observation;79;94;N/A
ID-#00040-X!;2026-10-05;Industrial;Workers Health Center;ICU;35;97;98
ID-#07591-S!;2026-10-26;East;Eastern Health;General;32;85;104
ID-#07446-J!;2026-10-16;Waterfront;Bayview Hospital;Observation;28;97;113
ID-#00357-O!;2026-10-19;East;East Point Med;General;42;92;108
ID-#00487-W!;2026-10-29;East;East Point Med;ER;37;81;104
ID-#06991-R!;2026-10-20;North;Northside Clinic;Observation;48;94;118
ID-#04935-E!;2026-10-24;North;Northern Medical;Observation;55;97;119
ID-#00852-K!;2026-10-24;West;Westview Hospital;General;36;93;86
ID-#03269-J!;2026-10-21;Industrial;Workers Health Center;ER;82;86;110
ID-#02195-C!;2026-10-25;East;Eastern Health;ICU;43;91;85
ID-#07805-U!;2026-10-13;Central;Central Care;ICU;36;100;96
ID-#06978-L!;2026-10-14;Industrial;Workers Health Center;General;89;100;108
**ID_06593?N;2026-10-10;Central;Metropolis General;ICU;37;99;95
ID-#07573-J!;2026-10-24;South;South Park Hospital;Observation;82;100;90
ID-#07959-F!;2026-10-21;South;South Park Hospital;ER;63;95;N/A
ID-#03326-C!;2026-10-22;East;East Point Med;ICU;90;89;104
ID-#01779-V!;2026-10-10;Waterfront;Bayview Hospital;ICU;80;100;80
ID-#07609-C!;2026-10-22;Industrial;Workers Health Center;General;50;81;93
ID-#02614-M!;2026-10-17;Waterfront;Bayview Hospital;ICU;34;100;77
ID-#00672-B!;2026-10-21;South;South Park Hospital;General;20;97;70
ID-#05975-O!;2026-10-23;South;South Park Hospital;ICU;-;95;82
ID-#04238-L!;2026-10-22;Waterfront;Bayview Hospital;General;37;100;94
ID-#05812-U!;2026-10-24;Waterfront;Bayview Hospital;ICU;49;97;114
ID-#05068-J!;2026-10-14;Industrial;Industrial Med;ICU;34;99;109
ID-#02892-S!;2026-10-07;Industrial;Industrial Med;ICU;77;93;73
ID-#08391-S!;2026-10-09;Central;Central Care;General;82;96;100
ID-#08072-W!;2026-10-24;Industrial;Workers Health Center;ICU;84;90;73
ID-#05784-I!;2026-10-05;East;East Point Med;General;47;94;95
**ID_06589?C;2026-10-14;Waterfront;Bayview Hospital;General;64;95;111
ID-#00108-D!;2026-10-31;Central;Metropolis General;ICU;26;95;114
ID-#00385-U!;2026-10-05;North;Northside Clinic;ICU;20;97;109
ID-#01505-X!;2026-10-17;Industrial;Industrial Med;General;43;94;98
ID-#03488-J!;2026-10-20;Industrial;Workers Health Center;ICU;51;81;95
ID-#03630-E!;2026-10-22;West;Westview Hospital;ICU;84;98;81
ID-#08051-F!;2026-10-31;East;Eastern Health;ER;62;90;72
ID-#03241-Z!;2026-10-19;North;Northern Medical;ICU;20;-;99
ID-#06106-A!;2026-10-10;West;Westview Hospital;ICU;20;95;70
**ID_00892?O;2026-10-15;North;Northern Medical;ER;62;94;94
ID-#07640-Z!;2026-10-20;Industrial;Workers Health Center;ER;21;86;89
ID-#04381-S!;2026-10-25;Central;Metropolis General;General;31;99;87
ID-#00484-M!;2026-10-28;East;Eastern Health;ICU;46;81;103
ID-#08101-I!;2026-10-12;South;South Park Hospital;ER;65;97;103
ID-#02555-F!;2026-10-21;West;Westview Hospital;ER;59;99;116
ID-#03978-A!;2026-10-25;Waterfront;Bayview Hospital;ER;22;95;119
ID-#03990-H!;2026-10-26;East;Eastern Health;ICU;58;91;79
ID-#06146-X!;2026-10-30;Waterfront;Bayview Hospital;General;26;94;90
ID-#04022-O!;2026-10-19;North;Northside Clinic;ER;33;98;101
ID-#06558-A!;2026-10-19;West;Westview Hospital;ER;57;96;82
ID-#03229-W!;2026-10-20;Central;Central Care;Observation;67;95;87
ID-#06195-L!;2026-10-12;South;South Park Hospital;ER;90;95;84
ID-#08196-Q!;2026-10-28;North;Northside Clinic;General;42;96;86
ID-#02496-C!;2026-10-11;East;Eastern Health;General;52;100;72
ID-#05600-A!;2026-10-02;South;South Park Hospital;General;63;100;111
ID-#05426-O!;2026-10-26;North;Northern Medical;General;52;94;N/A
ID-#02453-Z!;2026-10-21;Waterfront;Bayview Hospital;Observation;57;96;117
ID-#02616-V!;2026-10-24;Industrial;Workers Health Center;Observation;79;91;105
ID-#02009-A!;2026-10-23;South;South Park Hospital;General;41;98;99
ID-#01859-Z!;2026-10-21;South;South Park Hospital;General;-;96;89
**ID_03550?W;2026-10-23;West;Westview Hospital;ER;21;98;76
ID-#01226-T!;2026-10-06;North;Northside Clinic;ER;80;93;99
ID-#04172-H!;2026-10-04;Waterfront;Bayview Hospital;ER;25;96;71
ID-#01953-X!;2026-10-20;Central;Central Care;ER;26;94;78
ID-#05744-I!;2026-10-04;Industrial;Workers Health Center;ER;61;100;92
ID-#07996-E!;2026-10-21;East;East Point Med;General;61;89;90
ID-#04673-Q!;2026-10-13;West;Westview Hospital;ER;75;94;77
ID-#06541-Z!;2026-10-13;West;Westview Hospital;Observation;72;99;97
ID-#01258-P!;2026-10-25;South;South Park Hospital;ER;33;95;75
ID-#00730-L!;2026-10-23;North;Northside Clinic;ER;-;94;N/A
**ID_04636?M;2026-10-28;North;Northern Medical;ER;88;99;84
ID-#05587-F!;2026-10-21;South;South Park Hospital;ER;82;94;N/A
ID-#01760-X!;2026-10-26;East;Eastern Health;ER;64;81;95
ID-#07981-M!;2026-10-24;Industrial;Workers Health Center;ER;42;92;120
ID-#07445-A!;2026-10-25;North;Northern Medical;General;50;96;84
ID-#02455-X!;2026-10-13;North;Northern Medical;General;-;95;114
ID-#03918-R!;2026-10-23;East;Eastern Health;ICU;79;91;95
ID-#06875-H!;2026-10-05;East;Eastern Health;ICU;19;97;94
ID-#02323-O!;2026-10-08;South;South Park Hospital;ER;36;100;82
**ID_04247?M;2026-10-20;East;East Point Med;ICU;73;90;80
**ID_02410?P;2026-10-31;Waterfront;Bayview Hospital;ICU;58;99;80
ID-#08477-R!;2026-10-24;Waterfront;Bayview Hospital;ER;46;95;88
ID-#01407-N!;2026-10-09;Industrial;Workers Health Center;General;51;98;84
ID-#07682-Q!;2026-10-26;West;Westview Hospital;ER;24;98;77
ID-#08452-P!;2026-10-21;North;Northside Clinic;ICU;77;97;82
ID-#00911-C!;2026-10-25;Industrial;Workers Health Center;General;46;87;70
ID-#03646-U!;2026-10-10;Central;Central Care;ER;36;96;80
ID-#01677-D!;2026-10-24;South;South Park Hospital;General;-;-;93
ID-#06988-Q!;2026-10-21;West;Westview Hospital;ER;53;98;96
ID-#05912-Q!;2026-10-22;North;Northside Clinic;Observation;63;99;105
ID-#03884-G!;2026-10-16;East;Eastern Health;ER;62;95;114
ID-#02548-O!;2026-10-26;Waterfront;Bayview Hospital;ER;90;-;120
ID-#02909-Y!;2026-10-29;Waterfront;Bayview Hospital;ER;41;94;72
ID-#04953-S!;2026-10-23;Central;Metropolis General;ER;89;100;72
ID-#01933-W!;2026-10-20;North;Northern Medical;ER;25;96;97
ID-#07453-T!;2026-10-09;Central;Central Care;ICU;56;95;103
ID-#05891-F!;2026-10-23;Industrial;Industrial Med;ER;61;-;97
**ID_03889?M;2026-10-12;Waterfront;Bayview Hospital;ER;85;99;107
ID-#01088-U!;2026-10-06;Central;Central Care;General;61;100;73
**ID_02518?L;2026-10-15;Waterfront;Bayview Hospital;ER;29;97;116
ID-#07254-U!;2026-10-21;North;Northern Medical;ER;90;93;74
ID-#06406-U!;2026-10-06;Waterfront;Bayview Hospital;ICU;44;97;106
ID-#04055-G!;2026-10-19;East;East Point Med;General;45;85;114
ID-#02058-E!;2026-10-07;West;Westview Hospital;General;30;99;96
ID-#03075-A!;2026-10-10;Industrial;Industrial Med;General;84;94;70
ID-#07841-S!;2026-10-30;North;Northern Medical;General;69;98;89
**ID_05109?A;2026-10-19;West;Westview Hospital;ER;43;100;81
ID-#06085-L!;2026-10-21;Waterfront;Bayview Hospital;ER;89;98;96
ID-#01662-P!;2026-10-22;South;South Park Hospital;General;34;96;76
ID-#04809-R!;2026-10-12;North;Northern Medical;General;55;-;93
ID-#03102-F!;2026-10-26;Waterfront;Bayview Hospital;ER;90;98;105
**ID_01660?U;2026-10-29;West;Westview Hospital;ER;80;99;73
**ID_06320?L;2026-10-05;West;Westview Hospital;General;75;95;111
ID-#07719-D!;2026-10-26;East;East Point Med;General;82;83;85
ID-#06228-L!;2026-10-22;Central;Metropolis General;ICU;59;95;114
ID-#04357-S!;2026-10-20;North;Northern Medical;Observation;61;99;78
ID-#04196-Y!;2026-10-20;Industrial;Industrial Med;ER;88;92;96
ID-#04314-Y!;2026-10-20;Industrial;Industrial Med;General;40;-;96
ID-#04129-P!;2026-10-19;North;Northside Clinic;ICU;78;99;82
ID-#00005-G!;2026-10-08;North;Northside Clinic;ER;55;97;100
**ID_01880?Z;2026-10-31;South;South Park Hospital;ER;78;99;107
ID-#06060-Y!;2026-10-07;East;Eastern Health;ER;30;96;93
ID-#00233-G!;2026-10-24;Central;Metropolis General;ICU;46;100;103
ID-#01982-T!;2026-10-25;East;East Point Med;Observation;87;89;97
ID-#03062-G!;2026-10-19;Industrial;Industrial Med;ER;90;86;N/A
ID-#05856-H!;2026-10-27;West;Westview Hospital;ER;75;100;80
ID-#07801-F!;2026-10-21;South;South Park Hospital;General;19;100;101
ID-#08096-Y!;2026-10-31;East;Eastern Health;ICU;84;80;77
ID-#02286-R!;2026-10-10;Industrial;Industrial Med;ICU;18;-;84
ID-#06903-L!;2026-10-22;North;Northside Clinic;General;32;99;101
ID-#06292-B!;2026-10-20;North;Northern Medical;ICU;23;96;73
ID-#07403-Z!;2026-10-06;South;South Park Hospital;General;89;100;72
ID-#04521-S!;2026-10-21;Central;Central Care;ER;25;98;91
ID-#02173-X!;2026-10-25;South;South Park Hospital;ER;69;99;120
ID-#01793-D!;2026-10-22;East;Eastern Health;General;80;84;N/A
ID-#01436-O!;2026-10-25;South;South Park Hospital;General;38;95;74
ID-#04909-M!;2026-10-20;South;South Park Hospital;Observation;73;96;110
ID-#07388-O!;2026-10-20;South;South Park Hospital;ER;83;100;110
ID-#02994-Z!;2026-10-31;Central;Metropolis General;ICU;59;96;116
ID-#07110-R!;2026-10-23;Central;Central Care;Observation;35;97;72
ID-#02247-W!;2026-10-11;East;East Point Med;ER;49;97;89
ID-#05402-Y!;2026-10-25;South;South Park Hospital;ER;34;-;110
ID-#00179-Z!;2026-10-25;Industrial;Workers Health Center;General;76;87;86
ID-#07595-N!;2026-10-23;South;South Park Hospital;General;40;95;77
**ID_03073?E;2026-10-11;South;South Park Hospital;General;84;-;71
ID-#05673-K!;2026-10-30;Waterfront;Bayview Hospital;General;73;93;93
ID-#05922-S!;2026-10-07;North;Northern Medical;ICU;59;98;117
ID-#08032-B!;2026-10-26;Industrial;Workers Health Center;ER;21;-;93
ID-#06542-A!;2026-10-02;North;Northern Medical;General;-;93;80
ID-#07137-C!;2026-10-19;East;East Point Med;ICU;37;85;111
ID-#02059-T!;2026-10-26;Industrial;Workers Health Center;ER;-;81;83
**ID_05385?L;2026-10-19;Waterfront;Bayview Hospital;General;85;93;71
ID-#02880-M!;2026-10-23;East;East Point Med;ICU;61;88;109
ID-#05006-B!;2026-10-02;Industrial;Industrial Med;ICU;64;94;117
ID-#06780-G!;2026-10-19;West;Westview Hospital;ICU;25;94;71
ID-#08425-G!;2026-10-28;Central;Central Care;ER;-;95;90
ID-#05790-Q!;2026-10-22;Industrial;Workers Health Center;Observation;40;91;74
**ID_00089?L;2026-10-26;Central;Metropolis General;ER;30;99;103
ID-#07656-G!;2026-10-02;East;East Point Med;ER;30;98;88
ID-#02329-N!;2026-10-23;Central;Central Care;ER;79;95;71
ID-#05346-S!;2026-10-19;South;South Park Hospital;ER;55;94;113
**ID_04774?Q;2026-10-21;Central;Metropolis General;ICU;26;98;73
ID-#08323-R!;2026-10-19;East;East Point Med;ER;84;87;109
ID-#01495-W!;2026-10-06;South;South Park Hospital;ER;35;99;94
**ID_00917?B;2026-10-23;East;Eastern Health;ER;90;90;94
ID-#05893-O!;2026-10-08;West;Westview Hospital;ICU;42;95;82
ID-#05148-S!;2026-10-13;North;Northside Clinic;General;86;99;74
ID-#08124-D!;2026-10-21;Waterfront;Bayview Hospital;ER;42;95;92
ID-#05833-I!;2026-10-21;Central;Central Care;ER;77;-;86
ID-#04795-V!;2026-10-23;East;East Point Med;ER;62;83;115
ID-#00410-O!;2026-10-28;Waterfront;Bayview Hospital;ER;-;95;111
ID-#06184-Y!;2026-10-25;Central;Central Care;ER;20;99;93
ID-#00045-J!;2026-10-25;East;East Point Med;ER;78;85;104
ID-#02978-J!;2026-10-25;West;Westview Hospital;General;89;-;117
ID-#04397-H!;2026-10-21;Central;Metropolis General;ER;18;96;93
ID-#04258-I!;2026-10-25;Industrial;Industrial Med;ICU;88;83;108
ID-#00675-E!;2026-10-21;South;South Park Hospital;ER;54;93;84
ID-#00532-D!;2026-10-27;South;South Park Hospital;General;41;95;84
ID-#07834-O!;2026-10-26;Waterfront;Bayview Hospital;General;56;98;107
ID-#04613-Q!;2026-10-15;Waterfront;Bayview Hospital;General;23;100;106
ID-#04734-X!;2026-10-23;South;South Park Hospital;ICU;59;100;N/A
ID-#00983-Y!;2026-10-19;North;Northside Clinic;ER;23;94;N/A
ID-#06061-Z!;2026-10-28;Waterfront;Bayview Hospital;ER;34;99;96
ID-#04919-D!;2026-10-04;Central;Central Care;ICU;33;96;115
ID-#00747-Q!;2026-10-03;South;South Park Hospital;ICU;66;94;91
ID-#03424-H!;2026-10-26;South;South Park Hospital;ICU;67;-;108
ID-#04158-Y!;2026-10-15;North;Northern Medical;General;66;95;89
ID-#01641-H!;2026-10-22;Industrial;Workers Health Center;ER;84;90;106
ID-#06350-Y!;2026-10-29;Industrial;Workers Health Center;Observation;45;86;106
ID-#04965-G!;2026-10-19;North;Northern Medical;ER;27;99;117
**ID_07255?Q;2026-10-25;South;South Park Hospital;General;55;97;80
ID-#06775-H!;2026-10-18;East;East Point Med;ER;31;95;88
ID-#05526-Z!;2026-10-29;South;South Park Hospital;ER;56;94;71
ID-#00765-N!;2026-10-24;North;Northern Medical;ER;49;99;75
ID-#04871-U!;2026-10-20;West;Westview Hospital;ICU;58;96;86
ID-#00200-E!;2026-10-06;South;South Park Hospital;ER;50;97;87
ID-#04402-P!;2026-10-21;North;Northside Clinic;ICU;51;99;112
ID-#03107-J!;2026-10-26;North;Northside Clinic;General;56;95;111
ID-#07995-O!;2026-10-13;Industrial;Industrial Med;ER;32;99;79
ID-#08491-L!;2026-10-11;Industrial;Industrial Med;ER;81;96;104
ID-#02371-Y!;2026-10-20;Waterfront;Bayview Hospital;Observation;50;98;94
ID-#02593-S!;2026-10-25;Industrial;Workers Health Center;General;27;91;74
ID-#01894-J!;2026-10-22;Industrial;Industrial Med;ER;21;87;88
ID-#02254-U!;2026-10-26;South;South Park Hospital;General;66;-;113
ID-#04779-U!;2026-10-30;West;Westview Hospital;ER;22;97;86
**ID_03866?G;2026-10-30;Central;Metropolis General;General;89;93;106
ID-#05284-X!;2026-10-03;South;South Park Hospital;Observation;41;94;95
ID-#01128-T!;2026-10-08;East;Eastern Health;ICU;46;99;73
ID-#02191-V!;2026-10-23;South;South Park Hospital;ER;60;94;116
**ID_01718?K;2026-10-06;Industrial;Industrial Med;General;70;93;117
ID-#06796-Q!;2026-10-31;East;East Point Med;Observation;86;80;97
ID-#00583-M!;2026-10-16;Waterfront;Bayview Hospital;ER;62;94;98
ID-#06216-M!;2026-10-17;Industrial;Workers Health Center;ER;38;98;109
ID-#05403-P!;2026-10-22;West;Westview Hospital;ER;64;97;86
ID-#01322-F!;2026-10-12;Industrial;Workers Health Center;General;22;99;72
ID-#04775-F!;2026-10-22;Industrial;Industrial Med;General;74;82;71
ID-#03484-C!;2026-10-09;North;Northern Medical;General;89;95;81
**ID_05917?K;2026-10-22;West;Westview Hospital;ER;83;93;88
ID-#05958-W!;2026-10-05;South;South Park Hospital;Observation;47;97;119
ID-#03608-M!;2026-10-22;Central;Metropolis General;ICU;44;96;94
ID-#04691-E!;2026-10-16;Industrial;Workers Health Center;General;55;97;90
ID-#07684-I!;2026-10-15;Central;Central Care;ICU;61;99;91
ID-#07000-Z!;2026-10-18;Waterfront;Bayview Hospital;General;25;95;85
ID-#01724-D!;2026-10-03;Waterfront;Bayview Hospital;ER;88;97;N/A
**ID_01897?U;2026-10-09;Waterfront;Bayview Hospital;General;49;93;71
ID-#05624-X!;2026-10-09;South;South Park Hospital;ICU;44;100;75
ID-#06621-T!;2026-10-21;Industrial;Workers Health Center;ICU;76;89;74
**ID_07699?Y;2026-10-19;Industrial;Workers Health Center;ER;-;89;118
ID-#07288-O!;2026-10-19;North;Northside Clinic;ICU;72;94;82
ID-#03975-M!;2026-10-17;Industrial;Workers Health Center;ER;59;93;71
ID-#00072-Z!;2026-10-18;North;Northern Medical;General;41;100;99
ID-#08221-V!;2026-10-25;Central;Central Care;ER;46;97;82
ID-#00170-R!;2026-10-23;West;Westview Hospital;ER;64;100;N/A
ID-#02231-K!;2026-10-17;East;East Point Med;General;35;100;72
ID-#00942-R!;2026-10-21;East;East Point Med;General;64;91;71
ID-#02652-X!;2026-10-26;Industrial;Workers Health Center;General;82;86;118
ID-#06976-H!;2026-10-25;Central;Central Care;ER;67;96;101
ID-#07353-O!;2026-10-07;West;Westview Hospital;ER;-;99;113
ID-#05703-P!;2026-10-17;South;South Park Hospital;ER;24;99;117
ID-#04815-Y!;2026-10-24;South;South Park Hospital;Observation;79;95;78
ID-#05948-K!;2026-10-21;West;Westview Hospital;Observation;77;97;87
ID-#01276-X!;2026-10-11;North;Northside Clinic;General;23;93;73
ID-#01703-F!;2026-10-17;Industrial;Workers Health Center;General;83;98;106
ID-#00697-Z!;2026-10-19;West;Westview Hospital;General;24;97;86
ID-#02869-T!;2026-10-24;West;Westview Hospital;ICU;66;98;72
ID-#01089-J!;2026-10-23;Central;Metropolis General;General;19;100;74
ID-#04646-E!;2026-10-04;North;Northern Medical;General;-;93;116
ID-#05123-T!;2026-10-12;South;South Park Hospital;ICU;89;95;98
ID-#06746-F!;2026-10-27;West;Westview Hospital;General;-;94;73
ID-#03154-Y!;2026-10-22;East;East Point Med;Observation;69;88;N/A
ID-#05684-P!;2026-10-06;South;South Park Hospital;ER;84;98;99
ID-#08224-Y!;2026-10-17;Central;Central Care;ICU;86;97;87
ID-#04060-S!;2026-10-22;Central;Central Care;General;36;100;96
ID-#03168-L!;2026-10-04;Industrial;Workers Health Center;General;60;98;91
**ID_00898?S;2026-10-20;Waterfront;Bayview Hospital;ICU;64;93;119
**ID_05468?X;2026-10-22;North;Northern Medical;General;55;95;N/A
ID-#07347-K!;2026-10-19;North;Northside Clinic;Observation;24;95;77
ID-#06653-N!;2026-10-02;East;Eastern Health;ER;80;96;78
ID-#07228-J!;2026-10-21;East;Eastern Health;ER;68;80;76
ID-#06714-Y!;2026-10-15;North;Northside Clinic;Observation;88;97;90
ID-#04106-A!;2026-10-26;South;South Park Hospital;ER;80;100;115
ID-#00688-P!;2026-10-26;South;South Park Hospital;ER;80;93;94
ID-#01123-O!;2026-10-08;Waterfront;Bayview Hospital;ICU;28;93;119
ID-#05665-X!;2026-10-07;East;East Point Med;ICU;68;94;71
**ID_08045?P;2026-10-21;North;Northside Clinic;General;42;96;71
ID-#06359-N!;2026-10-18;East;East Point Med;ICU;73;99;120
ID-#01991-X!;2026-10-26;Waterfront;Bayview Hospital;ER;70;93;107
ID-#06482-V!;2026-10-05;North;Northside Clinic;ER;26;93;84
ID-#06764-H!;2026-10-16;Industrial;Industrial Med;ER;82;95;94
**ID_01604?W;2026-10-19;Industrial;Industrial Med;General;30;91;101
ID-#02709-Q!;2026-10-21;Central;Central Care;General;60;98;86
ID-#04387-C!;2026-10-29;Waterfront;Bayview Hospital;ICU;24;93;108
**ID_00226?U;2026-10-24;East;East Point Med;ICU;67;82;106
ID-#07427-F!;2026-10-16;Central;Metropolis General;ICU;66;97;97
**ID_02075?K;2026-10-21;Industrial;Industrial Med;ER;85;85;106
**ID_08422?C;2026-10-12;Central;Central Care;ICU;56;93;103
ID-#07263-J!;2026-10-20;North;Northern Medical;ER;80;95;92
ID-#02785-F!;2026-10-24;Central;Metropolis General;ER;53;95;85
ID-#05011-L!;2026-10-22;Waterfront;Bayview Hospital;ER;56;94;N/A
ID-#06535-R!;2026-10-25;Waterfront;Bayview Hospital;General;74;95;116
ID-#05336-Q!;2026-10-25;Waterfront;Bayview Hospital;ICU;85;98;119
ID-#03916-Q!;2026-10-21;North;Northern Medical;General;60;100;98
ID-#06343-Z!;2026-10-26;South;South Park Hospital;ER;59;99;78
ID-#07910-Y!;2026-10-20;East;East Point Med;ER;61;82;96
**ID_07811?U;2026-10-17;West;Westview Hospital;ER;34;94;103
ID-#06185-K!;2026-10-22;West;Westview Hospital;ER;64;-;96
ID-#01302-D!;2026-10-16;Waterfront;Bayview Hospital;Observation;28;94;97
ID-#05565-B!;2026-10-08;Industrial;Workers Health Center;ER;71;100;73
ID-#07243-K!;2026-10-20;East;East Point Med;ER;64;90;113
ID-#07870-E!;2026-10-19;North;Northside Clinic;ICU;32;93;113
ID-#00232-X!;2026-10-15;Waterfront;Bayview Hospital;ER;37;95;74
ID-#00103-K!;2026-10-10;North;Northern Medical;ER;62;99;78
ID-#01563-W!;2026-10-30;North;Northern Medical;Observation;54;95;77
ID-#06932-Q!;2026-10-22;Waterfront;Bayview Hospital;ER;28;100;102
ID-#06633-B!;2026-10-24;East;East Point Med;ER;79;84;70
ID-#02263-U!;2026-10-26;Industrial;Industrial Med;ER;83;86;99
ID-#03797-B!;2026-10-25;Central;Central Care;ICU;84;95;85
ID-#07395-B!;2026-10-12;Waterfront;Bayview Hospital;ER;-;94;110
ID-#02604-H!;2026-10-02;Industrial;Workers Health Center;ER;69;93;113
ID-#05867-L!;2026-10-22;Central;Central Care;ER;43;95;111
ID-#03707-B!;2026-10-22;Central;Metropolis General;ICU;47;93;82
ID-#06658-D!;2026-10-23;East;Eastern Health;ER;-;87;106
ID-#03528-N!;2026-10-05;West;Westview Hospital;ICU;37;98;85
ID-#07603-V!;2026-10-07;North;Northside Clinic;General;81;98;81
**ID_04561?Y;2026-10-08;North;Northern Medical;ER;84;98;90
ID-#04619-M!;2026-10-21;Waterfront;Bayview Hospital;ICU;39;93;120
ID-#05151-K!;2026-10-19;South;South Park Hospital;Observation;-;-;74
ID-#02091-Z!;2026-10-19;South;South Park Hospital;Observation;76;95;99
ID-#01368-Q!;2026-10-02;Central;Central Care;General;52;98;112
ID-#01791-B!;2026-10-16;Waterfront;Bayview Hospital;General;59;97;110
ID-#03903-U!;2026-10-30;North;Northside Clinic;ER;61;96;77
ID-#03987-B!;2026-10-22;North;Northside Clinic;General;39;97;119
**ID_05778?I;2026-10-06;Central;Central Care;ER;85;96;85
ID-#01153-R!;2026-10-25;Central;Central Care;Observation;21;95;95
ID-#05074-B!;2026-10-23;North;Northern Medical;Observation;85;100;77
ID-#01543-F!;2026-10-17;North;Northside Clinic;ER;80;93;102
ID-#08396-Y!;2026-10-25;South;South Park Hospital;General;63;98;84
ID-#03283-I!;2026-10-23;North;Northern Medical;ICU;39;100;78
ID-#00968-O!;2026-10-23;West;Westview Hospital;ICU;18;93;94
ID-#00378-S!;2026-10-22;West;Westview Hospital;ER;78;93;82
ID-#02105-Q!;2026-10-23;Industrial;Industrial Med;General;39;91;91
ID-#00158-H!;2026-10-02;South;South Park Hospital;ICU;60;100;71
ID-#05711-U!;2026-10-24;West;Westview Hospital;ER;27;99;97
ID-#00168-J!;2026-10-23;Central;Central Care;General;21;96;87
ID-#04902-T!;2026-10-21;East;Eastern Health;ER;18;84;71
ID-#06954-L!;2026-10-25;Industrial;Industrial Med;ER;29;-;70
ID-#05014-S!;2026-10-21;North;Northside Clinic;General;35;100;110
ID-#00001-S!;2026-10-12;North;Northern Medical;ER;63;93;79
ID-#02355-C!;2026-10-25;Central;Metropolis General;ER;28;97;73
ID-#04893-S!;2026-10-21;East;Eastern Health;General;51;84;80
ID-#03773-G!;2026-10-02;Industrial;Workers Health Center;ER;74;98;N/A
ID-#02170-I!;2026-10-27;South;South Park Hospital;General;55;95;113
ID-#03888-E!;2026-10-24;North;Northside Clinic;ER;41;99;107
ID-#03162-M!;2026-10-05;Central;Central Care;ER;79;96;82
ID-#04201-O!;2026-10-20;Industrial;Workers Health Center;ER;69;87;101
ID-#02960-A!;2026-10-24;South;South Park Hospital;ICU;-;97;107
ID-#00216-D!;2026-10-23;East;Eastern Health;General;68;87;92
ID-#01410-Y!;2026-10-04;North;Northern Medical;ICU;41;97;111
ID-#02801-C!;2026-10-25;East;Eastern Health;ER;79;90;101
ID-#06544-T!;2026-10-20;Waterfront;Bayview Hospital;General;27;99;109
**ID_07319?Y;2026-10-22;Waterfront;Bayview Hospital;ICU;26;100;79
**ID_06026?Z;2026-10-26;East;Eastern Health;Observation;41;80;72
ID-#08121-X!;2026-10-17;North;Northern Medical;ER;85;99;88
ID-#05696-W!;2026-10-21;North;Northside Clinic;General;42;96;79
ID-#00655-B!;2026-10-17;West;Westview Hospital;ER;77;99;108
ID-#04733-X!;2026-10-20;Industrial;Industrial Med;ER;61;91;N/A
ID-#05739-Z!;2026-10-13;West;Westview Hospital;ICU;18;98;74
ID-#02687-B!;2026-10-24;Waterfront;Bayview Hospital;General;87;95;110
ID-#08004-E!;2026-10-26;East;East Point Med;ICU;82;80;115
ID-#02127-H!;2026-10-25;East;Eastern Health;ICU;36;86;119
ID-#05394-Q!;2026-10-19;Waterfront;Bayview Hospital;ICU;80;99;92
**ID_01526?P;2026-10-25;East;East Point Med;ER;70;85;84
ID-#05379-A!;2026-10-21;South;South Park Hospital;General;36;97;85
ID-#03813-E!;2026-10-19;West;Westview Hospital;ICU;43;-;70
ID-#06169-A!;2026-10-18;South;South Park Hospital;General;25;95;110
**ID_05721?I;2026-10-13;South;South Park Hospital;General;29;97;81
**ID_08014?I;2026-10-19;Waterfront;Bayview Hospital;ICU;44;99;86
ID-#04242-Y!;2026-10-28;South;South Park Hospital;ER;43;94;90
ID-#02088-H!;2026-10-06;South;South Park Hospital;ER;78;97;99
ID-#03406-L!;2026-10-26;North;Northern Medical;ICU;-;99;80
ID-#01343-J!;2026-10-25;South;South Park Hospital;ER;30;98;91
ID-#07166-D!;2026-10-22;Central;Metropolis General;ICU;21;99;76
ID-#05153-P!;2026-10-12;Central;Metropolis General;General;56;99;109
**ID_01895?X;2026-10-27;Industrial;Workers Health Center;ICU;71;88;78
ID-#02357-D!;2026-10-28;East;East Point Med;ER;55;88;119
ID-#03720-W!;2026-10-14;Waterfront;Bayview Hospital;ER;32;93;99
ID-#03826-U!;2026-10-19;East;East Point Med;ER;80;81;114
ID-#00172-L!;2026-10-22;Waterfront;Bayview Hospital;ER;62;97;87
ID-#02799-K!;2026-10-21;Waterfront;Bayview Hospital;ER;-;97;89
ID-#01889-E!;2026-10-20;Central;Metropolis General;General;36;99;100
ID-#02953-Z!;2026-10-22;West;Westview Hospital;ER;47;93;84
ID-#03427-P!;2026-10-02;West;Westview Hospital;ER;75;99;104
ID-#04112-R!;2026-10-22;Waterfront;Bayview Hospital;ICU;81;94;110
ID-#05765-Y!;2026-10-19;Waterfront;Bayview Hospital;General;31;96;106
ID-#01725-Z!;2026-10-08;North;Northern Medical;ER;61;94;92
ID-#02792-Y!;2026-10-26;East;East Point Med;ER;46;81;99
ID-#04788-M!;2026-10-27;Central;Metropolis General;Observation;51;98;117
ID-#02332-R!;2026-10-21;Industrial;Industrial Med;ICU;46;83;87
ID-#03969-F!;2026-10-22;North;Northern Medical;ER;44;94;104
ID-#05903-S!;2026-10-17;Waterfront;Bayview Hospital;ER;80;93;70
ID-#04739-W!;2026-10-16;Waterfront;Bayview Hospital;ER;60;98;105
ID-#07607-H!;2026-10-23;Industrial;Workers Health Center;General;47;-;114
ID-#05737-S!;2026-10-02;Waterfront;Bayview Hospital;ER;67;96;93
ID-#02541-B!;2026-10-23;North;Northern Medical;ER;21;97;79
ID-#04068-Q!;2026-10-29;Waterfront;Bayview Hospital;General;27;95;108
ID-#04474-Q!;2026-10-20;East;Eastern Health;General;42;-;116
ID-#05038-X!;2026-10-22;Central;Metropolis General;General;62;96;81
ID-#08284-W!;2026-10-19;South;South Park Hospital;ER;78;95;107
ID-#08266-X!;2026-10-24;Waterfront;Bayview Hospital;ER;72;97;92
ID-#01195-W!;2026-10-05;East;East Point Med;ICU;65;97;71
ID-#02333-G!;2026-10-16;West;Westview Hospital;ER;89;98;107
ID-#03651-Z!;2026-10-28;East;East Point Med;ER;33;-;N/A
ID-#02868-A!;2026-10-15;Central;Central Care;ICU;79;93;87
ID-#03060-Y!;2026-10-30;East;Eastern Health;ER;26;84;118
ID-#05137-H!;2026-10-16;East;Eastern Health;Observation;74;93;72
**ID_01739?A;2026-10-19;South;South Park Hospital;General;22;96;101
ID-#04967-H!;2026-10-24;West;Westview Hospital;General;67;99;70
ID-#04066-T!;2026-10-19;West;Westview Hospital;General;26;97;118
ID-#05895-P!;2026-10-22;West;Westview Hospital;Observation;74;99;103
ID-#00728-E!;2026-10-25;Waterfront;Bayview Hospital;General;-;96;111
**ID_07204?D;2026-10-25;North;Northern Medical;ER;60;94;114
ID-#06602-T!;2026-10-05;Central;Metropolis General;ICU;34;-;85
ID-#01740-Q!;2026-10-25;South;South Park Hospital;ER;35;100;82
ID-#06840-R!;2026-10-26;North;Northern Medical;ER;74;97;74
ID-#01283-O!;2026-10-03;Central;Central Care;ICU;21;99;82
ID-#07298-L!;2026-10-15;Waterfront;Bayview Hospital;ICU;79;100;99
ID-#02644-E!;2026-10-26;Waterfront;Bayview Hospital;Observation;51;100;91
ID-#00249-J!;2026-10-16;North;Northern Medical;ICU;37;94;78
ID-#02220-Y!;2026-10-07;West;Westview Hospital;ER;-;94;71
ID-#07986-O!;2026-10-20;South;South Park Hospital;General;82;99;89
ID-#06649-S!;2026-10-10;Central;Central Care;ER;27;94;115
ID-#07300-U!;2026-10-10;South;South Park Hospital;ER;68;93;82
ID-#01877-U!;2026-10-25;Waterfront;Bayview Hospital;ER;26;93;95
ID-#01741-I!;2026-10-26;North;Northside Clinic;ER;49;96;N/A
ID-#03220-Y!;2026-10-20;North;Northside Clinic;ER;68;99;106
ID-#05015-A!;2026-10-25;North;Northside Clinic;General;23;93;120
ID-#05399-X!;2026-10-30;West;Westview Hospital;ICU;82;98;75
ID-#03539-N!;2026-10-17;West;Westview Hospital;ER;58;94;111
**ID_02708?J;2026-10-24;East;East Point Med;General;66;92;110
**ID_01787?K;2026-10-24;Central;Metropolis General;ER;83;94;108
ID-#02283-V!;2026-10-20;Waterfront;Bayview Hospital;Observation;22;100;116
ID-#08382-D!;2026-10-12;North;Northside Clinic;ER;34;96;86
ID-#01899-X!;2026-10-21;Industrial;Workers Health Center;General;41;82;78
ID-#01597-U!;2026-10-21;Industrial;Industrial Med;General;82;88;86
ID-#06908-J!;2026-10-23;East;East Point Med;General;42;86;75
ID-#02065-V!;2026-10-19;East;East Point Med;ICU;47;80;91
ID-#05459-P!;2026-10-07;North;Northern Medical;ICU;64;97;75
ID-#04793-V!;2026-10-24;South;South Park Hospital;ER;31;93;113
ID-#02251-O!;2026-10-28;Waterfront;Bayview Hospital;General;44;93;75
ID-#06971-O!;2026-10-09;Industrial;Industrial Med;General;35;96;74
ID-#02479-A!;2026-10-23;Industrial;Industrial Med;General;53;84;119
ID-#05125-N!;2026-10-22;Central;Central Care;ER;29;93;111
ID-#04268-Y!;2026-10-20;Central;Metropolis General;Observation;69;100;73
ID-#07097-U!;2026-10-22;West;Westview Hospital;ER;-;97;96
ID-#02539-D!;2026-10-19;Waterfront;Bayview Hospital;General;48;97;78
ID-#06716-K!;2026-10-21;North;Northern Medical;Observation;82;100;83
ID-#03442-S!;2026-10-26;South;South Park Hospital;ICU;79;93;90
ID-#07066-N!;2026-10-26;Central;Central Care;General;70;96;93
ID-#03096-F!;2026-10-03;Waterfront;Bayview Hospital;ER;35;95;74
**ID_00857?X;2026-10-24;North;Northern Medical;General;59;95;103
ID-#01293-U!;2026-10-14;Central;Central Care;ER;37;96;77
ID-#03582-M!;2026-10-06;Central;Central Care;General;21;95;103
**ID_05448?U;2026-10-24;Central;Central Care;ER;49;99;87
ID-#06336-V!;2026-10-03;West;Westview Hospital;ER;63;100;77
ID-#06072-Q!;2026-10-04;Waterfront;Bayview Hospital;ER;36;95;104
ID-#07714-B!;2026-10-15;Industrial;Industrial Med;General;50;93;97
ID-#01552-F!;2026-10-09;East;Eastern Health;General;36;96;87
ID-#07984-P!;2026-10-21;South;South Park Hospital;General;57;97;74
ID-#00011-T!;2026-10-21;Industrial;Workers Health Center;ICU;82;82;85
ID-#03274-U!;2026-10-21;Industrial;Workers Health Center;General;83;82;103
ID-#07483-B!;2026-10-14;South;South Park Hospital;General;65;98;83
ID-#00741-K!;2026-10-19;Waterfront;Bayview Hospital;General;89;98;89
ID-#00437-N!;2026-10-23;North;Northern Medical;General;19;98;71
ID-#00315-V!;2026-10-23;East;Eastern Health;ICU;75;88;119
ID-#06538-O!;2026-10-18;South;South Park Hospital;ICU;34;94;116
ID-#02024-Y!;2026-10-26;North;Northside Clinic;ER;35;-;87
ID-#07013-Q!;2026-10-22;Industrial;Workers Health Center;General;60;81;87
ID-#07104-G!;2026-10-21;South;South Park Hospital;General;52;98;100
ID-#03169-D!;2026-10-20;Central;Central Care;ICU;85;97;110
ID-#03679-J!;2026-10-18;South;South Park Hospital;Observation;63;99;103
ID-#03113-B!;2026-10-07;South;South Park Hospital;General;30;98;116
ID-#05300-S!;2026-10-14;Waterfront;Bayview Hospital;ER;43;100;116
ID-#01071-N!;2026-10-24;North;Northside Clinic;ER;72;98;74
ID-#01377-I!;2026-10-25;North;Northside Clinic;General;43;100;116
ID-#06733-T!;2026-10-25;Central;Metropolis General;ICU;78;100;80
ID-#06845-P!;2026-10-06;Central;Metropolis General;ER;59;100;83
ID-#06928-K!;2026-10-02;Industrial;Industrial Med;ICU;45;99;105
ID-#00646-R!;2026-10-03;Waterfront;Bayview Hospital;General;68;96;90
ID-#03931-J!;2026-10-22;North;Northside Clinic;General;60;93;80
**ID_08470?E;2026-10-14;East;East Point Med;ICU;85;99;120
ID-#03574-D!;2026-10-24;Central;Metropolis General;ER;23;96;81
**ID_07655?P;2026-10-25;Waterfront;Bayview Hospital;ER;26;96;74
ID-#00027-S!;2026-10-29;East;Eastern Health;ICU;85;-;82
ID-#06773-E!;2026-10-24;East;Eastern Health;ER;66;89;93
ID-#08125-R!;2026-10-11;North;Northside Clinic;General;66;97;84
ID-#04693-G!;2026-10-19;South;South Park Hospital;General;42;93;111
ID-#01142-W!;2026-10-24;Central;Central Care;General;30;-;91
ID-#04126-P!;2026-10-24;Central;Metropolis General;ICU;62;97;88
ID-#00486-P!;2026-10-21;Waterfront;Bayview Hospital;Observation;88;93;108
ID-#00740-X!;2026-10-15;South;South Park Hospital;ICU;28;97;109
**ID_06011?M;2026-10-10;East;Eastern Health;General;70;95;N/A
ID-#08330-O!;2026-10-20;South;South Park Hospital;General;89;94;96
ID-#07139-O!;2026-10-04;Waterfront;Bayview Hospital;Observation;-;99;101
ID-#05085-G!;2026-10-21;North;Northside Clinic;ER;30;94;114
ID-#02126-T!;2026-10-25;South;South Park Hospital;ICU;22;94;93
ID-#01515-I!;2026-10-29;South;South Park Hospital;Observation;30;100;119
ID-#08357-J!;2026-10-16;Waterfront;Bayview Hospital;ER;-;97;79
ID-#08141-Z!;2026-10-02;East;Eastern Health;ER;46;99;97
ID-#02269-F!;2026-10-16;Central;Central Care;General;57;97;108
ID-#01575-G!;2026-10-21;West;Westview Hospital;ER;53;93;88
ID-#02877-X!;2026-10-10;East;Eastern Health;General;80;93;107
**ID_03345?T;2026-10-26;Industrial;Industrial Med;ICU;66;84;118
ID-#05878-J!;2026-10-13;Central;Metropolis General;ER;63;97;76
ID-#02227-L!;2026-10-25;Central;Metropolis General;ER;24;97;70
**ID_03894?H;2026-10-12;Industrial;Industrial Med;ICU;36;93;94
ID-#06229-U!;2026-10-21;South;South Park Hospital;General;31;98;104
ID-#06236-C!;2026-10-25;South;South Park Hospital;ER;63;96;80
ID-#01309-F!;2026-10-28;Central;Metropolis General;General;76;98;94
**ID_03663?A;2026-10-22;East;East Point Med;ER;26;-;107
ID-#08060-E!;2026-10-26;North;Northern Medical;ER;-;99;77
ID-#02218-B!;2026-10-15;Waterfront;Bayview Hospital;ICU;23;99;108
ID-#05524-P!;2026-10-11;Waterfront;Bayview Hospital;ER;19;100;91
ID-#01008-T!;2026-10-23;Waterfront;Bayview Hospital;ER;69;100;73
ID-#02462-T!;2026-10-22;North;Northern Medical;ER;56;97;119
ID-#02344-H!;2026-10-11;Waterfront;Bayview Hospital;ER;45;100;101
ID-#06132-M!;2026-10-14;West;Westview Hospital;ER;65;99;84
**ID_05708?D;2026-10-09;Waterfront;Bayview Hospital;ER;85;96;N/A
ID-#05078-D!;2026-10-19;Industrial;Workers Health Center;Observation;81;84;83
ID-#07189-M!;2026-10-31;Waterfront;Bayview Hospital;ICU;72;96;71
ID-#01707-U!;2026-10-19;Central;Metropolis General;ICU;19;100;111
ID-#08343-T!;2026-10-02;Industrial;Workers Health Center;General;22;96;101
ID-#00986-D!;2026-10-04;North;Northside Clinic;ICU;40;98;N/A
ID-#01596-A!;2026-10-27;Central;Central Care;ICU;60;93;111
**ID_01382?G;2026-10-02;West;Westview Hospital;ER;60;98;113
**ID_02041?S;2026-10-25;Industrial;Industrial Med;General;62;86;113
ID-#01010-Z!;2026-10-18;Industrial;Workers Health Center;ER;36;94;110
ID-#06187-Z!;2026-10-21;Central;Metropolis General;Observation;46;95;115
**ID_00227?T;2026-10-19;Waterfront;Bayview Hospital;ER;50;93;83
**ID_07264?X;2026-10-22;Waterfront;Bayview Hospital;General;66;96;106
ID-#08485-C!;2026-10-27;South;South Park Hospital;ER;74;98;73
ID-#01131-R!;2026-10-22;Central;Central Care;ICU;36;95;71
ID-#04351-K!;2026-10-15;East;East Point Med;General;35;97;107
ID-#07273-A!;2026-10-24;Central;Metropolis General;General;83;99;102
ID-#02243-Y!;2026-10-06;Industrial;Industrial Med;ICU;61;94;90
ID-#06183-O!;2026-10-21;West;Westview Hospital;General;18;95;95
ID-#03626-T!;2026-10-22;Central;Central Care;ICU;19;98;105
ID-#03736-L!;2026-10-19;South;South Park Hospital;ICU;43;93;72
ID-#07553-C!;2026-10-20;East;Eastern Health;General;81;84;104
ID-#02649-T!;2026-10-07;East;East Point Med;ICU;27;96;88
ID-#01193-B!;2026-10-20;Industrial;Workers Health Center;General;63;90;109
**ID_03125?O;2026-10-25;Central;Central Care;ER;61;98;86
ID-#07248-B!;2026-10-23;North;Northside Clinic;ER;-;99;72
ID-#07702-A!;2026-10-22;Waterfront;Bayview Hospital;ICU;-;96;110
ID-#07848-E!;2026-10-08;Industrial;Workers Health Center;ER;90;-;116
ID-#04486-B!;2026-10-20;Central;Metropolis General;ICU;18;96;116
ID-#00297-M!;2026-10-19;East;Eastern Health;ICU;70;81;102
ID-#00995-T!;2026-10-24;East;East Point Med;ER;36;88;114
ID-#00333-X!;2026-10-14;South;South Park Hospital;ICU;66;94;91
**ID_03342?V;2026-10-08;West;Westview Hospital;Observation;28;99;113
ID-#05108-C!;2026-10-26;West;Westview Hospital;ICU;21;100;106
ID-#06499-P!;2026-10-19;South;South Park Hospital;ICU;62;96;120
ID-#03536-F!;2026-10-21;Central;Metropolis General;Observation;89;95;N/A
ID-#07364-G!;2026-10-10;Industrial;Workers Health Center;General;65;94;115
ID-#04145-D!;2026-10-22;East;Eastern Health;ER;40;82;98
**ID_02215?G;2026-10-25;Waterfront;Bayview Hospital;General;40;98;92
ID-#02716-R!;2026-10-31;South;South Park Hospital;Observation;80;97;112
ID-#01325-R!;2026-10-25;North;Northside Clinic;General;39;99;89
ID-#00152-B!;2026-10-04;Central;Metropolis General;ER;59;94;98
ID-#04804-D!;2026-10-07;East;East Point Med;General;61;97;110
ID-#07469-G!;2026-10-22;Central;Central Care;General;69;94;87
ID-#02145-H!;2026-10-22;Industrial;Workers Health Center;ER;79;83;113
**ID_03584?L;2026-10-03;South;South Park Hospital;Observation;78;93;110
ID-#07269-O!;2026-10-09;South;South Park Hospital;ICU;19;98;101
ID-#03579-S!;2026-10-13;West;Westview Hospital;ER;47;100;83
ID-#00725-T!;2026-10-18;Waterfront;Bayview Hospital;ER;30;97;85
ID-#02895-E!;2026-10-26;Industrial;Industrial Med;ICU;81;83;79
**ID_07943?O;2026-10-20;West;Westview Hospital;Observation;25;96;118
ID-#02162-J!;2026-10-25;South;South Park Hospital;ER;85;99;108
ID-#06172-E!;2026-10-16;Central;Central Care;ER;76;96;96
ID-#08200-T!;2026-10-12;North;Northern Medical;General;88;93;103
ID-#03460-I!;2026-10-24;South;South Park Hospital;General;25;99;75
ID-#06677-J!;2026-10-15;West;Westview Hospital;Observation;76;93;111
ID-#00343-V!;2026-10-15;South;South Park Hospital;ER;22;100;91
ID-#02852-E!;2026-10-04;East;Eastern Health;General;89;98;80
ID-#07733-G!;2026-10-20;South;South Park Hospital;ICU;26;93;111
ID-#02598-D!;2026-10-21;Central;Metropolis General;General;50;98;75
ID-#01337-S!;2026-10-21;North;Northside Clinic;General;70;94;116
ID-#03150-A!;2026-10-22;Central;Central Care;General;41;100;89
ID-#00564-U!;2026-10-17;South;South Park Hospital;ER;25;94;81
ID-#03658-W!;2026-10-21;East;East Point Med;General;29;85;99
ID-#07776-A!;2026-10-02;North;Northside Clinic;General;33;99;110
ID-#04311-I!;2026-10-20;West;Westview Hospital;ER;63;94;114
ID-#06566-G!;2026-10-05;Industrial;Industrial Med;General;-;94;90
ID-#06469-S!;2026-10-26;East;East Point Med;General;-;88;92
ID-#07638-G!;2026-10-29;Waterfront;Bayview Hospital;General;25;95;74
ID-#03136-B!;2026-10-02;South;South Park Hospital;ER;78;99;91
ID-#00310-J!;2026-10-25;North;Northern Medical;ER;52;100;85
ID-#07796-X!;2026-10-24;Central;Central Care;ER;32;94;119
ID-#01679-C!;2026-10-23;Waterfront;Bayview Hospital;ICU;30;94;115
ID-#04627-K!;2026-10-27;Waterfront;Bayview Hospital;ICU;55;97;83
ID-#07019-G!;2026-10-12;Central;Central Care;General;29;96;97
ID-#05934-T!;2026-10-21;Industrial;Workers Health Center;General;36;91;77
ID-#01274-A!;2026-10-19;East;Eastern Health;General;81;87;108
**ID_01804?J;2026-10-11;Industrial;Industrial Med;ICU;34;95;96
ID-#06383-P!;2026-10-21;Industrial;Workers Health Center;Observation;49;82;99
ID-#07706-Y!;2026-10-02;Central;Central Care;ICU;53;100;116
ID-#03725-M!;2026-10-09;West;Westview Hospital;ICU;-;98;95
ID-#03143-L!;2026-10-26;Industrial;Workers Health Center;Observation;81;92;76
ID-#04363-U!;2026-10-21;Waterfront;Bayview Hospital;ER;68;97;73
ID-#01999-A!;2026-10-23;West;Westview Hospital;General;51;94;74
ID-#03801-Q!;2026-10-02;North;Northside Clinic;ER;39;100;71
ID-#04437-W!;2026-10-14;Central;Central Care;ER;35;93;112
ID-#00245-G!;2026-10-23;Central;Central Care;ICU;59;97;86
ID-#07833-O!;2026-10-19;Waterfront;Bayview Hospital;General;55;100;78
ID-#05306-D!;2026-10-25;Waterfront;Bayview Hospital;ICU;82;100;92
ID-#01625-W!;2026-10-24;Industrial;Workers Health Center;ICU;24;90;89
ID-#07239-B!;2026-10-26;Waterfront;Bayview Hospital;ER;-;95;75
ID-#00806-M!;2026-10-22;Waterfront;Bayview Hospital;ICU;29;100;106
ID-#05016-V!;2026-10-19;North;Northside Clinic;ICU;81;98;112
ID-#02086-N!;2026-10-21;South;South Park Hospital;ICU;76;96;106
ID-#06449-U!;2026-10-07;Central;Metropolis General;Observation;69;98;117
ID-#05380-N!;2026-10-27;Industrial;Workers Health Center;General;29;-;73
**ID_00136?X;2026-10-24;Industrial;Industrial Med;ICU;23;81;72
ID-#03935-A!;2026-10-17;West;Westview Hospital;ER;77;98;104
ID-#02769-D!;2026-10-20;North;Northside Clinic;ER;37;99;98
ID-#06590-R!;2026-10-19;East;East Point Med;General;-;88;99
ID-#00539-I!;2026-10-24;West;Westview Hospital;General;88;93;116
ID-#04266-Y!;2026-10-03;Central;Metropolis General;Observation;48;99;93
ID-#07339-M!;2026-10-21;West;Westview Hospital;ER;50;93;106
ID-#01775-T!;2026-10-21;East;Eastern Health;ICU;28;88;102
ID-#06803-P!;2026-10-04;Waterfront;Bayview Hospital;ER;64;94;85
ID-#07297-R!;2026-10-18;West;Westview Hospital;ER;56;-;98
ID-#08337-A!;2026-10-05;Industrial;Workers Health Center;General;71;98;N/A
ID-#00157-D!;2026-10-21;Waterfront;Bayview Hospital;General;79;95;92
ID-#00405-U!;2026-10-22;Waterfront;Bayview Hospital;ICU;35;94;86
**ID_01854?M;2026-10-17;South;South Park Hospital;ER;59;95;101
ID-#07875-V!;2026-10-29;North;Northern Medical;ER;89;100;108
ID-#05988-R!;2026-10-13;Central;Central Care;General;82;93;N/A
**ID_06920?X;2026-10-26;East;Eastern Health;General;79;91;98
ID-#04455-K!;2026-10-24;Central;Metropolis General;ER;47;98;116
ID-#04584-O!;2026-10-19;Industrial;Industrial Med;ER;45;80;112
ID-#01419-V!;2026-10-19;Industrial;Workers Health Center;ICU;32;84;107
ID-#04669-Z!;2026-10-24;Industrial;Workers Health Center;ER;82;86;75
ID-#01585-W!;2026-10-22;West;Westview Hospital;ER;-;98;102
**ID_01709?O;2026-10-09;East;East Point Med;Observation;-;96;86
ID-#08104-U!;2026-10-22;West;Westview Hospital;General;83;-;81
ID-#02602-V!;2026-10-26;Industrial;Industrial Med;ICU;51;90;79
ID-#01061-X!;2026-10-17;North;Northern Medical;General;78;94;89
ID-#01549-L!;2026-10-23;South;South Park Hospital;ER;66;95;86
ID-#04208-A!;2026-10-24;Industrial;Workers Health Center;General;68;80;89
ID-#06431-Z!;2026-10-20;Industrial;Industrial Med;ICU;81;91;75
ID-#04227-L!;2026-10-18;Industrial;Workers Health Center;ER;49;100;115
ID-#06893-Y!;2026-10-04;East;East Point Med;ER;44;96;90
ID-#01402-L!;2026-10-23;East;Eastern Health;General;40;88;83
ID-#00500-D!;2026-10-21;East;Eastern Health;ICU;63;89;81
ID-#00248-D!;2026-10-26;East;Eastern Health;ICU;81;80;75
ID-#03803-M!;2026-10-23;South;South Park Hospital;General;79;93;97
ID-#05792-B!;2026-10-25;North;Northside Clinic;General;63;93;93
ID-#03982-E!;2026-10-28;West;Westview Hospital;General;36;99;103
ID-#05349-E!;2026-10-05;Central;Central Care;ER;47;94;76
ID-#07145-K!;2026-10-12;West;Westview Hospital;General;48;100;84
ID-#04570-N!;2026-10-19;North;Northside Clinic;Observation;22;93;85
ID-#03403-D!;2026-10-22;South;South Park Hospital;General;68;93;119
ID-#05932-U!;2026-10-23;North;Northside Clinic;Observation;-;96;101
ID-#03253-E!;2026-10-11;East;Eastern Health;Observation;66;98;N/A
ID-#00113-F!;2026-10-03;Waterfront;Bayview Hospital;General;51;99;78
**ID_06550?D;2026-10-08;South;South Park Hospital;ER;67;94;104
ID-#05813-Y!;2026-10-20;Central;Central Care;Observation;81;98;76
ID-#01178-M!;2026-10-22;Central;Central Care;ER;73;95;82
ID-#05292-F!;2026-10-26;West;Westview Hospital;ER;47;97;70
ID-#03734-Y!;2026-10-23;South;South Park Hospital;ICU;84;97;120
ID-#00823-S!;2026-10-19;Industrial;Industrial Med;ER;-;87;84
ID-#04118-S!;2026-10-23;Central;Metropolis General;ICU;24;-;109
ID-#07596-J!;2026-10-22;North;Northern Medical;ER;37;99;72
ID-#03047-V!;2026-10-28;Waterfront;Bayview Hospital;ER;51;94;77
ID-#02338-L!;2026-10-19;West;Westview Hospital;ICU;80;98;117
ID-#01117-F!;2026-10-20;South;South Park Hospital;ICU;83;95;82
ID-#01569-Q!;2026-10-22;North;Northern Medical;ICU;46;-;88
ID-#02578-G!;2026-10-06;East;Eastern Health;ER;49;99;112
**ID_08127?F;2026-10-17;Waterfront;Bayview Hospital;ER;45;95;120
ID-#01993-M!;2026-10-24;East;Eastern Health;ER;35;81;105
ID-#02468-N!;2026-10-26;North;Northern Medical;General;32;95;101
ID-#03114-H!;2026-10-30;Waterfront;Bayview Hospital;ER;25;97;98
ID-#05633-H!;2026-10-27;West;Westview Hospital;ER;24;95;103
ID-#01273-I!;2026-10-26;Industrial;Industrial Med;General;19;85;119
ID-#08073-E!;2026-10-23;Central;Metropolis General;ER;57;95;105
ID-#01481-G!;2026-10-21;Waterfront;Bayview Hospital;General;56;93;115
**ID_01722?G;2026-10-14;Industrial;Industrial Med;General;51;94;85
ID-#04607-E!;2026-10-25;West;Westview Hospital;General;29;99;81
ID-#06829-Q!;2026-10-26;East;East Point Med;General;53;84;103
ID-#04513-V!;2026-10-08;East;East Point Med;ER;42;97;95
ID-#00863-A!;2026-10-19;Industrial;Workers Health Center;ER;58;87;95
ID-#03183-S!;2026-10-26;Industrial;Workers Health Center;ER;70;80;82
ID-#05663-Z!;2026-10-26;North;Northside Clinic;ER;71;96;81
ID-#00731-F!;2026-10-19;South;South Park Hospital;ER;88;100;119
ID-#06686-A!;2026-10-20;Waterfront;Bayview Hospital;ER;43;98;115
ID-#02653-S!;2026-10-24;Waterfront;Bayview Hospital;ICU;77;97;114
ID-#04732-D!;2026-10-22;Industrial;Industrial Med;General;-;81;116
ID-#02490-Y!;2026-10-17;Waterfront;Bayview Hospital;General;53;93;88
ID-#02685-K!;2026-10-23;South;South Park Hospital;ER;33;-;114
ID-#02545-U!;2026-10-17;South;South Park Hospital;General;58;95;89
ID-#01185-H!;2026-10-25;West;Westview Hospital;ER;72;95;77
ID-#08041-P!;2026-10-26;Central;Central Care;General;81;97;87
ID-#01070-Q!;2026-10-27;South;South Park Hospital;General;61;95;85
ID-#04335-A!;2026-10-24;Industrial;Workers Health Center;General;76;85;101
ID-#02694-U!;2026-10-17;Central;Metropolis General;General;70;100;75
**ID_02636?X;2026-10-25;Industrial;Industrial Med;ICU;70;87;72
ID-#08492-Q!;2026-10-24;Waterfront;Bayview Hospital;ER;88;100;75
ID-#01658-C!;2026-10-22;Industrial;Industrial Med;ER;72;88;83
ID-#01542-V!;2026-10-21;Industrial;Industrial Med;ER;29;88;106
ID-#00416-Z!;2026-10-10;Industrial;Workers Health Center;Observation;46;95;73
ID-#04359-X!;2026-10-23;Central;Metropolis General;ER;50;94;93
ID-#05181-B!;2026-10-26;Industrial;Industrial Med;General;79;80;105
ID-#04288-J!;2026-10-21;South;South Park Hospital;General;69;100;120
ID-#03221-T!;2026-10-29;North;Northside Clinic;ICU;-;98;75
ID-#06874-D!;2026-10-20;South;South Park Hospital;General;88;99;113
ID-#02884-D!;2026-10-19;North;Northern Medical;General;-;99;N/A
ID-#08098-W!;2026-10-06;Waterfront;Bayview Hospital;Observation;79;96;71
**ID_00967?T;2026-10-20;Central;Central Care;ER;72;94;86
ID-#07134-O!;2026-10-30;Waterfront;Bayview Hospital;ER;-;98;112
ID-#02945-C!;2026-10-19;Central;Central Care;ER;68;96;92
ID-#08195-W!;2026-10-26;Central;Metropolis General;General;62;95;115
ID-#01873-E!;2026-10-25;Industrial;Industrial Med;ER;71;86;87
**ID_07974?K;2026-10-19;East;East Point Med;ICU;46;80;105
ID-#03341-P!;2026-10-22;West;Westview Hospital;Observation;53;93;116
ID-#06582-O!;2026-10-22;Waterfront;Bayview Hospital;ER;65;94;83
ID-#07783-C!;2026-10-25;South;South Park Hospital;ER;39;96;80
ID-#04533-V!;2026-10-24;Waterfront;Bayview Hospital;ICU;-;96;113
ID-#07771-G!;2026-10-30;Waterfront;Bayview Hospital;ER;77;95;119
ID-#06494-X!;2026-10-22;South;South Park Hospital;ICU;51;94;70
**ID_01920?M;2026-10-20;South;South Park Hospital;ER;61;99;74
ID-#06082-J!;2026-10-31;Industrial;Workers Health Center;ER;25;84;86
ID-#01719-B!;2026-10-22;North;Northside Clinic;General;29;97;70
ID-#02982-I!;2026-10-21;East;East Point Med;Observation;90;84;110
ID-#07731-R!;2026-10-24;South;South Park Hospital;ER;62;97;89
ID-#05779-H!;2026-10-04;North;Northern Medical;ER;21;96;100
ID-#01910-Q!;2026-10-24;Central;Central Care;General;51;95;92
ID-#07444-F!;2026-10-05;Industrial;Workers Health Center;General;42;96;90
ID-#04983-L!;2026-10-03;Industrial;Workers Health Center;General;71;99;98
ID-#04244-L!;2026-10-28;Central;Metropolis General;ICU;30;95;109
ID-#02917-Y!;2026-10-31;North;Northside Clinic;General;67;94;90
**ID_00617?H;2026-10-21;Central;Metropolis General;ER;-;98;91
**ID_00237?M;2026-10-11;North;Northside Clinic;ER;18;97;73
ID-#00013-I!;2026-10-24;Central;Central Care;ER;71;98;97
ID-#06205-N!;2026-10-21;South;South Park Hospital;General;77;96;118
**ID_05217?R;2026-10-12;South;South Park Hospital;ICU;80;96;73
**ID_03925?B;2026-10-10;Industrial;Industrial Med;ER;44;100;82
ID-#07689-D!;2026-10-03;West;Westview Hospital;Observation;74;95;73
**ID_02912?K;2026-10-22;West;Westview Hospital;ICU;68;93;91
**ID_03751?F;2026-10-04;Central;Metropolis General;ER;76;100;78
ID-#01170-E!;2026-10-31;Industrial;Industrial Med;ER;66;90;83
ID-#02596-M!;2026-10-19;North;Northside Clinic;ICU;48;100;92
ID-#08249-Y!;2026-10-19;North;Northern Medical;Observation;20;100;108
ID-#03045-K!;2026-10-31;East;Eastern Health;Observation;70;88;87
ID-#06528-Q!;2026-10-09;Central;Central Care;ICU;44;95;82
**ID_04522?C;2026-10-27;South;South Park Hospital;ER;71;97;112
ID-#03747-R!;2026-10-29;West;Westview Hospital;ICU;63;96;82
ID-#06743-P!;2026-10-15;Waterfront;Bayview Hospital;Observation;37;94;110
ID-#05469-J!;2026-10-06;West;Westview Hospital;General;45;98;112
ID-#04621-U!;2026-10-20;West;Westview Hospital;ER;78;98;101
ID-#01169-I!;2026-10-21;North;Northside Clinic;ER;87;98;118
ID-#00070-X!;2026-10-22;Industrial;Industrial Med;General;68;85;100
ID-#05244-Z!;2026-10-06;Industrial;Industrial Med;ER;23;100;77
ID-#06103-K!;2026-10-19;East;Eastern Health;General;89;90;70
ID-#00143-B!;2026-10-27;South;South Park Hospital;ER;31;93;93
ID-#06540-P!;2026-10-15;Industrial;Workers Health Center;General;88;98;72
ID-#05730-V!;2026-10-23;Central;Metropolis General;General;61;94;104
**ID_04930?P;2026-10-23;Industrial;Workers Health Center;Observation;52;84;92
ID-#06086-A!;2026-10-11;East;Eastern Health;General;53;94;95
ID-#07887-M!;2026-10-03;South;South Park Hospital;ICU;75;99;103
ID-#06497-P!;2026-10-25;West;Westview Hospital;ER;21;98;110
ID-#02409-R!;2026-10-30;Central;Metropolis General;General;38;97;82
ID-#06605-Y!;2026-10-04;Industrial;Industrial Med;ICU;51;98;83
**ID_01050?G;2026-10-09;East;East Point Med;ER;78;-;73
ID-#04322-Y!;2026-10-16;North;Northside Clinic;ER;58;99;94
ID-#00443-G!;2026-10-24;West;Westview Hospital;ER;41;95;93
ID-#07406-J!;2026-10-09;Central;Metropolis General;General;89;96;114
ID-#05494-U!;2026-10-24;West;Westview Hospital;ER;43;100;96
ID-#07430-B!;2026-10-17;North;Northside Clinic;General;38;100;72
**ID_07748?U;2026-10-21;Industrial;Workers Health Center;ER;-;89;105
**ID_05412?Z;2026-10-26;East;East Point Med;ER;73;84;101
ID-#07365-F!;2026-10-19;North;Northern Medical;ER;80;95;74
ID-#02516-I!;2026-10-22;East;East Point Med;ER;40;80;100
ID-#04949-D!;2026-10-25;Waterfront;Bayview Hospital;ICU;66;100;104
ID-#07931-B!;2026-10-24;South;South Park Hospital;ICU;32;98;115
ID-#01183-A!;2026-10-24;Central;Central Care;ER;48;98;102
ID-#06983-D!;2026-10-03;Central;Central Care;ICU;27;-;102
**ID_07290?Q;2026-10-07;East;East Point Med;General;36;98;80
ID-#05716-V!;2026-10-13;Industrial;Workers Health Center;ICU;78;97;97
ID-#00329-F!;2026-10-20;West;Westview Hospital;ER;28;97;91
ID-#05416-R!;2026-10-31;West;Westview Hospital;ICU;36;94;86
ID-#02102-Q!;2026-10-27;Industrial;Workers Health Center;General;85;84;81
ID-#05430-V!;2026-10-05;Central;Central Care;ICU;75;-;73
ID-#03379-Q!;2026-10-20;Central;Metropolis General;ER;40;95;102
ID-#06831-H!;2026-10-26;Industrial;Industrial Med;ICU;79;92;89
ID-#03947-H!;2026-10-26;North;Northside Clinic;ER;46;97;76
ID-#06900-E!;2026-10-11;North;Northern Medical;ER;88;99;115
ID-#05796-M!;2026-10-23;Waterfront;Bayview Hospital;General;37;97;109
ID-#07335-A!;2026-10-22;Industrial;Industrial Med;General;52;87;85
ID-#03426-Z!;2026-10-22;North;Northern Medical;Observation;33;96;85
ID-#04355-K!;2026-10-09;Industrial;Workers Health Center;ICU;51;-;73
ID-#05359-Z!;2026-10-26;East;East Point Med;Observation;51;80;112
ID-#00445-R!;2026-10-25;North;Northern Medical;ER;74;95;89
ID-#01874-O!;2026-10-12;Central;Metropolis General;ER;23;100;83
ID-#01384-O!;2026-10-26;South;South Park Hospital;General;71;100;105
ID-#01820-Y!;2026-10-25;Industrial;Industrial Med;General;31;90;80
ID-#07817-N!;2026-10-22;Industrial;Workers Health Center;ER;36;92;71
ID-#05001-Y!;2026-10-02;West;Westview Hospital;Observation;56;96;102
ID-#04751-S!;2026-10-24;Waterfront;Bayview Hospital;General;45;94;74
ID-#05351-I!;2026-10-21;North;Northern Medical;General;41;96;81
ID-#06438-Y!;2026-10-22;Waterfront;Bayview Hospital;ICU;-;93;77
ID-#05950-D!;2026-10-22;North;Northern Medical;ER;21;95;120
ID-#05722-V!;2026-10-22;West;Westview Hospital;ER;32;99;82
ID-#05421-Y!;2026-10-19;Industrial;Industrial Med;General;52;88;94
ID-#04740-Z!;2026-10-29;South;South Park Hospital;General;32;93;98
ID-#00016-C!;2026-10-07;Industrial;Workers Health Center;ER;86;99;95
ID-#04254-N!;2026-10-24;North;Northside Clinic;ER;-;100;103
ID-#01954-A!;2026-10-13;West;Westview Hospital;General;81;95;101
ID-#06791-S!;2026-10-17;Industrial;Industrial Med;ICU;20;96;81
ID-#02942-M!;2026-10-23;Industrial;Workers Health Center;ICU;82;86;114
ID-#07219-H!;2026-10-20;South;South Park Hospital;ER;34;95;108
ID-#01227-B!;2026-10-05;West;Westview Hospital;General;76;97;113
ID-#07375-R!;2026-10-08;Central;Metropolis General;General;47;96;115
ID-#01171-P!;2026-10-17;West;Westview Hospital;ER;85;97;109
ID-#05502-S!;2026-10-08;North;Northern Medical;ER;89;94;90
ID-#01805-M!;2026-10-25;Central;Metropolis General;ER;79;99;88
ID-#00838-J!;2026-10-16;North;Northside Clinic;ER;64;97;120
**ID_03640?J;2026-10-23;Waterfront;Bayview Hospital;ER;20;98;80
ID-#00373-J!;2026-10-05;West;Westview Hospital;General;-;99;98
ID-#03553-P!;2026-10-19;Industrial;Industrial Med;ER;84;83;117
ID-#04628-W!;2026-10-11;North;Northern Medical;ER;74;96;114
**ID_06926?P;2026-10-26;South;South Park Hospital;ER;52;100;110
ID-#08449-O!;2026-10-25;East;East Point Med;ICU;51;80;99
ID-#08083-R!;2026-10-19;Industrial;Workers Health Center;General;50;90;119
ID-#01864-P!;2026-10-05;East;Eastern Health;ER;69;98;74
ID-#01357-U!;2026-10-26;Central;Metropolis General;General;65;97;113
ID-#06778-Q!;2026-10-23;Industrial;Industrial Med;ER;73;89;95
ID-#02711-D!;2026-10-22;West;Westview Hospital;General;26;97;117
ID-#03684-Q!;2026-10-16;West;Westview Hospital;ICU;79;93;107
ID-#07009-W!;2026-10-18;Industrial;Workers Health Center;ER;45;100;113
ID-#01020-D!;2026-10-25;East;East Point Med;General;58;85;77
ID-#01049-Q!;2026-10-10;Industrial;Industrial Med;General;41;94;81
ID-#07462-Y!;2026-10-28;Central;Central Care;General;80;97;N/A
ID-#04481-A!;2026-10-24;West;Westview Hospital;ER;22;95;114
ID-#02878-Q!;2026-10-22;Industrial;Workers Health Center;Observation;70;80;106
ID-#02998-Y!;2026-10-26;South;South Park Hospital;ICU;-;-;N/A
**ID_02741?K;2026-10-09;Industrial;Industrial Med;General;46;95;106
**ID_00752?C;2026-10-17;North;Northern Medical;ER;68;97;110
ID-#05971-V!;2026-10-13;West;Westview Hospital;Observation;46;100;98
ID-#02979-C!;2026-10-25;Waterfront;Bayview Hospital;Observation;55;96;117
**ID_02474?I;2026-10-14;South;South Park Hospital;Observation;56;100;119
ID-#06901-N!;2026-10-03;South;South Park Hospital;ER;84;-;73
ID-#02457-K!;2026-10-29;North;Northside Clinic;General;43;94;91
ID-#02348-S!;2026-10-17;North;Northern Medical;ER;76;99;88
ID-#07653-K!;2026-10-19;West;Westview Hospital;ER;77;100;105
ID-#06128-Y!;2026-10-22;West;Westview Hospital;ICU;-;98;76
**ID_04913?L;2026-10-21;West;Westview Hospital;ICU;23;99;84
ID-#02669-F!;2026-10-23;North;Northside Clinic;ER;-;93;92
ID-#00493-B!;2026-10-26;Waterfront;Bayview Hospital;ER;56;95;116
ID-#01284-N!;2026-10-25;East;East Point Med;ER;54;87;106
**ID_00692?V;2026-10-20;Central;Central Care;General;19;96;70
ID-#04026-M!;2026-10-19;East;Eastern Health;Observation;90;92;100
ID-#03832-A!;2026-10-19;South;South Park Hospital;ER;40;97;91
ID-#04702-D!;2026-10-22;Industrial;Workers Health Center;ICU;66;89;74
ID-#00384-J!;2026-10-08;Central;Metropolis General;ER;74;97;74
ID-#03527-F!;2026-10-25;East;East Point Med;ER;-;80;108
ID-#05304-X!;2026-10-18;Industrial;Industrial Med;ICU;36;99;70
ID-#03749-J!;2026-10-19;East;East Point Med;ER;53;80;73
ID-#04877-G!;2026-10-22;Industrial;Industrial Med;General;60;83;72
ID-#04850-V!;2026-10-15;North;Northern Medical;Observation;60;96;85
**ID_03510?M;2026-10-25;North;Northside Clinic;General;35;94;73
ID-#02442-T!;2026-10-02;North;Northern Medical;ICU;29;98;108
ID-#02631-F!;2026-10-26;South;South Park Hospital;ER;85;95;108
ID-#00092-B!;2026-10-09;North;Northern Medical;ICU;43;94;75
ID-#02063-M!;2026-10-03;Waterfront;Bayview Hospital;ICU;62;97;117
ID-#07800-L!;2026-10-09;Industrial;Workers Health Center;General;88;93;86
ID-#00203-M!;2026-10-11;East;East Point Med;General;42;97;86
**ID_06947?W;2026-10-07;Central;Central Care;General;54;97;96
ID-#06717-M!;2026-10-15;South;South Park Hospital;ICU;68;99;103
ID-#06724-E!;2026-10-23;South;South Park Hospital;ER;55;-;99
ID-#05195-Y!;2026-10-22;West;Westview Hospital;ICU;48;98;79
**ID_01465?H;2026-10-29;Central;Central Care;ER;45;100;91
ID-#03524-H!;2026-10-26;East;Eastern Health;ER;79;82;120
**ID_05376?R;2026-10-23;Central;Metropolis General;ICU;18;95;100
ID-#02586-R!;2026-10-31;East;East Point Med;ER;90;87;104
ID-#02756-F!;2026-10-23;North;Northern Medical;General;86;93;78
ID-#07031-P!;2026-10-05;Industrial;Industrial Med;General;82;99;112
ID-#02739-N!;2026-10-22;East;Eastern Health;General;31;85;70
ID-#01723-Q!;2026-10-13;North;Northern Medical;ICU;27;95;91
**ID_06821?X;2026-10-24;West;Westview Hospital;ER;75;96;80
ID-#04886-U!;2026-10-22;Industrial;Industrial Med;ER;21;82;107
ID-#03612-T!;2026-10-16;South;South Park Hospital;ICU;-;94;115
ID-#03471-O!;2026-10-26;Waterfront;Bayview Hospital;General;90;98;84
ID-#05816-O!;2026-10-10;South;South Park Hospital;ER;41;93;111
**ID_05960?Z;2026-10-20;North;Northside Clinic;ER;71;96;113
ID-#06517-B!;2026-10-21;West;Westview Hospital;ER;19;95;106
ID-#04805-Z!;2026-10-09;South;South Park Hospital;General;-;98;89
ID-#00427-I!;2026-10-27;Waterfront;Bayview Hospital;ER;38;96;N/A
ID-#08394-L!;2026-10-22;Waterfront;Bayview Hospital;ER;51;96;71
**ID_06375?P;2026-10-31;North;Northside Clinic;ICU;19;97;95
ID-#07468-F!;2026-10-23;Waterfront;Bayview Hospital;ER;-;94;85
ID-#06124-C!;2026-10-20;East;East Point Med;General;62;85;84
ID-#05675-Q!;2026-10-22;Central;Metropolis General;General;49;97;98
ID-#00910-N!;2026-10-02;South;South Park Hospital;General;56;100;80
ID-#03533-P!;2026-10-31;Waterfront;Bayview Hospital;ICU;22;94;97
ID-#04209-Y!;2026-10-19;West;Westview Hospital;General;50;-;101
**ID_06068?I;2026-10-21;Central;Central Care;ICU;61;98;85
ID-#00396-R!;2026-10-29;Waterfront;Bayview Hospital;Observation;42;93;90
ID-#05447-Y!;2026-10-23;Central;Central Care;ER;25;95;88
ID-#07532-G!;2026-10-15;East;Eastern Health;General;45;100;78
ID-#01803-M!;2026-10-25;South;South Park Hospital;ER;42;99;91
ID-#01362-E!;2026-10-09;South;South Park Hospital;General;61;99;103
ID-#02480-L!;2026-10-19;East;East Point Med;ICU;72;85;71
ID-#02684-C!;2026-10-21;South;South Park Hospital;ER;87;95;101
ID-#03545-Y!;2026-10-22;Central;Central Care;ER;59;99;98
ID-#02832-U!;2026-10-07;Waterfront;Bayview Hospital;ER;52;96;73
ID-#07376-K!;2026-10-26;Waterfront;Bayview Hospital;ER;79;97;75
ID-#07890-L!;2026-10-23;Waterfront;Bayview Hospital;ER;33;100;72
ID-#00336-A!;2026-10-16;South;South Park Hospital;Observation;71;100;86
ID-#06527-S!;2026-10-21;Central;Metropolis General;ER;44;95;116
ID-#03915-L!;2026-10-29;Industrial;Workers Health Center;ER;81;-;97
ID-#03958-N!;2026-10-19;South;South Park Hospital;ER;54;97;120
ID-#08156-J!;2026-10-27;Industrial;Workers Health Center;ER;88;82;82
ID-#02200-A!;2026-10-07;North;Northside Clinic;General;18;94;109
ID-#04907-H!;2026-10-29;South;South Park Hospital;ER;37;95;93
ID-#02166-S!;2026-10-12;Industrial;Workers Health Center;General;30;96;110
ID-#05369-V!;2026-10-11;East;East Point Med;ER;30;98;86
**ID_05100?W;2026-10-06;Central;Metropolis General;General;-;95;96
ID-#07807-U!;2026-10-22;North;Northern Medical;ICU;75;97;110
ID-#04393-O!;2026-10-24;Industrial;Industrial Med;ER;24;86;83
ID-#02666-G!;2026-10-24;West;Westview Hospital;ER;-;95;104
ID-#03149-Y!;2026-10-24;Industrial;Industrial Med;General;51;88;102
ID-#01257-V!;2026-10-20;Industrial;Industrial Med;General;41;92;94
ID-#06464-F!;2026-10-03;North;Northern Medical;ER;43;98;75
ID-#00940-D!;2026-10-22;Central;Metropolis General;ICU;63;94;114
ID-#06442-D!;2026-10-22;Waterfront;Bayview Hospital;ICU;62;96;97
ID-#07972-H!;2026-10-21;North;Northern Medical;General;61;94;100
ID-#03063-H!;2026-10-27;North;Northside Clinic;General;64;98;111
ID-#07513-N!;2026-10-08;East;Eastern Health;ER;86;93;111
ID-#01280-V!;2026-10-21;North;Northside Clinic;ICU;-;95;74
ID-#05838-M!;2026-10-26;East;Eastern Health;Observation;50;89;111
ID-#03202-H!;2026-10-21;Industrial;Workers Health Center;General;47;88;116
**ID_01613?I;2026-10-23;Industrial;Workers Health Center;ER;70;90;75
ID-#01883-U!;2026-10-24;Central;Metropolis General;Observation;59;97;96
ID-#08144-P!;2026-10-09;Central;Metropolis General;ICU;38;100;109
**ID_06196?P;2026-10-08;Central;Metropolis General;ER;-;98;93
ID-#05286-M!;2026-10-26;West;Westview Hospital;General;18;97;116
ID-#03447-P!;2026-10-22;Central;Metropolis General;General;27;95;91
**ID_07521?T;2026-10-10;Industrial;Workers Health Center;ER;86;99;120
**ID_07055?P;2026-10-26;South;South Park Hospital;ICU;52;97;111
ID-#02904-V!;2026-10-19;West;Westview Hospital;ICU;73;98;83
ID-#05334-V!;2026-10-04;South;South Park Hospital;ICU;29;96;77
ID-#02551-V!;2026-10-20;East;Eastern Health;ER;56;91;96
ID-#07667-D!;2026-10-15;East;East Point Med;ER;81;94;N/A
ID-#08129-N!;2026-10-23;West;Westview Hospital;ER;59;98;93
ID-#07023-G!;2026-10-23;West;Westview Hospital;ER;21;98;99
ID-#06965-O!;2026-10-20;Central;Metropolis General;ER;18;95;85
ID-#00671-J!;2026-10-09;North;Northside Clinic;ER;-;99;82
ID-#03945-O!;2026-10-27;South;South Park Hospital;ICU;67;95;81
ID-#00914-G!;2026-10-19;Central;Metropolis General;Observation;81;97;95
ID-#01815-J!;2026-10-08;Waterfront;Bayview Hospital;ICU;49;100;111
ID-#05556-E!;2026-10-25;North;Northside Clinic;ER;73;98;80
ID-#00930-A!;2026-10-22;North;Northern Medical;ICU;19;98;85
ID-#04087-V!;2026-10-25;East;East Point Med;ER;-;80;98
**ID_02030?I;2026-10-15;North;Northside Clinic;General;38;-;76
ID-#06951-J!;2026-10-28;Industrial;Industrial Med;General;80;81;112
ID-#05567-J!;2026-10-24;North;Northern Medical;ICU;49;-;74
ID-#03793-P!;2026-10-25;West;Westview Hospital;ER;25;98;100
ID-#08120-D!;2026-10-21;Waterfront;Bayview Hospital;ER;63;94;74
ID-#05670-N!;2026-10-19;East;East Point Med;ICU;82;82;116
ID-#08265-G!;2026-10-21;South;South Park Hospital;ICU;-;100;92
ID-#04618-K!;2026-10-20;East;Eastern Health;ICU;38;86;109
ID-#00184-T!;2026-10-16;Industrial;Industrial Med;General;85;-;118
ID-#01100-E!;2026-10-24;West;Westview Hospital;ICU;73;94;75
ID-#03613-B!;2026-10-05;Central;Central Care;Observation;32;93;110
ID-#01379-K!;2026-10-21;Waterfront;Bayview Hospital;Observation;62;100;103
ID-#00127-T!;2026-10-29;South;South Park Hospital;ICU;52;-;82
ID-#00572-N!;2026-10-24;West;Westview Hospital;ICU;77;93;85
ID-#02477-R!;2026-10-26;West;Westview Hospital;General;38;96;96
ID-#00465-T!;2026-10-28;East;East Point Med;General;37;92;85
ID-#01774-B!;2026-10-10;Central;Central Care;General;79;98;92
ID-#08247-E!;2026-10-22;Central;Central Care;ER;79;99;78
ID-#02660-M!;2026-10-10;Waterfront;Bayview Hospital;General;65;97;111
ID-#05602-H!;2026-10-19;South;South Park Hospital;ICU;52;96;75
ID-#02180-J!;2026-10-03;Central;Metropolis General;General;27;98;114
ID-#02400-U!;2026-10-25;Waterfront;Bayview Hospital;ER;40;93;78
ID-#06687-O!;2026-10-03;Central;Central Care;General;68;99;75
ID-#06225-G!;2026-10-30;North;Northside Clinic;ER;78;96;107
ID-#07060-L!;2026-10-21;South;South Park Hospital;ER;58;96;88
**ID_07048?G;2026-10-21;East;East Point Med;ER;58;82;113
ID-#07107-R!;2026-10-25;Industrial;Workers Health Center;ER;66;87;84
ID-#01234-X!;2026-10-22;Industrial;Industrial Med;General;43;86;90
**ID_01434?R;2026-10-26;Central;Central Care;ER;78;97;106
ID-#08069-E!;2026-10-29;West;Westview Hospital;General;37;100;119
ID-#06237-V!;2026-10-25;North;Northside Clinic;ER;29;95;91
ID-#05632-U!;2026-10-22;North;Northern Medical;ER;68;97;71
ID-#08435-F!;2026-10-28;Industrial;Industrial Med;ER;-;84;89
ID-#04545-P!;2026-10-24;West;Westview Hospital;General;84;94;79
ID-#04970-X!;2026-10-09;West;Westview Hospital;General;54;100;76
**ID_05281?H;2026-10-21;Industrial;Industrial Med;General;-;82;74
ID-#00383-Z!;2026-10-19;East;Eastern Health;ER;57;90;84
ID-#01268-L!;2026-10-23;Industrial;Industrial Med;ER;51;80;105
ID-#00596-Y!;2026-10-12;West;Westview Hospital;ICU;88;99;109
ID-#02214-H!;2026-10-26;Waterfront;Bayview Hospital;General;69;96;98
**ID_08179?K;2026-10-23;North;Northern Medical;General;48;100;105
ID-#02250-D!;2026-10-23;Central;Central Care;General;67;99;79
ID-#07475-H!;2026-10-28;South;South Park Hospital;ER;83;99;112
ID-#01664-G!;2026-10-12;South;South Park Hospital;ER;83;98;81
ID-#08404-G!;2026-10-25;Central;Metropolis General;ER;68;93;96
**ID_03520?T;2026-10-24;Central;Central Care;General;84;94;71
ID-#02544-D!;2026-10-10;West;Westview Hospital;ER;90;96;78
ID-#07428-V!;2026-10-13;East;East Point Med;ER;57;100;70
ID-#02777-Q!;2026-10-07;Central;Central Care;ER;60;95;99
ID-#03322-I!;2026-10-25;South;South Park Hospital;Observation;26;99;108
ID-#07327-O!;2026-10-08;North;Northern Medical;General;42;100;75
**ID_07952?K;2026-10-11;East;East Point Med;General;51;95;90
ID-#03974-C!;2026-10-25;East;East Point Med;Observation;55;87;72
ID-#01620-R!;2026-10-24;Industrial;Industrial Med;ICU;61;85;114
ID-#07821-P!;2026-10-27;Central;Metropolis General;ICU;52;96;104
ID-#08264-D!;2026-10-24;Waterfront;Bayview Hospital;ER;44;99;116
ID-#02617-N!;2026-10-16;North;Northside Clinic;General;75;95;114
ID-#07436-U!;2026-10-24;West;Westview Hospital;General;30;95;108
ID-#07965-L!;2026-10-16;Waterfront;Bayview Hospital;ER;32;100;89
ID-#03347-M!;2026-10-25;North;Northside Clinic;General;78;100;114
ID-#08108-D!;2026-10-19;North;Northside Clinic;General;21;96;84
ID-#00398-N!;2026-10-25;East;Eastern Health;ER;23;82;94
ID-#00124-Z!;2026-10-28;East;Eastern Health;ER;72;82;79
ID-#00951-J!;2026-10-22;Waterfront;Bayview Hospital;ER;21;94;111
ID-#00573-S!;2026-10-24;North;Northern Medical;General;45;-;94
ID-#02647-F!;2026-10-22;South;South Park Hospital;General;29;100;88
ID-#02573-W!;2026-10-25;North;Northern Medical;ER;50;100;118
ID-#07258-N!;2026-10-23;Waterfront;Bayview Hospital;ER;85;100;101
ID-#03912-R!;2026-10-26;Industrial;Industrial Med;ER;55;88;82
ID-#05635-E!;2026-10-19;Waterfront;Bayview Hospital;General;28;94;83
ID-#02324-X!;2026-10-15;East;East Point Med;Observation;77;93;73
ID-#04236-I!;2026-10-09;West;Westview Hospital;ER;33;93;81
ID-#05049-R!;2026-10-16;West;Westview Hospital;ICU;41;98;118
ID-#07828-G!;2026-10-26;South;South Park Hospital;ICU;44;99;109
**ID_03497?S;2026-10-26;North;Northside Clinic;ER;51;97;110
ID-#06495-R!;2026-10-27;North;Northside Clinic;ICU;38;98;117
ID-#01962-O!;2026-10-21;North;Northside Clinic;Observation;68;97;108
ID-#06152-U!;2026-10-29;Central;Central Care;ER;23;95;99
**ID_01211?I;2026-10-20;West;Westview Hospital;General;60;94;113
ID-#04405-C!;2026-10-21;Industrial;Industrial Med;ER;64;92;115
ID-#00169-H!;2026-10-19;North;Northern Medical;ICU;54;95;119
ID-#00749-P!;2026-10-20;East;East Point Med;ER;35;87;96
ID-#01326-B!;2026-10-25;Central;Central Care;ER;-;100;79
ID-#04108-G!;2026-10-11;South;South Park Hospital;General;80;99;95
ID-#08233-D!;2026-10-25;Waterfront;Bayview Hospital;ER;40;97;80
ID-#07043-D!;2026-10-21;West;Westview Hospital;General;52;97;91
ID-#03522-F!;2026-10-17;Waterfront;Bayview Hospital;ICU;27;95;84
ID-#05478-P!;2026-10-21;Central;Central Care;General;86;95;113
ID-#02991-M!;2026-10-02;Industrial;Industrial Med;General;48;93;88
ID-#04652-C!;2026-10-20;South;South Park Hospital;General;29;99;70
ID-#07654-G!;2026-10-26;Central;Central Care;Observation;20;99;73
ID-#04007-W!;2026-10-17;West;Westview Hospital;ER;90;99;100
ID-#05883-W!;2026-10-22;Central;Metropolis General;ER;74;100;116
ID-#05991-O!;2026-10-02;North;Northern Medical;General;60;93;106
ID-#04799-L!;2026-10-16;Waterfront;Bayview Hospital;ER;65;97;99
ID-#02284-L!;2026-10-21;East;East Point Med;Observation;68;83;99
ID-#08457-U!;2026-10-26;Waterfront;Bayview Hospital;ER;49;100;108
ID-#05774-G!;2026-10-20;Waterfront;Bayview Hospital;ER;63;97;104
ID-#06062-R!;2026-10-23;West;Westview Hospital;ER;38;93;115
ID-#04837-C!;2026-10-07;North;Northside Clinic;ER;44;99;70
**ID_06371?K;2026-10-15;Central;Central Care;ER;51;94;117
ID-#02098-Q!;2026-10-24;Industrial;Workers Health Center;General;24;90;107
ID-#06989-Q!;2026-10-23;South;South Park Hospital;General;18;95;112
**ID_06708?A;2026-10-13;South;South Park Hospital;General;79;99;98
**ID_03413?V;2026-10-03;South;South Park Hospital;General;30;98;74
ID-#02678-G!;2026-10-22;East;Eastern Health;General;36;89;108
ID-#06662-D!;2026-10-06;Industrial;Industrial Med;Observation;80;95;116
ID-#07792-H!;2026-10-10;Industrial;Workers Health Center;Observation;41;100;88
ID-#07992-N!;2026-10-25;Industrial;Industrial Med;ICU;53;81;89
ID-#05442-W!;2026-10-19;South;South Park Hospital;ICU;19;100;120
ID-#06496-O!;2026-10-31;East;East Point Med;ER;44;90;113
ID-#07618-C!;2026-10-19;South;South Park Hospital;ICU;43;96;104
ID-#01146-E!;2026-10-23;Waterfront;Bayview Hospital;ER;82;95;111
ID-#05185-P!;2026-10-20;East;Eastern Health;ICU;27;89;83
ID-#04179-L!;2026-10-21;South;South Park Hospital;General;58;-;82
ID-#06957-A!;2026-10-15;Central;Central Care;ICU;55;100;74
ID-#04089-K!;2026-10-19;Industrial;Workers Health Center;ER;69;85;108
ID-#04948-C!;2026-10-04;Central;Central Care;General;32;97;83
ID-#04875-W!;2026-10-20;North;Northside Clinic;General;52;95;108
ID-#06199-K!;2026-10-20;Waterfront;Bayview Hospital;General;26;-;88
ID-#05251-U!;2026-10-24;South;South Park Hospital;General;68;93;112
ID-#04932-O!;2026-10-17;West;Westview Hospital;General;24;94;72
ID-#04121-A!;2026-10-09;Central;Central Care;ER;90;99;114
ID-#07570-E!;2026-10-11;Industrial;Industrial Med;ER;50;100;N/A
ID-#05580-P!;2026-10-11;Central;Central Care;ER;23;94;72
ID-#00858-E!;2026-10-26;Central;Metropolis General;General;64;96;107
ID-#06567-Z!;2026-10-13;South;South Park Hospital;ER;66;100;100
ID-#03763-P!;2026-10-06;Industrial;Workers Health Center;General;49;94;87
ID-#07276-Y!;2026-10-28;East;Eastern Health;Observation;77;84;74
ID-#01004-P!;2026-10-25;West;Westview Hospital;General;51;99;102
ID-#04977-U!;2026-10-21;East;East Point Med;General;46;80;81
ID-#00922-F!;2026-10-19;North;Northside Clinic;General;76;100;87
ID-#04249-E!;2026-10-14;South;South Park Hospital;Observation;54;94;70
ID-#07755-Z!;2026-10-20;Central;Metropolis General;ICU;86;93;115
ID-#00938-K!;2026-10-24;Central;Metropolis General;ER;57;98;114
ID-#01966-E!;2026-10-25;West;Westview Hospital;Observation;28;95;102
ID-#03572-E!;2026-10-16;East;East Point Med;ER;34;96;94
ID-#07753-D!;2026-10-05;South;South Park Hospital;ER;71;95;88
ID-#05762-V!;2026-10-10;Waterfront;Bayview Hospital;Observation;78;100;99
ID-#05102-T!;2026-10-23;North;Northern Medical;General;52;95;108
ID-#00461-X!;2026-10-22;West;Westview Hospital;ER;25;96;73
**ID_08413?K;2026-10-13;Central;Central Care;ER;68;96;114
ID-#04301-R!;2026-10-13;South;South Park Hospital;ICU;48;95;117
ID-#01785-G!;2026-10-21;Central;Central Care;ICU;62;99;118
ID-#01099-W!;2026-10-19;North;Northern Medical;Observation;40;100;106
ID-#02255-W!;2026-10-24;Industrial;Workers Health Center;Observation;87;85;95
ID-#06207-P!;2026-10-22;East;East Point Med;ER;68;87;97
ID-#05483-Y!;2026-10-18;Waterfront;Bayview Hospital;ER;48;98;114
ID-#05815-T!;2026-10-23;West;Westview Hospital;General;47;95;96
ID-#03372-X!;2026-10-25;Industrial;Industrial Med;General;46;84;107
ID-#04296-Z!;2026-10-13;North;Northern Medical;ICU;89;94;88
ID-#04302-D!;2026-10-26;West;Westview Hospital;General;-;94;87
ID-#01742-O!;2026-10-19;North;Northside Clinic;ER;22;98;81
ID-#04855-M!;2026-10-06;Central;Central Care;ER;25;100;118
ID-#04820-P!;2026-10-26;West;Westview Hospital;General;18;-;110
ID-#01150-F!;2026-10-24;Waterfront;Bayview Hospital;ER;72;95;98
ID-#04385-S!;2026-10-23;East;East Point Med;ER;67;88;80
**ID_00411?I;2026-10-25;Central;Metropolis General;ER;18;95;109
ID-#02301-U!;2026-10-19;Industrial;Industrial Med;General;32;88;82
ID-#03098-P!;2026-10-20;North;Northside Clinic;ER;90;97;76
ID-#01364-C!;2026-10-23;Central;Metropolis General;ER;56;97;95
ID-#02494-Y!;2026-10-21;Central;Central Care;General;69;95;94
ID-#00434-W!;2026-10-19;Waterfront;Bayview Hospital;ER;85;99;111
ID-#05666-S!;2026-10-24;Central;Metropolis General;ICU;24;100;119
**ID_03859?M;2026-10-21;South;South Park Hospital;ICU;33;97;119
ID-#01474-L!;2026-10-29;East;East Point Med;ER;88;82;N/A
ID-#04728-I!;2026-10-02;West;Westview Hospital;ER;20;-;89
ID-#04747-O!;2026-10-16;Waterfront;Bayview Hospital;Observation;86;94;97
ID-#03122-T!;2026-10-05;South;South Park Hospital;Observation;77;100;72
ID-#01079-C!;2026-10-10;East;East Point Med;Observation;86;93;76
**ID_06310?E;2026-10-25;Waterfront;Bayview Hospital;ER;73;93;118
**ID_06117?D;2026-10-13;Waterfront;Bayview Hospital;ER;87;99;111
ID-#00647-F!;2026-10-20;South;South Park Hospital;General;75;100;98
ID-#05012-U!;2026-10-26;Waterfront;Bayview Hospital;ER;57;95;95
ID-#01223-C!;2026-10-21;Central;Metropolis General;General;78;96;91
ID-#01220-E!;2026-10-19;Industrial;Workers Health Center;Observation;28;84;96
ID-#02925-W!;2026-10-27;North;Northern Medical;Observation;21;95;84
ID-#03806-P!;2026-10-25;East;East Point Med;General;-;83;100
ID-#02083-N!;2026-10-23;Industrial;Industrial Med;Observation;38;82;90
ID-#01392-P!;2026-10-21;Industrial;Workers Health Center;ICU;76;85;105
ID-#01143-D!;2026-10-26;North;Northern Medical;ER;64;93;93
ID-#01034-R!;2026-10-17;West;Westview Hospital;ICU;-;93;86
ID-#00694-Q!;2026-10-27;South;South Park Hospital;ER;22;99;71
ID-#02755-L!;2026-10-21;West;Westview Hospital;ER;64;98;107
ID-#02841-V!;2026-10-14;Industrial;Industrial Med;ICU;59;99;111
ID-#02674-I!;2026-10-16;East;Eastern Health;ER;78;96;N/A
ID-#06051-W!;2026-10-24;North;Northside Clinic;General;89;96;93
ID-#05735-Y!;2026-10-19;East;Eastern Health;ER;90;86;86
ID-#02865-U!;2026-10-29;Waterfront;Bayview Hospital;General;66;96;73
ID-#06010-E!;2026-10-21;South;South Park Hospital;Observation;83;100;91
ID-#00056-Y!;2026-10-11;East;Eastern Health;Observation;56;97;83
**ID_00366?Y;2026-10-23;Waterfront;Bayview Hospital;ICU;43;93;75
ID-#03683-X!;2026-10-17;North;Northside Clinic;General;26;98;97
ID-#08118-Z!;2026-10-20;West;Westview Hospital;ER;58;96;74
ID-#00882-W!;2026-10-24;Central;Metropolis General;ER;34;96;81
ID-#01822-O!;2026-10-23;West;Westview Hospital;General;53;97;91
ID-#00581-T!;2026-10-21;South;South Park Hospital;General;52;100;118
ID-#05267-A!;2026-10-20;Waterfront;Bayview Hospital;ER;66;96;86
ID-#02372-W!;2026-10-20;Waterfront;Bayview Hospital;General;70;93;91
ID-#07769-A!;2026-10-20;Central;Metropolis General;General;22;95;74
ID-#05332-Y!;2026-10-19;Waterfront;Bayview Hospital;General;80;98;74
ID-#02703-N!;2026-10-19;West;Westview Hospital;General;-;97;89
**ID_01614?S;2026-10-20;South;South Park Hospital;ER;69;96;77
ID-#03932-M!;2026-10-02;Central;Central Care;ER;74;98;92
ID-#03144-P!;2026-10-05;North;Northern Medical;ER;36;93;75
ID-#01576-Q!;2026-10-23;North;Northern Medical;ER;42;99;111
ID-#02285-O!;2026-10-21;East;East Point Med;ER;53;80;71
ID-#04562-G!;2026-10-23;East;East Point Med;Observation;35;82;92
ID-#02569-R!;2026-10-24;North;Northern Medical;General;41;96;79
**ID_03271?J;2026-10-20;South;South Park Hospital;General;19;95;101
ID-#05644-L!;2026-10-22;East;Eastern Health;Observation;39;85;80
ID-#02155-B!;2026-10-29;Central;Central Care;ER;36;97;N/A
ID-#01989-F!;2026-10-26;Industrial;Industrial Med;Observation;85;85;72
ID-#04047-K!;2026-10-25;East;East Point Med;General;26;84;74
ID-#03339-H!;2026-10-03;East;Eastern Health;Observation;34;100;85
ID-#04394-F!;2026-10-26;Waterfront;Bayview Hospital;ER;62;98;102
ID-#02511-K!;2026-10-24;Waterfront;Bayview Hospital;General;65;100;116
ID-#00325-T!;2026-10-22;Waterfront;Bayview Hospital;Observation;49;97;91
ID-#01766-J!;2026-10-06;West;Westview Hospital;General;24;100;102
ID-#05771-O!;2026-10-13;East;Eastern Health;ER;75;93;104
ID-#00033-E!;2026-10-09;Central;Central Care;Observation;80;95;93
ID-#02702-H!;2026-10-27;Central;Metropolis General;ER;31;95;91
ID-#02748-N!;2026-10-23;West;Westview Hospital;ER;23;95;90
ID-#03013-B!;2026-10-20;South;South Park Hospital;Observation;49;98;94
ID-#08380-Y!;2026-10-17;East;Eastern Health;ICU;-;100;79
ID-#04999-C!;2026-10-19;East;East Point Med;General;51;84;94
**ID_05736?K;2026-10-19;Central;Metropolis General;ER;60;98;99
ID-#06727-D!;2026-10-21;Waterfront;Bayview Hospital;ER;28;96;N/A
**ID_06568?Z;2026-10-21;North;Northside Clinic;ICU;46;95;94
ID-#01350-G!;2026-10-21;South;South Park Hospital;General;23;95;88
ID-#01431-A!;2026-10-14;Central;Central Care;ICU;33;100;101
ID-#02398-P!;2026-10-17;Industrial;Industrial Med;ER;43;98;88
ID-#03208-Y!;2026-10-19;East;Eastern Health;ICU;25;84;88
ID-#03961-U!;2026-10-31;West;Westview Hospital;ER;46;93;117
**ID_02642?J;2026-10-24;North;Northern Medical;ICU;67;97;111
**ID_07053?B;2026-10-10;West;Westview Hospital;ER;64;99;107
ID-#03617-B!;2026-10-22;East;Eastern Health;ICU;25;88;83
ID-#03307-Z!;2026-10-24;Industrial;Workers Health Center;ER;88;87;95
ID-#04274-V!;2026-10-06;Waterfront;Bayview Hospital;ER;26;93;112
ID-#00161-R!;2026-10-31;North;Northern Medical;ICU;67;97;73
ID-#07299-K!;2026-10-18;Industrial;Workers Health Center;ICU;55;98;76
ID-#01652-P!;2026-10-10;East;East Point Med;General;74;97;86
ID-#06574-L!;2026-10-19;East;East Point Med;General;89;86;87
ID-#06029-I!;2026-10-27;Central;Central Care;Observation;62;97;112
ID-#03977-A!;2026-10-24;Industrial;Workers Health Center;ICU;61;82;110
**ID_06958?P;2026-10-12;Industrial;Workers Health Center;General;70;100;111
**ID_05275?P;2026-10-26;Waterfront;Bayview Hospital;ER;78;94;93
ID-#03660-Y!;2026-10-08;Waterfront;Bayview Hospital;ER;48;93;120
ID-#02753-P!;2026-10-20;South;South Park Hospital;ER;58;98;120
ID-#03943-Q!;2026-10-23;Central;Metropolis General;ER;89;93;103
ID-#06980-O!;2026-10-02;Waterfront;Bayview Hospital;ER;39;96;96
ID-#03316-C!;2026-10-05;East;Eastern Health;ICU;56;96;73
ID-#00637-T!;2026-10-19;East;East Point Med;ER;54;91;110
ID-#08317-T!;2026-10-23;North;Northern Medical;General;24;100;95
ID-#04111-H!;2026-10-16;West;Westview Hospital;ICU;24;94;95
**ID_03419?I;2026-10-23;Industrial;Workers Health Center;ER;74;-;87
ID-#05204-W!;2026-10-26;West;Westview Hospital;ER;-;99;108
ID-#00348-K!;2026-10-24;Industrial;Workers Health Center;ER;83;82;105
ID-#06268-A!;2026-10-20;West;Westview Hospital;ER;63;99;108
ID-#05477-A!;2026-10-12;Industrial;Industrial Med;ER;36;93;104
ID-#05127-N!;2026-10-28;Industrial;Industrial Med;ER;48;85;117
ID-#03503-B!;2026-10-19;North;Northside Clinic;Observation;67;97;85
ID-#00800-D!;2026-10-02;Central;Central Care;ER;29;94;84
ID-#05268-S!;2026-10-21;Industrial;Workers Health Center;ER;21;92;82
ID-#02582-E!;2026-10-29;Industrial;Industrial Med;ER;46;91;116
ID-#03669-R!;2026-10-20;South;South Park Hospital;ER;32;94;96
ID-#06335-U!;2026-10-19;West;Westview Hospital;Observation;49;99;84
ID-#03769-J!;2026-10-12;North;Northern Medical;ER;55;100;87
ID-#00141-W!;2026-10-25;West;Westview Hospital;ICU;47;100;N/A
ID-#01508-E!;2026-10-20;Central;Metropolis General;General;80;96;102
ID-#08406-C!;2026-10-03;North;Northern Medical;General;86;99;97
ID-#03450-D!;2026-10-18;Industrial;Industrial Med;General;43;100;95
ID-#00702-H!;2026-10-04;North;Northside Clinic;ICU;66;97;86
ID-#03026-G!;2026-10-25;Industrial;Workers Health Center;ER;62;87;116
ID-#02296-O!;2026-10-28;Central;Central Care;ICU;82;100;118
ID-#05500-R!;2026-10-22;East;Eastern Health;General;51;85;100
ID-#02276-Y!;2026-10-24;North;Northern Medical;ER;59;93;N/A
ID-#01708-K!;2026-10-25;South;South Park Hospital;ICU;71;94;119
ID-#08280-S!;2026-10-20;Industrial;Industrial Med;Observation;86;89;114
ID-#01729-L!;2026-10-20;Central;Metropolis General;Observation;64;95;111
ID-#02766-W!;2026-10-26;West;Westview Hospital;Observation;65;98;112
ID-#04798-Z!;2026-10-24;North;Northern Medical;ICU;28;94;102
ID-#04115-U!;2026-10-20;West;Westview Hospital;General;76;93;80
ID-#00401-L!;2026-10-25;Central;Metropolis General;ER;61;93;74
ID-#03487-N!;2026-10-15;West;Westview Hospital;ER;57;98;77
ID-#04876-U!;2026-10-03;Waterfront;Bayview Hospital;General;80;94;101
ID-#06784-P!;2026-10-19;Waterfront;Bayview Hospital;General;81;94;93
ID-#07387-J!;2026-10-22;East;Eastern Health;ER;72;88;88
ID-#02944-T!;2026-10-12;East;East Point Med;General;19;96;75
ID-#04107-U!;2026-10-12;Industrial;Workers Health Center;General;19;97;88
ID-#04866-R!;2026-10-19;West;Westview Hospital;ICU;67;99;72
ID-#06138-A!;2026-10-27;Central;Central Care;General;48;93;118
ID-#07533-K!;2026-10-23;West;Westview Hospital;ICU;89;93;86
ID-#07814-I!;2026-10-24;Central;Central Care;ER;61;95;71
ID-#04265-D!;2026-10-22;Industrial;Industrial Med;ICU;81;80;86
**ID_04282?M;2026-10-21;Industrial;Industrial Med;ICU;58;89;116
ID-#07880-V!;2026-10-19;East;East Point Med;ER;47;86;105
ID-#07093-U!;2026-10-22;Waterfront;Bayview Hospital;ICU;65;98;90
ID-#05485-M!;2026-10-22;South;South Park Hospital;General;47;99;120
ID-#02385-P!;2026-10-18;West;Westview Hospital;ER;23;99;97
ID-#02199-Y!;2026-10-18;East;Eastern Health;ER;76;94;74
ID-#02345-S!;2026-10-23;West;Westview Hospital;ER;86;93;91
ID-#04931-S!;2026-10-25;West;Westview Hospital;General;87;93;92
**ID_00394?Z;2026-10-21;Waterfront;Bayview Hospital;Observation;22;94;86
ID-#02746-D!;2026-10-31;Waterfront;Bayview Hospital;General;66;96;112
ID-#02974-J!;2026-10-06;Industrial;Industrial Med;General;65;94;119
ID-#03513-E!;2026-10-30;Waterfront;Bayview Hospital;Observation;76;93;98
ID-#02280-V!;2026-10-18;Industrial;Workers Health Center;General;46;97;85
**ID_07486?R;2026-10-19;Industrial;Industrial Med;ER;55;86;93
ID-#01861-Z!;2026-10-30;East;East Point Med;ER;46;86;71
ID-#07676-R!;2026-10-22;South;South Park Hospital;General;78;95;86
ID-#08140-X!;2026-10-19;South;South Park Hospital;ICU;67;97;79
ID-#00187-G!;2026-10-19;Industrial;Industrial Med;ER;44;80;115
ID-#02952-N!;2026-10-21;Waterfront;Bayview Hospital;Observation;61;93;78
ID-#01464-H!;2026-10-26;Waterfront;Bayview Hospital;ER;29;98;103
ID-#05432-V!;2026-10-25;Industrial;Workers Health Center;ICU;46;92;75
ID-#04954-X!;2026-10-31;Central;Metropolis General;ICU;31;95;112
**ID_00916?R;2026-10-17;West;Westview Hospital;Observation;65;94;111
ID-#06896-C!;2026-10-26;West;Westview Hospital;Observation;56;98;97
ID-#07278-F!;2026-10-22;West;Westview Hospital;General;73;98;72
ID-#00630-J!;2026-10-22;Waterfront;Bayview Hospital;ER;33;93;101
ID-#01105-L!;2026-10-29;Industrial;Workers Health Center;ICU;41;85;100
ID-#07843-J!;2026-10-27;East;East Point Med;ER;26;82;112
ID-#05766-S!;2026-10-28;North;Northern Medical;ER;45;94;81
ID-#05549-S!;2026-10-09;West;Westview Hospital;General;88;99;112
ID-#02790-J!;2026-10-24;South;South Park Hospital;Observation;23;93;80
ID-#01866-A!;2026-10-19;Industrial;Workers Health Center;ER;53;87;114
ID-#01129-L!;2026-10-05;Waterfront;Bayview Hospital;Observation;25;93;109
ID-#02261-J!;2026-10-24;Waterfront;Bayview Hospital;ER;59;99;92
ID-#01477-E!;2026-10-24;West;Westview Hospital;General;84;96;91
**ID_04343?Y;2026-10-22;Waterfront;Bayview Hospital;ER;52;94;87
ID-#06869-P!;2026-10-31;South;South Park Hospital;ER;85;99;73
ID-#07836-Q!;2026-10-13;North;Northern Medical;ICU;73;99;108
ID-#00106-O!;2026-10-05;East;East Point Med;ER;37;93;118
ID-#00166-P!;2026-10-24;South;South Park Hospital;ER;41;97;110
ID-#02299-P!;2026-10-24;North;Northern Medical;ICU;80;100;78
ID-#01947-B!;2026-10-30;South;South Park Hospital;ER;44;97;87
**ID_01093?V;2026-10-26;West;Westview Hospital;Observation;34;100;120
ID-#01347-O!;2026-10-05;East;Eastern Health;ER;-;97;113
ID-#04887-E!;2026-10-14;West;Westview Hospital;General;76;94;86
ID-#06065-I!;2026-10-25;South;South Park Hospital;ER;85;93;100
ID-#00323-T!;2026-10-26;East;East Point Med;General;39;86;119
ID-#03459-J!;2026-10-23;West;Westview Hospital;General;81;99;109
ID-#06162-H!;2026-10-21;Waterfront;Bayview Hospital;ER;49;97;N/A
ID-#02146-R!;2026-10-17;West;Westview Hospital;ICU;55;96;78
ID-#02248-J!;2026-10-24;East;East Point Med;General;-;85;94
ID-#02454-X!;2026-10-04;Industrial;Industrial Med;ER;47;96;92
ID-#00309-K!;2026-10-21;Central;Central Care;ER;53;97;111
ID-#02988-H!;2026-10-08;West;Westview Hospital;ICU;50;95;84
ID-#00235-K!;2026-10-20;Industrial;Industrial Med;ICU;23;86;115
**ID_08430?C;2026-10-26;Industrial;Industrial Med;ER;35;80;116
ID-#05224-B!;2026-10-24;East;Eastern Health;General;88;91;108
ID-#03173-B!;2026-10-22;North;Northside Clinic;ER;38;97;116
ID-#00529-O!;2026-10-24;North;Northside Clinic;ICU;26;93;74
ID-#05335-L!;2026-10-07;East;East Point Med;ER;71;97;98
ID-#02519-L!;2026-10-21;Industrial;Workers Health Center;General;40;84;120
ID-#02300-J!;2026-10-23;North;Northern Medical;ICU;45;94;89
**ID_00784?V;2026-10-10;East;Eastern Health;ICU;89;96;84
ID-#03589-E!;2026-10-05;Waterfront;Bayview Hospital;ER;-;-;85
ID-#05733-Q!;2026-10-18;West;Westview Hospital;ER;46;93;105
ID-#04150-H!;2026-10-22;Industrial;Workers Health Center;ER;78;85;119
**ID_05441?V;2026-10-20;Waterfront;Bayview Hospital;General;29;98;105
ID-#05607-G!;2026-10-11;South;South Park Hospital;ER;30;95;82
ID-#05918-M!;2026-10-26;West;Westview Hospital;ER;-;99;70
ID-#04658-H!;2026-10-02;South;South Park Hospital;ER;30;96;76
ID-#01496-G!;2026-10-26;Industrial;Industrial Med;ER;38;90;89
**ID_06295?I;2026-10-06;North;Northside Clinic;General;81;99;113
ID-#05172-G!;2026-10-17;South;South Park Hospital;ER;46;100;84
ID-#07922-F!;2026-10-20;Waterfront;Bayview Hospital;ER;43;100;77
ID-#07149-B!;2026-10-24;Waterfront;Bayview Hospital;ER;25;95;117
**ID_05898?P;2026-10-26;Industrial;Workers Health Center;ER;42;86;96
ID-#05029-V!;2026-10-23;Industrial;Industrial Med;General;60;83;71
ID-#06933-M!;2026-10-13;Central;Metropolis General;ER;34;99;79
ID-#03984-W!;2026-10-15;South;South Park Hospital;ER;79;99;74
**ID_05440?G;2026-10-07;East;East Point Med;Observation;51;94;71
**ID_06941?U;2026-10-24;South;South Park Hospital;ER;50;100;115
ID-#08183-S!;2026-10-29;West;Westview Hospital;ER;31;99;78
ID-#06361-C!;2026-10-31;Industrial;Workers Health Center;ER;25;86;119
ID-#01366-M!;2026-10-22;Industrial;Workers Health Center;General;20;91;109
ID-#08315-N!;2026-10-20;North;Northern Medical;ER;27;96;N/A
ID-#00927-B!;2026-10-09;North;Northern Medical;General;26;96;92
ID-#02528-X!;2026-10-22;Central;Central Care;ICU;87;93;77
ID-#01732-G!;2026-10-09;South;South Park Hospital;General;51;-;108
ID-#07909-V!;2026-10-19;South;South Park Hospital;General;18;99;84
ID-#01975-Y!;2026-10-23;South;South Park Hospital;ICU;37;98;101
ID-#04689-S!;2026-10-09;East;Eastern Health;General;19;98;119
ID-#02605-J!;2026-10-22;East;East Point Med;ICU;34;82;73
ID-#07939-M!;2026-10-02;Central;Central Care;General;86;98;83
ID-#04509-T!;2026-10-20;West;Westview Hospital;ER;-;100;109
ID-#05240-J!;2026-10-23;Industrial;Workers Health Center;ER;82;87;97
ID-#06044-M!;2026-10-26;Waterfront;Bayview Hospital;General;88;95;100
ID-#05206-O!;2026-10-25;Industrial;Workers Health Center;General;45;86;83
ID-#01315-A!;2026-10-02;Industrial;Workers Health Center;Observation;59;93;118
**ID_05290?G;2026-10-06;West;Westview Hospital;General;71;94;105
ID-#03906-F!;2026-10-24;Industrial;Industrial Med;ER;35;90;120
ID-#07418-H!;2026-10-26;Central;Central Care;General;26;100;91
ID-#02123-A!;2026-10-30;Industrial;Industrial Med;ER;48;82;77
ID-#01777-X!;2026-10-20;Central;Central Care;ER;23;97;117
ID-#05902-V!;2026-10-14;East;East Point Med;ICU;46;98;77
**ID_08379?J;2026-10-24;South;South Park Hospital;General;62;96;115
ID-#02113-A!;2026-10-23;Waterfront;Bayview Hospital;General;43;97;107
ID-#01818-N!;2026-10-14;Industrial;Industrial Med;ER;68;95;103
ID-#08177-G!;2026-10-20;West;Westview Hospital;ER;40;93;98
ID-#03771-Q!;2026-10-26;South;South Park Hospital;ER;60;93;86
ID-#01435-G!;2026-10-26;West;Westview Hospital;ER;-;93;105
ID-#07227-L!;2026-10-21;North;Northern Medical;ER;60;98;97
**ID_07216?P;2026-10-07;Industrial;Industrial Med;ER;66;93;113
ID-#05641-U!;2026-10-22;North;Northern Medical;ER;20;98;106
ID-#05538-H!;2026-10-19;West;Westview Hospital;ER;53;97;81
ID-#06170-F!;2026-10-25;Industrial;Industrial Med;ER;86;92;101
ID-#00253-X!;2026-10-20;East;East Point Med;ICU;32;92;103
ID-#04549-D!;2026-10-23;Waterfront;Bayview Hospital;ER;80;97;84
ID-#06484-I!;2026-10-25;Industrial;Industrial Med;ER;71;84;100
ID-#07729-Z!;2026-10-23;Industrial;Workers Health Center;General;59;86;72
ID-#00651-J!;2026-10-21;East;East Point Med;ER;57;84;98
ID-#02564-W!;2026-10-23;Waterfront;Bayview Hospital;ER;81;95;113
ID-#04038-P!;2026-10-02;East;Eastern Health;ICU;66;95;80
ID-#00757-W!;2026-10-23;South;South Park Hospital;General;87;93;82
**ID_03280?V;2026-10-20;East;East Point Med;ER;82;90;109
ID-#02178-I!;2026-10-02;Waterfront;Bayview Hospital;ICU;73;94;117
ID-#02526-H!;2026-10-14;North;Northern Medical;General;34;99;81
**ID_07524?O;2026-10-25;East;East Point Med;ER;51;88;114
ID-#05560-F!;2026-10-28;East;East Point Med;ER;89;85;114
ID-#08214-P!;2026-10-18;East;Eastern Health;General;74;97;97
ID-#07926-C!;2026-10-24;South;South Park Hospital;General;-;100;103
**ID_06079?O;2026-10-10;West;Westview Hospital;ICU;69;-;100
ID-#05570-W!;2026-10-13;Waterfront;Bayview Hospital;ER;79;95;101
ID-#08358-M!;2026-10-19;Central;Central Care;ER;64;95;N/A
ID-#04013-U!;2026-10-16;East;Eastern Health;ER;55;95;88
ID-#03155-B!;2026-10-04;East;East Point Med;General;89;-;106
**ID_04792?R;2026-10-02;South;South Park Hospital;General;31;96;120
ID-#03523-I!;2026-10-19;Industrial;Workers Health Center;Observation;54;87;95
ID-#04202-J!;2026-10-31;North;Northside Clinic;ICU;18;95;91
ID-#07191-F!;2026-10-22;Waterfront;Bayview Hospital;General;49;96;111
ID-#06979-U!;2026-10-05;East;Eastern Health;Observation;65;98;95
ID-#00491-T!;2026-10-16;East;Eastern Health;General;58;100;118
ID-#01033-D!;2026-10-13;South;South Park Hospital;ER;56;96;73
ID-#03635-X!;2026-10-09;Industrial;Industrial Med;General;35;100;93
ID-#06756-Q!;2026-10-20;East;Eastern Health;General;35;83;74
ID-#00602-R!;2026-10-23;North;Northern Medical;ER;48;97;119
ID-#06299-A!;2026-10-07;South;South Park Hospital;ICU;53;97;105
ID-#07894-I!;2026-10-20;Central;Metropolis General;ICU;69;99;N/A
ID-#05798-B!;2026-10-24;West;Westview Hospital;Observation;81;97;84
**ID_08486?A;2026-10-03;West;Westview Hospital;ER;79;96;117
ID-#00896-J!;2026-10-24;South;South Park Hospital;ER;-;94;70
ID-#01448-I!;2026-10-11;Waterfront;Bayview Hospital;General;76;93;92
**ID_05886?C;2026-10-26;South;South Park Hospital;Observation;63;93;81
ID-#04612-Y!;2026-10-20;South;South Park Hospital;ER;24;93;114
ID-#00555-K!;2026-10-27;Central;Central Care;Observation;45;95;110
ID-#06785-M!;2026-10-21;Industrial;Workers Health Center;ICU;31;80;96
ID-#07713-W!;2026-10-08;Waterfront;Bayview Hospital;ER;66;97;75
ID-#00613-W!;2026-10-02;Waterfront;Bayview Hospital;ER;35;94;87
ID-#07969-X!;2026-10-24;Central;Metropolis General;ICU;66;98;109
ID-#05282-U!;2026-10-24;Industrial;Industrial Med;General;59;84;104
**ID_06368?P;2026-10-08;Waterfront;Bayview Hospital;ER;80;-;88
ID-#03727-V!;2026-10-21;North;Northern Medical;Observation;88;-;108
ID-#06064-L!;2026-10-06;Waterfront;Bayview Hospital;General;63;95;96
ID-#05169-L!;2026-10-19;Central;Metropolis General;ICU;76;93;114
ID-#00627-O!;2026-10-14;Central;Metropolis General;ER;21;94;83
ID-#05651-G!;2026-10-22;East;Eastern Health;ER;74;87;92
ID-#01868-Y!;2026-10-11;Central;Metropolis General;Observation;48;93;96
ID-#07064-K!;2026-10-29;North;Northern Medical;General;77;94;80
ID-#05200-D!;2026-10-12;Industrial;Workers Health Center;ER;77;99;71
ID-#08483-P!;2026-10-30;Industrial;Workers Health Center;ER;69;88;108
ID-#06357-Q!;2026-10-06;Central;Central Care;ER;62;96;83
ID-#01715-I!;2026-10-19;West;Westview Hospital;General;85;98;106
ID-#03252-B!;2026-10-19;East;East Point Med;ER;90;-;91
ID-#06622-I!;2026-10-22;North;Northside Clinic;General;74;96;109
ID-#01103-F!;2026-10-04;East;Eastern Health;Observation;54;100;79
ID-#05578-F!;2026-10-18;South;South Park Hospital;ICU;63;96;104
ID-#02302-Y!;2026-10-04;South;South Park Hospital;ICU;85;95;120
ID-#06702-W!;2026-10-24;Waterfront;Bayview Hospital;General;22;-;93
ID-#02239-Y!;2026-10-17;West;Westview Hospital;ICU;31;96;107
ID-#04950-V!;2026-10-20;North;Northern Medical;General;50;99;72
ID-#03310-X!;2026-10-23;Central;Central Care;ICU;55;95;92
ID-#02179-U!;2026-10-26;West;Westview Hospital;ER;36;99;95
ID-#04029-L!;2026-10-23;Central;Metropolis General;ER;35;100;N/A
ID-#02751-C!;2026-10-24;Central;Metropolis General;ER;-;94;89
ID-#04221-K!;2026-10-09;North;Northern Medical;ICU;50;99;111
ID-#03996-Y!;2026-10-21;Central;Central Care;ER;84;97;78
ID-#01678-K!;2026-10-23;South;South Park Hospital;ICU;36;100;107
ID-#02018-S!;2026-10-26;Central;Central Care;ER;24;98;98
ID-#04326-Y!;2026-10-22;West;Westview Hospital;General;40;96;107
ID-#02965-Q!;2026-10-30;East;East Point Med;ICU;45;-;118
ID-#06324-K!;2026-10-22;Waterfront;Bayview Hospital;ER;52;96;106
ID-#01568-F!;2026-10-11;South;South Park Hospital;ICU;20;100;108
ID-#04166-R!;2026-10-26;North;Northern Medical;ICU;-;95;118
**ID_07774?X;2026-10-25;Industrial;Industrial Med;ER;74;86;84
**ID_01197?I;2026-10-23;South;South Park Hospital;ER;40;-;118
ID-#03126-E!;2026-10-20;Central;Metropolis General;ER;61;100;97
ID-#00700-L!;2026-10-23;Industrial;Industrial Med;General;60;82;79
ID-#00673-D!;2026-10-25;North;Northern Medical;Observation;75;98;104
**ID_03005?Q;2026-10-24;Waterfront;Bayview Hospital;Observation;68;95;71
ID-#06477-H!;2026-10-19;Waterfront;Bayview Hospital;General;50;94;82
ID-#02921-P!;2026-10-19;West;Westview Hospital;Observation;-;95;84
ID-#06564-Z!;2026-10-13;West;Westview Hospital;ER;50;96;73
ID-#01688-B!;2026-10-05;West;Westview Hospital;General;88;98;N/A
ID-#01865-B!;2026-10-28;East;Eastern Health;General;76;90;117
ID-#03995-E!;2026-10-17;Central;Central Care;ER;18;97;88
ID-#01945-Y!;2026-10-02;Industrial;Workers Health Center;General;46;95;104
ID-#06055-V!;2026-10-25;Central;Central Care;Observation;88;93;87
ID-#02424-Z!;2026-10-15;Industrial;Workers Health Center;ER;85;96;103
ID-#06448-Q!;2026-10-30;West;Westview Hospital;ER;20;100;72
ID-#00506-J!;2026-10-11;South;South Park Hospital;ER;82;99;95
ID-#07541-R!;2026-10-29;Industrial;Workers Health Center;General;35;87;73
ID-#01648-R!;2026-10-02;Central;Metropolis General;ICU;63;100;83
ID-#02542-S!;2026-10-17;South;South Park Hospital;ICU;77;97;103
ID-#00826-E!;2026-10-25;Industrial;Workers Health Center;General;19;87;118
ID-#02729-S!;2026-10-24;North;Northern Medical;ER;50;98;78
**ID_02238?Q;2026-10-24;Waterfront;Bayview Hospital;General;45;100;116
ID-#01359-Q!;2026-10-03;East;Eastern Health;General;69;96;94
ID-#07746-F!;2026-10-27;South;South Park Hospital;ER;46;99;117
ID-#07985-J!;2026-10-21;North;Northern Medical;ER;19;95;104
ID-#06314-N!;2026-10-14;South;South Park Hospital;General;35;97;90
ID-#05196-Y!;2026-10-04;West;Westview Hospital;General;32;95;92
ID-#01233-D!;2026-10-22;East;Eastern Health;ER;33;87;111
ID-#02906-U!;2026-10-26;West;Westview Hospital;ER;31;94;85
ID-#02503-H!;2026-10-22;South;South Park Hospital;General;67;96;92
ID-#05081-O!;2026-10-14;Waterfront;Bayview Hospital;General;84;98;73
ID-#05220-H!;2026-10-23;Waterfront;Bayview Hospital;General;64;93;102
ID-#08367-R!;2026-10-22;North;Northern Medical;ICU;90;97;103
ID-#04226-S!;2026-10-25;South;South Park Hospital;ER;-;100;72
ID-#07576-Z!;2026-10-05;East;East Point Med;Observation;24;95;97
ID-#04512-O!;2026-10-25;Waterfront;Bayview Hospital;General;86;100;82
ID-#03955-U!;2026-10-31;Industrial;Industrial Med;ICU;29;89;119
ID-#00392-A!;2026-10-24;North;Northern Medical;Observation;75;98;103
ID-#08433-W!;2026-10-23;Industrial;Industrial Med;General;23;91;86
ID-#07634-X!;2026-10-21;North;Northside Clinic;ICU;57;94;95
ID-#05070-X!;2026-10-23;Industrial;Workers Health Center;General;52;91;73
ID-#02911-A!;2026-10-20;West;Westview Hospital;Observation;76;98;90
ID-#00652-H!;2026-10-20;Central;Central Care;ER;47;93;119
ID-#07575-U!;2026-10-23;West;Westview Hospital;Observation;40;98;85
ID-#03891-K!;2026-10-05;Industrial;Workers Health Center;General;55;96;118
ID-#07628-K!;2026-10-15;South;South Park Hospital;ICU;76;100;97
ID-#07394-N!;2026-10-26;South;South Park Hospital;ER;25;97;97
ID-#01254-V!;2026-10-09;West;Westview Hospital;ER;18;97;93
ID-#04175-D!;2026-10-19;East;East Point Med;General;43;84;90
**ID_04773?D;2026-10-23;East;Eastern Health;ICU;62;88;76
ID-#00280-D!;2026-10-19;West;Westview Hospital;General;81;96;94
ID-#03841-Z!;2026-10-02;East;Eastern Health;General;32;97;99
ID-#02189-E!;2026-10-25;North;Northside Clinic;ICU;52;99;91
ID-#07049-D!;2026-10-08;Waterfront;Bayview Hospital;General;89;94;71
ID-#03766-U!;2026-10-20;Waterfront;Bayview Hospital;General;90;95;76
**ID_02133?O;2026-10-24;East;East Point Med;ER;18;90;N/A
ID-#06057-W!;2026-10-03;West;Westview Hospital;ER;72;95;100
ID-#04337-W!;2026-10-27;South;South Park Hospital;ICU;74;93;108
ID-#00908-V!;2026-10-17;Central;Central Care;ER;36;100;84
ID-#01147-W!;2026-10-14;South;South Park Hospital;General;43;96;85
ID-#07593-V!;2026-10-24;North;Northern Medical;Observation;31;94;108
ID-#04504-K!;2026-10-22;North;Northern Medical;ER;-;100;98
ID-#02993-J!;2026-10-20;East;Eastern Health;General;30;88;75
ID-#02722-Z!;2026-10-29;Waterfront;Bayview Hospital;General;55;96;96
**ID_02759?N;2026-10-16;East;East Point Med;ER;57;100;76
ID-#03786-U!;2026-10-19;Industrial;Industrial Med;ER;88;87;91
ID-#01133-Y!;2026-10-06;West;Westview Hospital;ER;39;93;95
ID-#08451-Y!;2026-10-20;Central;Central Care;Observation;43;95;81
ID-#08231-W!;2026-10-21;South;South Park Hospital;ICU;51;97;73
ID-#07334-H!;2026-10-20;Industrial;Workers Health Center;ER;72;-;106
ID-#06087-V!;2026-10-05;Waterfront;Bayview Hospital;ICU;40;97;83
ID-#05776-R!;2026-10-14;Waterfront;Bayview Hospital;ICU;90;99;118
ID-#07212-R!;2026-10-02;West;Westview Hospital;General;67;95;88
ID-#06123-T!;2026-10-07;Central;Metropolis General;ER;89;94;111
ID-#04160-U!;2026-10-20;South;South Park Hospital;ICU;71;95;88
ID-#02174-Z!;2026-10-25;West;Westview Hospital;ICU;81;94;70
ID-#01916-I!;2026-10-20;Central;Central Care;ER;50;97;92
**ID_06916?Y;2026-10-31;East;East Point Med;General;60;85;79
ID-#07813-I!;2026-10-25;Industrial;Industrial Med;ER;47;84;88
**ID_06537?F;2026-10-16;North;Northside Clinic;General;24;100;100
ID-#03344-E!;2026-10-23;West;Westview Hospital;General;24;94;117
ID-#07294-F!;2026-10-27;Central;Central Care;General;37;95;76
ID-#06264-C!;2026-10-07;Industrial;Workers Health Center;ICU;50;95;108
ID-#03831-R!;2026-10-26;North;Northern Medical;ER;88;98;93
ID-#05474-O!;2026-10-22;South;South Park Hospital;ER;31;100;108
**ID_03246?C;2026-10-07;East;East Point Med;Observation;34;100;106
ID-#01148-D!;2026-10-12;Waterfront;Bayview Hospital;General;52;100;100
ID-#07993-Q!;2026-10-24;Industrial;Workers Health Center;ER;54;92;83
ID-#05499-K!;2026-10-25;Central;Metropolis General;ER;58;96;N/A
ID-#08441-U!;2026-10-23;Central;Central Care;ER;38;94;95
ID-#00003-W!;2026-10-05;Industrial;Industrial Med;ER;43;93;96
ID-#04803-B!;2026-10-25;South;South Park Hospital;General;48;99;71
**ID_00387?V;2026-10-24;East;Eastern Health;ER;53;80;99
ID-#02731-D!;2026-10-30;West;Westview Hospital;ICU;53;95;103
ID-#05854-R!;2026-10-12;North;Northside Clinic;ER;20;100;74
ID-#08314-V!;2026-10-19;Industrial;Workers Health Center;General;63;92;70
ID-#07209-S!;2026-10-21;North;Northside Clinic;ER;67;94;77
ID-#07664-H!;2026-10-30;Industrial;Workers Health Center;ER;78;86;74
ID-#03106-M!;2026-10-15;Waterfront;Bayview Hospital;Observation;55;100;99
**ID_05374?K;2026-10-25;East;East Point Med;General;58;80;97
ID-#07563-C!;2026-10-11;Central;Metropolis General;ICU;55;-;82
ID-#03301-N!;2026-10-22;Waterfront;Bayview Hospital;General;66;96;N/A
ID-#01437-A!;2026-10-22;Waterfront;Bayview Hospital;ICU;25;100;98
ID-#04838-O!;2026-10-02;Waterfront;Bayview Hospital;ER;30;97;81
ID-#05352-Q!;2026-10-08;South;South Park Hospital;General;21;95;103
**ID_03138?X;2026-10-19;West;Westview Hospital;ICU;43;93;116
ID-#07245-M!;2026-10-03;Waterfront;Bayview Hospital;ER;59;100;120
ID-#04794-N!;2026-10-25;Industrial;Industrial Med;ER;63;85;98
ID-#05973-C!;2026-10-21;Waterfront;Bayview Hospital;General;32;99;83
ID-#03845-T!;2026-10-24;Industrial;Workers Health Center;Observation;-;89;N/A
ID-#05043-W!;2026-10-07;Industrial;Industrial Med;General;73;97;96
ID-#07316-X!;2026-10-22;North;Northern Medical;ICU;18;94;101
ID-#00369-E!;2026-10-20;West;Westview Hospital;General;30;97;98
ID-#07650-I!;2026-10-23;West;Westview Hospital;General;80;96;85
ID-#01826-K!;2026-10-12;South;South Park Hospital;ER;73;94;87
**ID_02524?I;2026-10-24;East;East Point Med;ICU;38;85;108
ID-#08290-A!;2026-10-10;East;Eastern Health;General;36;95;104
ID-#03588-B!;2026-10-03;North;Northside Clinic;ER;57;93;93
ID-#01373-Q!;2026-10-27;South;South Park Hospital;ER;90;94;100
ID-#02045-X!;2026-10-10;East;East Point Med;ER;84;93;96
ID-#04386-Z!;2026-10-05;East;Eastern Health;ICU;44;96;120
ID-#08318-M!;2026-10-07;North;Northern Medical;ER;61;93;115
ID-#04443-L!;2026-10-04;Waterfront;Bayview Hospital;ICU;61;93;95
ID-#03100-I!;2026-10-20;South;South Park Hospital;General;74;98;91
ID-#05033-A!;2026-10-17;Central;Central Care;ER;53;97;85
ID-#06391-D!;2026-10-20;South;South Park Hospital;General;82;96;113
ID-#08393-R!;2026-10-19;North;Northern Medical;ICU;73;97;87
ID-#06552-O!;2026-10-25;Industrial;Industrial Med;Observation;38;86;82
ID-#04700-A!;2026-10-31;North;Northern Medical;ICU;39;94;77
ID-#03899-P!;2026-10-14;Central;Metropolis General;ER;84;95;92
ID-#02079-P!;2026-10-06;Industrial;Workers Health Center;ER;34;99;93
**ID_00228?J;2026-10-04;West;Westview Hospital;ER;78;-;118
ID-#05688-M!;2026-10-19;East;East Point Med;ER;86;91;92
ID-#02822-Z!;2026-10-08;Central;Metropolis General;Observation;-;96;112
ID-#06656-D!;2026-10-07;North;Northside Clinic;ICU;-;95;95
ID-#03267-Q!;2026-10-14;Central;Metropolis General;ER;24;95;71
ID-#08484-L!;2026-10-31;East;Eastern Health;ER;47;86;78
ID-#00770-Y!;2026-10-03;Industrial;Workers Health Center;ICU;33;100;94
ID-#04915-Z!;2026-10-07;Central;Central Care;ER;39;95;116
ID-#07793-O!;2026-10-25;West;Westview Hospital;ER;49;95;73
ID-#04713-V!;2026-10-04;Central;Metropolis General;General;37;99;114
ID-#04390-F!;2026-10-20;South;South Park Hospital;ICU;75;98;120
ID-#06034-B!;2026-10-02;North;Northside Clinic;General;73;96;71
ID-#00804-F!;2026-10-19;West;Westview Hospital;ER;18;97;113
ID-#00030-A!;2026-10-22;Industrial;Workers Health Center;ER;72;88;96
ID-#05242-R!;2026-10-24;Waterfront;Bayview Hospital;ER;39;99;91
ID-#06056-F!;2026-10-14;North;Northside Clinic;Observation;41;99;92
ID-#05561-D!;2026-10-05;Central;Metropolis General;ER;69;98;101
**ID_04391?N;2026-10-22;South;South Park Hospital;Observation;66;98;91
ID-#04290-U!;2026-10-30;East;Eastern Health;General;87;89;73
ID-#02264-N!;2026-10-24;South;South Park Hospital;ER;66;94;N/A
ID-#04417-A!;2026-10-20;East;Eastern Health;General;77;91;93
ID-#04699-C!;2026-10-29;North;Northside Clinic;ER;64;96;98
ID-#07648-D!;2026-10-21;West;Westview Hospital;ER;36;100;89
ID-#03201-F!;2026-10-09;West;Westview Hospital;ER;69;97;114
ID-#02985-F!;2026-10-17;Waterfront;Bayview Hospital;ICU;29;94;113
ID-#07973-B!;2026-10-23;East;East Point Med;Observation;36;86;80
ID-#01992-J!;2026-10-10;Waterfront;Bayview Hospital;ER;85;98;102
ID-#02168-X!;2026-10-25;Central;Metropolis General;ICU;50;93;103
ID-#00093-B!;2026-10-05;West;Westview Hospital;General;63;96;102
ID-#07917-E!;2026-10-20;North;Northside Clinic;ICU;-;93;95
ID-#03439-Y!;2026-10-23;North;Northside Clinic;ER;26;96;94
ID-#05615-G!;2026-10-21;Waterfront;Bayview Hospital;ICU;19;93;80
ID-#03704-G!;2026-10-24;West;Westview Hospital;ER;76;98;105
ID-#04358-G!;2026-10-25;Central;Metropolis General;ICU;58;100;76
ID-#01406-Y!;2026-10-25;Industrial;Workers Health Center;General;73;85;106
ID-#02577-H!;2026-10-18;Industrial;Industrial Med;ER;61;100;79
ID-#02672-W!;2026-10-26;Waterfront;Bayview Hospital;ER;51;93;82
ID-#00660-T!;2026-10-23;West;Westview Hospital;ER;18;99;119
ID-#04092-J!;2026-10-06;Central;Metropolis General;ER;58;98;116
ID-#07636-N!;2026-10-03;Industrial;Industrial Med;ER;38;96;115
ID-#02134-Y!;2026-10-21;East;East Point Med;ER;67;84;110
ID-#04376-D!;2026-10-22;East;Eastern Health;ER;18;85;85
**ID_04259?G;2026-10-19;Central;Metropolis General;General;75;98;113
ID-#05173-S!;2026-10-25;West;Westview Hospital;ER;41;95;91
ID-#04149-Y!;2026-10-20;North;Northside Clinic;ER;71;94;107
ID-#06423-W!;2026-10-11;West;Westview Hospital;ER;-;96;103
ID-#07691-J!;2026-10-09;Waterfront;Bayview Hospital;ICU;35;-;72
ID-#08044-O!;2026-10-29;East;East Point Med;ER;48;91;80
ID-#08170-Y!;2026-10-06;West;Westview Hospital;Observation;44;93;87
ID-#03340-J!;2026-10-26;Waterfront;Bayview Hospital;ER;73;97;79
**ID_00769?R;2026-10-21;Waterfront;Bayview Hospital;ER;54;95;103
**ID_05583?H;2026-10-24;East;Eastern Health;ER;50;82;99
ID-#03233-B!;2026-10-20;Waterfront;Bayview Hospital;ER;89;97;105
ID-#04429-N!;2026-10-17;East;Eastern Health;ER;27;94;93
ID-#05134-B!;2026-10-23;West;Westview Hospital;General;67;98;80
ID-#04813-X!;2026-10-21;Waterfront;Bayview Hospital;ER;24;94;111
ID-#05344-W!;2026-10-30;North;Northern Medical;Observation;46;94;120
ID-#05436-D!;2026-10-21;East;East Point Med;General;51;85;85
ID-#04135-J!;2026-10-17;South;South Park Hospital;ER;-;100;N/A
ID-#01532-C!;2026-10-20;Waterfront;Bayview Hospital;General;26;98;70
ID-#03508-D!;2026-10-24;Waterfront;Bayview Hospital;ER;77;94;106
ID-#02837-K!;2026-10-13;West;Westview Hospital;ICU;87;97;82
ID-#04668-K!;2026-10-27;Waterfront;Bayview Hospital;General;63;96;75
ID-#07705-Y!;2026-10-24;North;Northern Medical;ICU;49;95;90
**ID_06151?Z;2026-10-21;South;South Park Hospital;General;89;97;107
ID-#05724-M!;2026-10-28;East;Eastern Health;Observation;66;91;87
ID-#02574-X!;2026-10-17;Waterfront;Bayview Hospital;ER;77;99;106
ID-#03349-R!;2026-10-24;North;Northside Clinic;General;73;96;106
ID-#05963-M!;2026-10-06;East;East Point Med;ER;63;94;118
ID-#07721-G!;2026-10-19;Central;Metropolis General;ICU;25;94;112
ID-#07113-P!;2026-10-03;West;Westview Hospital;ER;72;95;95
ID-#06003-M!;2026-10-25;Central;Metropolis General;General;77;98;115
ID-#07024-Q!;2026-10-20;East;Eastern Health;ICU;20;91;106
ID-#05890-N!;2026-10-19;South;South Park Hospital;Observation;20;95;104
ID-#00472-L!;2026-10-22;Waterfront;Bayview Hospital;ICU;30;100;102
ID-#05810-U!;2026-10-08;West;Westview Hospital;ER;58;97;77
ID-#06286-G!;2026-10-18;North;Northside Clinic;ICU;-;96;109
ID-#00012-Z!;2026-10-21;Central;Metropolis General;ER;27;96;78
ID-#01115-A!;2026-10-26;Industrial;Industrial Med;Observation;76;88;80
**ID_05456?D;2026-10-31;West;Westview Hospital;ER;65;98;102
**ID_04690?N;2026-10-02;South;South Park Hospital;ER;32;94;116
**ID_03028?T;2026-10-13;Central;Metropolis General;General;69;95;112
ID-#06201-L!;2026-10-05;West;Westview Hospital;ICU;71;99;108
ID-#01990-G!;2026-10-11;Central;Metropolis General;General;27;98;102
ID-#08362-C!;2026-10-10;South;South Park Hospital;ER;18;-;109
ID-#07770-T!;2026-10-13;North;Northern Medical;ER;90;93;111
ID-#05449-K!;2026-10-23;North;Northside Clinic;Observation;72;100;89
**ID_07716?G;2026-10-24;West;Westview Hospital;ER;78;100;116
ID-#05132-A!;2026-10-28;East;East Point Med;ER;62;85;114
ID-#06200-V!;2026-10-19;South;South Park Hospital;General;55;96;86
ID-#04641-U!;2026-10-23;East;East Point Med;ER;25;-;107
ID-#01288-P!;2026-10-27;West;Westview Hospital;ER;22;94;97
ID-#03232-U!;2026-10-25;Industrial;Industrial Med;ER;33;87;98
ID-#02432-F!;2026-10-27;East;Eastern Health;Observation;46;83;N/A
ID-#06258-E!;2026-10-03;West;Westview Hospital;ER;60;99;86
ID-#01799-G!;2026-10-25;Central;Metropolis General;General;56;100;77
ID-#02224-H!;2026-10-06;Industrial;Industrial Med;ER;20;95;117
ID-#03018-K!;2026-10-23;Waterfront;Bayview Hospital;ER;35;94;74
ID-#03667-X!;2026-10-19;Industrial;Workers Health Center;Observation;55;82;111
ID-#05037-O!;2026-10-27;West;Westview Hospital;ICU;69;-;107
ID-#02808-Z!;2026-10-10;East;Eastern Health;General;45;97;73
ID-#01200-H!;2026-10-26;North;Northern Medical;Observation;60;98;86
ID-#02010-A!;2026-10-21;Industrial;Industrial Med;General;39;88;101
ID-#05676-D!;2026-10-24;Industrial;Industrial Med;General;41;82;77
ID-#05008-E!;2026-10-25;North;Northern Medical;General;25;95;78
ID-#04217-U!;2026-10-07;Central;Central Care;General;65;93;95
**ID_07184?H;2026-10-07;Central;Metropolis General;ER;90;95;77
ID-#06308-P!;2026-10-26;Central;Central Care;General;67;93;108
ID-#02140-B!;2026-10-22;South;South Park Hospital;ER;81;97;90
ID-#05809-N!;2026-10-20;Central;Central Care;ER;24;98;106
ID-#00137-I!;2026-10-31;North;Northside Clinic;ER;33;93;73
**ID_05093?P;2026-10-25;Waterfront;Bayview Hospital;ER;69;93;113
ID-#07583-N!;2026-10-14;West;Westview Hospital;Observation;19;93;95
ID-#00189-J!;2026-10-22;Waterfront;Bayview Hospital;ICU;66;94;104
ID-#07192-T!;2026-10-07;Waterfront;Bayview Hospital;ER;65;96;118
ID-#03199-U!;2026-10-23;North;Northern Medical;General;82;93;N/A
ID-#06907-N!;2026-10-20;Industrial;Industrial Med;ER;-;92;114
ID-#04431-W!;2026-10-29;Waterfront;Bayview Hospital;General;78;95;75
ID-#02356-J!;2026-10-04;Waterfront;Bayview Hospital;General;37;96;102
ID-#05355-Y!;2026-10-13;North;Northside Clinic;ER;71;95;89
ID-#01052-K!;2026-10-24;North;Northside Clinic;General;48;94;74
ID-#02035-G!;2026-10-06;West;Westview Hospital;ICU;-;96;90
ID-#04250-C!;2026-10-05;Central;Metropolis General;ICU;52;100;102
ID-#02443-R!;2026-10-26;North;Northside Clinic;ER;45;96;107
**ID_03092?A;2026-10-25;Industrial;Workers Health Center;General;90;82;93
ID-#01821-N!;2026-10-27;North;Northside Clinic;ICU;59;100;112
ID-#02834-I!;2026-10-16;South;South Park Hospital;General;72;94;110
**ID_07082?O;2026-10-12;North;Northside Clinic;General;32;95;71
ID-#02507-Q!;2026-10-21;East;East Point Med;ER;33;81;74
ID-#03410-W!;2026-10-15;East;Eastern Health;ER;90;96;74
ID-#08302-M!;2026-10-20;North;Northern Medical;General;33;93;78
ID-#07734-J!;2026-10-02;West;Westview Hospital;Observation;89;96;81
ID-#04854-O!;2026-10-21;Industrial;Industrial Med;General;52;91;74
ID-#04746-N!;2026-10-19;South;South Park Hospital;General;64;100;76
**ID_04333?Z;2026-10-19;South;South Park Hospital;General;58;99;83
ID-#04787-X!;2026-10-20;Industrial;Workers Health Center;General;76;90;112
ID-#00919-U!;2026-10-22;Central;Metropolis General;ER;-;99;111
ID-#06936-X!;2026-10-08;South;South Park Hospital;General;70;97;112
**ID_07956?L;2026-10-31;South;South Park Hospital;ICU;83;99;111
**ID_00209?L;2026-10-24;Central;Central Care;ER;31;95;108
ID-#01841-E!;2026-10-26;Waterfront;Bayview Hospital;ER;78;93;89
ID-#06126-X!;2026-10-15;Waterfront;Bayview Hospital;ICU;73;98;85
ID-#01534-Q!;2026-10-24;Industrial;Industrial Med;ICU;62;92;109
ID-#08092-G!;2026-10-11;North;Northern Medical;ER;23;99;113
ID-#00960-D!;2026-10-26;East;Eastern Health;ER;66;88;78
ID-#08311-J!;2026-10-21;West;Westview Hospital;General;36;99;76
ID-#03002-F!;2026-10-20;Waterfront;Bayview Hospital;ICU;52;100;108
ID-#07677-G!;2026-10-13;West;Westview Hospital;Observation;-;98;120
ID-#00933-L!;2026-10-20;North;Northside Clinic;General;29;98;94
ID-#05231-R!;2026-10-20;West;Westview Hospital;Observation;48;95;71
**ID_05337?W;2026-10-18;Industrial;Industrial Med;General;85;97;90
ID-#04105-A!;2026-10-26;Waterfront;Bayview Hospital;General;90;-;90
ID-#05427-H!;2026-10-09;South;South Park Hospital;ER;44;96;91
ID-#07695-V!;2026-10-16;Industrial;Workers Health Center;Observation;65;93;120
ID-#06208-F!;2026-10-20;Industrial;Workers Health Center;ICU;60;92;N/A
ID-#04088-X!;2026-10-20;Industrial;Industrial Med;ER;31;86;100
ID-#06871-S!;2026-10-10;East;Eastern Health;ER;50;-;83
ID-#03775-D!;2026-10-29;North;Northside Clinic;ICU;68;96;96
ID-#07306-P!;2026-10-14;Waterfront;Bayview Hospital;Observation;86;96;99
ID-#01260-D!;2026-10-22;Central;Central Care;ICU;34;97;95
ID-#01960-E!;2026-10-17;North;Northside Clinic;ER;74;99;117
ID-#00115-H!;2026-10-21;South;South Park Hospital;General;65;100;104
ID-#02289-Y!;2026-10-05;Industrial;Workers Health Center;General;25;94;94
ID-#02682-K!;2026-10-29;Waterfront;Bayview Hospital;ICU;45;95;113
**ID_04638?F;2026-10-19;Industrial;Industrial Med;ER;27;90;76
ID-#04662-V!;2026-10-24;East;Eastern Health;General;90;89;98
ID-#02242-G!;2026-10-20;South;South Park Hospital;ER;89;98;115
ID-#08198-N!;2026-10-21;North;Northside Clinic;ER;72;95;113
ID-#05990-A!;2026-10-26;South;South Park Hospital;ER;84;93;108
ID-#08327-X!;2026-10-05;Waterfront;Bayview Hospital;ER;80;95;101
ID-#00322-A!;2026-10-22;Waterfront;Bayview Hospital;ER;58;100;102
ID-#08226-A!;2026-10-09;Industrial;Workers Health Center;Observation;24;93;89
ID-#05464-L!;2026-10-27;East;East Point Med;ER;66;80;80
ID-#04840-A!;2026-10-06;South;South Park Hospital;ER;40;100;82
ID-#03015-X!;2026-10-31;Waterfront;Bayview Hospital;Observation;87;99;70
ID-#06787-R!;2026-10-08;Waterfront;Bayview Hospital;Observation;22;95;108
ID-#06883-A!;2026-10-26;Waterfront;Bayview Hospital;ER;40;94;92
ID-#04786-J!;2026-10-28;West;Westview Hospital;ICU;90;93;74
ID-#07311-L!;2026-10-22;Waterfront;Bayview Hospital;ER;37;96;79
ID-#00887-V!;2026-10-05;Waterfront;Bayview Hospital;General;69;97;93
ID-#02931-H!;2026-10-23;East;East Point Med;General;53;88;101
ID-#02320-G!;2026-10-19;South;South Park Hospital;ICU;26;96;75
ID-#03711-Y!;2026-10-26;Industrial;Industrial Med;ICU;68;84;73
ID-#07976-V!;2026-10-28;West;Westview Hospital;General;36;99;110
ID-#07561-B!;2026-10-16;South;South Park Hospital;ICU;39;93;102
ID-#02122-P!;2026-10-29;East;Eastern Health;ICU;80;92;98
ID-#08002-J!;2026-10-26;Central;Central Care;General;49;97;113
ID-#03807-R!;2026-10-26;Industrial;Workers Health Center;General;64;83;93
ID-#04050-X!;2026-10-28;West;Westview Hospital;Observation;81;97;97
ID-#06322-F!;2026-10-04;West;Westview Hospital;ER;42;97;82
ID-#03033-N!;2026-10-20;East;East Point Med;ER;38;83;76
ID-#04128-S!;2026-10-23;South;South Park Hospital;General;69;97;84
ID-#06427-X!;2026-10-17;South;South Park Hospital;ICU;46;100;119
ID-#07101-I!;2026-10-20;East;East Point Med;ER;31;90;N/A
ID-#04315-G!;2026-10-23;West;Westview Hospital;ICU;36;-;85
**ID_00842?T;2026-10-10;Industrial;Industrial Med;General;76;100;99
ID-#05655-Q!;2026-10-23;North;Northside Clinic;ER;50;99;116
ID-#07896-W!;2026-10-22;West;Westview Hospital;General;36;100;113
ID-#03997-H!;2026-10-14;South;South Park Hospital;ER;-;95;95
ID-#08241-T!;2026-10-31;North;Northern Medical;ER;35;100;87
ID-#05780-I!;2026-10-29;South;South Park Hospital;ER;59;99;86
ID-#07175-R!;2026-10-20;Waterfront;Bayview Hospital;ER;23;99;104
**ID_04213?L;2026-10-13;East;Eastern Health;General;72;93;78
ID-#07878-Q!;2026-10-11;Waterfront;Bayview Hospital;General;43;99;81
ID-#01467-A!;2026-10-24;Waterfront;Bayview Hospital;ICU;80;97;95
ID-#03575-Q!;2026-10-15;Waterfront;Bayview Hospital;ICU;36;100;107
ID-#07138-M!;2026-10-30;West;Westview Hospital;General;57;100;102
ID-#05921-V!;2026-10-20;Waterfront;Bayview Hospital;General;40;98;75
ID-#05977-Q!;2026-10-23;West;Westview Hospital;General;83;96;99
ID-#08421-V!;2026-10-20;East;East Point Med;ICU;83;90;70
ID-#01210-F!;2026-10-25;North;Northern Medical;General;78;97;98
ID-#06470-X!;2026-10-28;South;South Park Hospital;General;62;97;115
ID-#07167-Z!;2026-10-25;West;Westview Hospital;General;81;93;79
ID-#06075-Z!;2026-10-29;East;East Point Med;ICU;86;85;N/A
ID-#03068-V!;2026-10-22;West;Westview Hospital;General;87;95;96
ID-#07994-B!;2026-10-22;Waterfront;Bayview Hospital;General;43;99;81
ID-#06726-E!;2026-10-24;North;Northside Clinic;General;89;96;86
ID-#05908-K!;2026-10-06;Waterfront;Bayview Hospital;General;60;94;87
ID-#00921-Y!;2026-10-25;Industrial;Workers Health Center;Observation;76;90;92
ID-#04438-F!;2026-10-04;Waterfront;Bayview Hospital;ER;36;95;103
ID-#06994-C!;2026-10-23;North;Northern Medical;ER;57;-;82
ID-#04461-Y!;2026-10-24;South;South Park Hospital;ER;90;98;100
ID-#07408-A!;2026-10-24;North;Northside Clinic;ER;51;95;74
**ID_08236?F;2026-10-19;Waterfront;Bayview Hospital;ICU;39;96;90
ID-#07767-C!;2026-10-31;West;Westview Hospital;ER;89;95;90
ID-#05324-O!;2026-10-24;Industrial;Workers Health Center;General;77;91;100
ID-#04998-Z!;2026-10-22;East;Eastern Health;ER;65;82;114
**ID_05212?F;2026-10-24;North;Northside Clinic;ER;-;99;111
**ID_05467?M;2026-10-24;Industrial;Workers Health Center;ICU;39;83;77
ID-#00446-P!;2026-10-10;Waterfront;Bayview Hospital;General;68;-;96
ID-#04571-Y!;2026-10-13;South;South Park Hospital;ICU;52;94;106
ID-#07321-U!;2026-10-15;Central;Metropolis General;ICU;53;96;89
ID-#01026-B!;2026-10-17;East;Eastern Health;ICU;49;95;107
ID-#01306-A!;2026-10-24;Industrial;Workers Health Center;General;55;90;90
**ID_02100?Z;2026-10-09;North;Northern Medical;General;52;97;71
**ID_07597?W;2026-10-23;Industrial;Workers Health Center;ER;84;92;86
ID-#07390-B!;2026-10-15;East;Eastern Health;ICU;54;95;82
ID-#05252-P!;2026-10-25;Industrial;Workers Health Center;ICU;34;90;83
**ID_05254?B;2026-10-25;South;South Park Hospital;ER;-;93;76
ID-#07125-Q!;2026-10-25;Waterfront;Bayview Hospital;ER;72;94;118
ID-#05668-C!;2026-10-26;Central;Central Care;ER;85;98;77
ID-#00814-Q!;2026-10-24;North;Northern Medical;ER;77;94;119
ID-#06663-S!;2026-10-17;West;Westview Hospital;General;41;99;91
ID-#05937-H!;2026-10-28;Central;Metropolis General;ER;79;94;70
ID-#02167-C!;2026-10-30;Central;Central Care;ICU;87;95;84
ID-#02349-N!;2026-10-04;South;South Park Hospital;Observation;23;93;108
ID-#00054-O!;2026-10-30;South;South Park Hospital;ICU;68;97;117
ID-#08225-G!;2026-10-10;Industrial;Industrial Med;ER;-;100;88
ID-#05719-K!;2026-10-04;Central;Metropolis General;ER;81;95;106
ID-#06512-B!;2026-10-16;Waterfront;Bayview Hospital;General;-;93;75
ID-#02639-P!;2026-10-10;North;Northside Clinic;ICU;58;93;97
ID-#00783-L!;2026-10-22;Central;Central Care;Observation;90;96;72
ID-#08070-Y!;2026-10-22;North;Northside Clinic;ER;-;94;119
ID-#06802-J!;2026-10-06;Central;Metropolis General;ICU;28;99;117
ID-#00217-Z!;2026-10-04;Industrial;Industrial Med;General;46;94;103
ID-#01182-H!;2026-10-30;Waterfront;Bayview Hospital;Observation;53;94;77
ID-#06887-F!;2026-10-26;Industrial;Workers Health Center;ER;88;90;95
ID-#04891-Y!;2026-10-25;North;Northern Medical;ER;49;94;93
ID-#05045-D!;2026-10-27;Waterfront;Bayview Hospital;ER;-;94;N/A
ID-#05841-U!;2026-10-21;West;Westview Hospital;ER;68;99;120
ID-#00905-K!;2026-10-22;North;Northside Clinic;ICU;28;99;83
ID-#01979-E!;2026-10-21;South;South Park Hospital;ER;44;96;114
ID-#02413-X!;2026-10-28;Central;Central Care;Observation;51;94;115
ID-#00607-D!;2026-10-17;West;Westview Hospital;ER;44;95;118
ID-#05279-T!;2026-10-08;Industrial;Industrial Med;ER;35;94;76
ID-#00163-O!;2026-10-23;Industrial;Workers Health Center;ER;67;87;116
**ID_03077?Z;2026-10-19;Waterfront;Bayview Hospital;General;85;97;113
ID-#03097-J!;2026-10-09;West;Westview Hospital;ER;50;99;110
ID-#03187-U!;2026-10-24;West;Westview Hospital;ER;53;93;99
ID-#06760-Z!;2026-10-25;Industrial;Workers Health Center;Observation;78;84;78
ID-#01955-W!;2026-10-11;North;Northern Medical;ICU;18;98;100
ID-#07217-Q!;2026-10-20;West;Westview Hospital;ER;87;100;78
**ID_01007?G;2026-10-26;North;Northern Medical;Observation;66;99;106
ID-#05321-E!;2026-10-06;Waterfront;Bayview Hospital;ER;20;98;102
ID-#02973-Y!;2026-10-19;Industrial;Workers Health Center;General;34;89;104
ID-#03265-U!;2026-10-25;North;Northside Clinic;ER;44;94;115
ID-#01714-R!;2026-10-24;West;Westview Hospital;ER;69;-;87
ID-#02318-M!;2026-10-19;North;Northside Clinic;General;53;94;101
ID-#07143-E!;2026-10-25;North;Northside Clinic;ICU;33;96;73
ID-#03127-R!;2026-10-25;Central;Central Care;General;67;97;114
ID-#06437-G!;2026-10-27;North;Northside Clinic;ER;-;93;80
ID-#05140-F!;2026-10-26;East;Eastern Health;General;44;88;108
ID-#07863-E!;2026-10-20;Central;Central Care;General;69;95;N/A
ID-#04604-Q!;2026-10-18;Central;Central Care;ER;21;99;95
ID-#02460-U!;2026-10-15;Central;Metropolis General;General;26;94;120
ID-#04093-H!;2026-10-20;Waterfront;Bayview Hospital;ER;52;99;85
ID-#02587-U!;2026-10-21;North;Northern Medical;ICU;63;93;99
ID-#05612-W!;2026-10-05;South;South Park Hospital;ICU;46;95;113
ID-#06886-Z!;2026-10-16;East;Eastern Health;ICU;62;98;N/A
ID-#01600-C!;2026-10-03;Waterfront;Bayview Hospital;ER;56;97;95
ID-#04660-V!;2026-10-19;Central;Central Care;General;54;98;98
ID-#06398-H!;2026-10-19;South;South Park Hospital;General;32;94;73
ID-#08088-E!;2026-10-06;East;East Point Med;ER;66;94;78
ID-#05745-U!;2026-10-29;East;East Point Med;ER;85;87;92
ID-#07739-A!;2026-10-13;East;East Point Med;Observation;74;98;72
ID-#08150-D!;2026-10-19;South;South Park Hospital;ER;49;96;74
ID-#08340-S!;2026-10-24;North;Northside Clinic;General;63;98;70
**ID_01981?W;2026-10-15;East;East Point Med;ICU;77;97;117
**ID_04757?P;2026-10-02;Central;Metropolis General;ER;47;94;111
ID-#01216-L!;2026-10-10;Industrial;Workers Health Center;ER;86;95;94
ID-#02886-P!;2026-10-23;South;South Park Hospital;ER;71;96;105
ID-#00834-P!;2026-10-21;South;South Park Hospital;ICU;60;98;82
ID-#01801-X!;2026-10-23;South;South Park Hospital;Observation;71;97;104
ID-#02981-E!;2026-10-22;North;Northern Medical;General;29;93;87
ID-#05689-L!;2026-10-27;South;South Park Hospital;General;90;95;118
**ID_06078?H;2026-10-02;North;Northside Clinic;Observation;84;94;76
ID-#01470-J!;2026-10-04;North;Northside Clinic;ER;29;94;102
ID-#03037-X!;2026-10-09;West;Westview Hospital;ER;43;-;114
ID-#06267-S!;2026-10-21;West;Westview Hospital;ICU;85;97;75
ID-#07103-W!;2026-10-23;East;Eastern Health;General;63;90;86
ID-#06769-M!;2026-10-09;Central;Central Care;ICU;29;99;119
**ID_03697?B;2026-10-28;West;Westview Hospital;ER;49;96;80
ID-#03530-S!;2026-10-24;West;Westview Hospital;ICU;72;99;107
ID-#06435-R!;2026-10-02;North;Northern Medical;General;49;95;73
ID-#06632-U!;2026-10-29;West;Westview Hospital;ICU;61;97;79
ID-#08426-L!;2026-10-25;Central;Central Care;General;82;-;107
ID-#00913-A!;2026-10-19;South;South Park Hospital;General;60;98;75
ID-#06548-S!;2026-10-14;Central;Central Care;ICU;90;93;102
**ID_04096?D;2026-10-31;East;East Point Med;ER;29;87;116
ID-#05425-E!;2026-10-26;Central;Metropolis General;General;32;97;82
ID-#03405-K!;2026-10-24;West;Westview Hospital;ER;58;94;102
ID-#08201-U!;2026-10-05;West;Westview Hospital;ER;80;95;85
ID-#07957-T!;2026-10-05;Waterfront;Bayview Hospital;ICU;51;99;81
ID-#04655-X!;2026-10-06;North;Northern Medical;ER;71;93;99
ID-#04560-M!;2026-10-24;Central;Central Care;ER;55;100;112
**ID_02390?O;2026-10-06;Central;Central Care;Observation;60;99;71
ID-#05717-J!;2026-10-23;West;Westview Hospital;ER;-;96;106
ID-#01781-O!;2026-10-10;Waterfront;Bayview Hospital;ICU;27;100;80
**ID_02412?I;2026-10-13;South;South Park Hospital;ER;36;93;118
ID-#07068-W!;2026-10-25;Central;Metropolis General;ER;-;99;108
ID-#00550-T!;2026-10-24;Industrial;Industrial Med;General;33;89;87
ID-#04817-C!;2026-10-23;South;South Park Hospital;ER;71;94;109
ID-#04849-U!;2026-10-19;North;Northside Clinic;ER;50;96;113
ID-#05051-C!;2026-10-27;North;Northside Clinic;General;35;93;78
ID-#06892-M!;2026-10-20;Central;Central Care;ICU;34;97;84
ID-#04581-B!;2026-10-19;West;Westview Hospital;ER;-;93;76
ID-#00710-U!;2026-10-16;South;South Park Hospital;ICU;32;100;110
**ID_00991?K;2026-10-20;Industrial;Industrial Med;ER;37;86;94
ID-#05155-Q!;2026-10-26;Central;Central Care;ICU;44;100;78
ID-#04025-X!;2026-10-27;Waterfront;Bayview Hospital;Observation;-;97;90
ID-#00641-E!;2026-10-20;West;Westview Hospital;ER;76;95;111
ID-#04064-R!;2026-10-22;North;Northside Clinic;General;47;100;78
ID-#01618-U!;2026-10-02;Central;Metropolis General;General;86;100;74
ID-#05802-N!;2026-10-26;Central;Metropolis General;ER;70;97;103
ID-#03140-T!;2026-10-21;South;South Park Hospital;ER;72;95;82
ID-#04079-Y!;2026-10-25;Waterfront;Bayview Hospital;ICU;86;94;99
ID-#08324-R!;2026-10-23;Waterfront;Bayview Hospital;General;78;98;94
ID-#02067-X!;2026-10-17;East;East Point Med;ER;90;94;90
ID-#06321-U!;2026-10-18;Central;Metropolis General;Observation;25;94;75
ID-#00635-Q!;2026-10-18;East;East Point Med;General;43;95;119
ID-#04952-A!;2026-10-20;East;East Point Med;General;44;88;N/A
ID-#02601-L!;2026-10-14;Waterfront;Bayview Hospital;ICU;20;100;89
ID-#04683-F!;2026-10-27;South;South Park Hospital;General;61;99;89
ID-#04116-V!;2026-10-30;Waterfront;Bayview Hospital;General;44;97;76
ID-#00149-D!;2026-10-23;West;Westview Hospital;General;62;96;115
**ID_02491?T;2026-10-06;Industrial;Workers Health Center;ER;68;95;86
**ID_06430?R;2026-10-21;Central;Metropolis General;General;89;93;113
ID-#01921-D!;2026-10-16;South;South Park Hospital;ICU;72;95;70
ID-#00780-T!;2026-10-29;South;South Park Hospital;General;46;96;105
ID-#02664-S!;2026-10-24;Central;Metropolis General;ICU;76;96;109
ID-#05139-P!;2026-10-20;Waterfront;Bayview Hospital;General;36;99;111
ID-#01198-F!;2026-10-10;West;Westview Hospital;Observation;59;99;85
**ID_01533?G;2026-10-24;Central;Central Care;ICU;82;95;102
**ID_06012?Q;2026-10-21;Waterfront;Bayview Hospital;General;30;100;115
**ID_03463?E;2026-10-09;East;Eastern Health;General;83;96;113
ID-#00947-V!;2026-10-14;Industrial;Industrial Med;ER;52;93;108
ID-#04261-W!;2026-10-26;Waterfront;Bayview Hospital;ER;22;100;119
ID-#05931-A!;2026-10-22;North;Northside Clinic;ER;66;96;79
**ID_02378?O;2026-10-23;South;South Park Hospital;Observation;37;95;95
ID-#02680-J!;2026-10-23;West;Westview Hospital;ER;59;93;78
ID-#05112-V!;2026-10-07;West;Westview Hospital;Observation;35;95;96
ID-#03312-A!;2026-10-25;Central;Metropolis General;ER;18;97;106
ID-#06811-E!;2026-10-05;Waterfront;Bayview Hospital;ER;31;94;89
ID-#04122-M!;2026-10-15;East;East Point Med;ER;69;95;82
ID-#01764-F!;2026-10-05;Industrial;Workers Health Center;General;36;93;108
ID-#02821-Y!;2026-10-25;West;Westview Hospital;General;45;100;109
ID-#04941-I!;2026-10-31;Waterfront;Bayview Hospital;Observation;62;94;N/A
ID-#02533-U!;2026-10-20;Industrial;Workers Health Center;ER;42;83;119
ID-#05314-D!;2026-10-20;Industrial;Workers Health Center;General;33;88;108
ID-#02956-G!;2026-10-06;Waterfront;Bayview Hospital;General;35;100;78
**ID_06533?L;2026-10-08;Waterfront;Bayview Hospital;ER;73;100;119
ID-#05320-Z!;2026-10-21;West;Westview Hospital;General;89;95;116
ID-#03790-F!;2026-10-28;East;Eastern Health;General;64;82;112
ID-#08216-T!;2026-10-14;North;Northside Clinic;General;55;93;85
ID-#03762-U!;2026-10-22;Central;Central Care;ER;36;98;99
ID-#03434-X!;2026-10-25;South;South Park Hospital;General;31;97;85
ID-#00171-U!;2026-10-22;South;South Park Hospital;ER;45;100;77
ID-#03084-N!;2026-10-22;Industrial;Industrial Med;ER;68;80;N/A
ID-#01245-I!;2026-10-04;Industrial;Workers Health Center;ER;83;93;115
ID-#04219-Q!;2026-10-20;South;South Park Hospital;General;26;97;94
ID-#07150-I!;2026-10-07;Waterfront;Bayview Hospital;ICU;87;95;79
ID-#02046-V!;2026-10-21;Central;Central Care;ICU;69;98;96
ID-#02393-G!;2026-10-16;West;Westview Hospital;General;45;97;N/A
ID-#03498-T!;2026-10-22;Waterfront;Bayview Hospital;General;82;96;N/A
ID-#00521-M!;2026-10-17;North;Northern Medical;ICU;26;98;106
ID-#00067-E!;2026-10-20;West;Westview Hospital;ER;44;96;114
**ID_01699?X;2026-10-18;Central;Metropolis General;ICU;66;96;114
ID-#02535-X!;2026-10-23;West;Westview Hospital;ER;54;98;87
ID-#07181-Z!;2026-10-05;South;South Park Hospital;General;64;99;75
ID-#06178-W!;2026-10-19;South;South Park Hospital;General;67;98;78
ID-#03921-H!;2026-10-25;North;Northside Clinic;ICU;83;98;93
ID-#02394-Y!;2026-10-30;East;East Point Med;ICU;78;84;97
ID-#04496-R!;2026-10-28;East;East Point Med;General;25;81;87
ID-#08085-P!;2026-10-25;South;South Park Hospital;ICU;48;100;111
ID-#07017-I!;2026-10-16;West;Westview Hospital;ER;75;93;77
**ID_00393?R;2026-10-20;Central;Central Care;ICU;72;94;76
ID-#00457-N!;2026-10-08;East;East Point Med;ICU;74;93;91
ID-#07827-B!;2026-10-22;Industrial;Workers Health Center;General;83;92;87
**ID_08187?X;2026-10-11;Waterfront;Bayview Hospital;Observation;40;99;70
ID-#00305-U!;2026-10-25;South;South Park Hospital;ER;23;100;82
ID-#06674-L!;2026-10-24;Central;Metropolis General;ICU;21;95;111
**ID_08271?R;2026-10-27;Waterfront;Bayview Hospital;General;60;95;74
ID-#00176-F!;2026-10-24;Waterfront;Bayview Hospital;Observation;28;99;81
**ID_00375?M;2026-10-21;West;Westview Hospital;General;48;97;118
ID-#03361-J!;2026-10-19;South;South Park Hospital;General;-;94;80
ID-#01180-P!;2026-10-23;West;Westview Hospital;ER;27;95;71
ID-#04206-C!;2026-10-24;North;Northside Clinic;General;25;97;78
ID-#06693-X!;2026-10-27;Central;Central Care;General;26;95;96
**ID_04011?D;2026-10-23;South;South Park Hospital;ER;61;93;119
ID-#06924-C!;2026-10-24;Waterfront;Bayview Hospital;ER;50;-;99
ID-#01965-R!;2026-10-11;Industrial;Industrial Med;ICU;38;94;118
ID-#02470-V!;2026-10-05;East;Eastern Health;General;54;99;109
ID-#05176-R!;2026-10-21;South;South Park Hospital;ICU;38;100;71
ID-#01080-W!;2026-10-20;South;South Park Hospital;ER;52;96;107
ID-#03784-Q!;2026-10-20;West;Westview Hospital;ICU;74;98;98
ID-#03000-E!;2026-10-24;East;Eastern Health;ER;48;92;88
ID-#02609-P!;2026-10-17;Industrial;Workers Health Center;ICU;52;99;112
ID-#01651-C!;2026-10-26;East;East Point Med;ER;66;-;79
ID-#08381-V!;2026-10-23;Industrial;Industrial Med;ER;61;83;117
ID-#01893-O!;2026-10-26;North;Northside Clinic;General;-;96;76
ID-#03919-A!;2026-10-25;South;South Park Hospital;ER;84;100;95
**ID_04847?W;2026-10-25;Industrial;Workers Health Center;General;25;88;87
ID-#02762-J!;2026-10-26;South;South Park Hospital;ER;82;93;93
ID-#04446-C!;2026-10-19;Industrial;Workers Health Center;ICU;84;89;114
ID-#07037-K!;2026-10-24;South;South Park Hospital;ICU;46;99;91
ID-#05519-Q!;2026-10-07;South;South Park Hospital;ER;76;94;90
**ID_02142?F;2026-10-27;Central;Central Care;Observation;54;100;89
ID-#06942-O!;2026-10-25;Waterfront;Bayview Hospital;General;86;93;113
**ID_01698?R;2026-10-19;Central;Central Care;General;35;96;84
ID-#08273-X!;2026-10-25;West;Westview Hospital;ICU;75;95;80
ID-#05832-I!;2026-10-20;West;Westview Hospital;ER;68;98;99
**ID_04836?J;2026-10-19;West;Westview Hospital;General;28;100;96
ID-#04468-A!;2026-10-20;South;South Park Hospital;ICU;43;98;91
ID-#05646-U!;2026-10-20;Industrial;Industrial Med;ER;70;87;99
ID-#06715-Z!;2026-10-21;North;Northern Medical;ER;88;95;93
ID-#04043-V!;2026-10-24;North;Northern Medical;ICU;76;94;98
ID-#01958-J!;2026-10-22;Central;Metropolis General;ICU;20;97;115
ID-#03314-O!;2026-10-24;South;South Park Hospital;Observation;84;94;92
ID-#02851-P!;2026-10-25;Central;Central Care;ER;46;93;110
**ID_05055?A;2026-10-16;Waterfront;Bayview Hospital;ICU;50;94;113
ID-#01755-Y!;2026-10-25;East;East Point Med;ER;65;84;99
ID-#05726-U!;2026-10-05;Industrial;Workers Health Center;ER;78;96;95
ID-#07647-Y!;2026-10-07;Waterfront;Bayview Hospital;ER;20;98;118
ID-#03346-U!;2026-10-20;Central;Central Care;General;83;98;93
**ID_01510?H;2026-10-29;South;South Park Hospital;ER;46;95;119
ID-#04019-V!;2026-10-19;Industrial;Industrial Med;General;56;88;97
**ID_02481?J;2026-10-25;East;East Point Med;ER;-;91;114
ID-#05875-U!;2026-10-28;East;Eastern Health;Observation;84;87;104
ID-#07405-X!;2026-10-26;East;East Point Med;ER;37;83;85
ID-#08412-B!;2026-10-26;Central;Central Care;General;78;93;100
ID-#03741-R!;2026-10-31;North;Northside Clinic;General;89;96;113
**ID_04328?G;2026-10-04;Waterfront;Bayview Hospital;General;51;97;95
**ID_00721?F;2026-10-20;West;Westview Hospital;General;85;94;92
**ID_02584?R;2026-10-25;East;Eastern Health;ER;64;87;85
ID-#00023-C!;2026-10-19;Waterfront;Bayview Hospital;ER;45;94;82
ID-#03596-W!;2026-10-13;Central;Central Care;ICU;34;93;99
ID-#02084-A!;2026-10-20;Industrial;Workers Health Center;ER;75;80;90
ID-#04735-M!;2026-10-11;South;South Park Hospital;General;42;95;110
ID-#02160-Y!;2026-10-21;North;Northern Medical;ER;22;100;119
ID-#07437-B!;2026-10-26;East;Eastern Health;ER;41;80;113
ID-#00504-Q!;2026-10-20;Central;Central Care;General;74;100;96
ID-#03836-G!;2026-10-06;Waterfront;Bayview Hospital;ER;63;98;108
ID-#01983-U!;2026-10-25;Industrial;Industrial Med;General;72;87;88
ID-#06636-M!;2026-10-12;Waterfront;Bayview Hospital;ICU;72;94;91
ID-#08005-K!;2026-10-19;Industrial;Workers Health Center;ER;89;92;101
ID-#07114-S!;2026-10-09;North;Northside Clinic;General;85;96;119
ID-#05976-W!;2026-10-24;South;South Park Hospital;ER;23;96;95
ID-#01141-C!;2026-10-08;East;East Point Med;ER;56;99;83
ID-#07336-W!;2026-10-21;Central;Metropolis General;General;77;97;78
ID-#06619-M!;2026-10-09;West;Westview Hospital;ER;56;95;103
ID-#07318-N!;2026-10-16;West;Westview Hospital;ER;23;97;96
ID-#05366-Z!;2026-10-04;Central;Central Care;General;83;94;118
ID-#02641-K!;2026-10-16;Waterfront;Bayview Hospital;ER;51;95;120
ID-#05383-C!;2026-10-20;Central;Metropolis General;ER;68;94;86
ID-#07285-K!;2026-10-03;South;South Park Hospital;Observation;32;96;86
ID-#04718-Y!;2026-10-31;West;Westview Hospital;General;41;-;N/A
ID-#05924-M!;2026-10-17;West;Westview Hospital;General;50;98;106
ID-#01624-U!;2026-10-25;East;Eastern Health;ER;65;85;119
ID-#06109-Y!;2026-10-14;Waterfront;Bayview Hospital;ER;30;95;81
ID-#01554-W!;2026-10-15;East;Eastern Health;ER;57;97;103
ID-#08338-Q!;2026-10-26;West;Westview Hospital;General;38;96;75
ID-#00941-H!;2026-10-03;Waterfront;Bayview Hospital;General;32;96;97
ID-#04766-X!;2026-10-10;Waterfront;Bayview Hospital;ER;-;99;120
ID-#04002-I!;2026-10-27;North;Northside Clinic;ER;53;100;118
ID-#07735-A!;2026-10-19;Central;Central Care;ER;25;98;103
ID-#06038-D!;2026-10-22;North;Northside Clinic;ICU;73;96;103
ID-#05098-J!;2026-10-21;Central;Central Care;General;86;96;80
ID-#00246-K!;2026-10-21;Industrial;Industrial Med;ER;37;90;102
ID-#08499-W!;2026-10-29;West;Westview Hospital;General;22;98;71
ID-#05610-L!;2026-10-23;Waterfront;Bayview Hospital;General;-;100;82
ID-#02643-D!;2026-10-03;East;Eastern Health;General;60;99;N/A
ID-#00334-L!;2026-10-21;East;Eastern Health;General;37;80;108
ID-#00123-X!;2026-10-23;Waterfront;Bayview Hospital;General;59;100;120
ID-#04835-G!;2026-10-05;North;Northern Medical;ICU;55;96;76
ID-#02446-A!;2026-10-28;North;Northside Clinic;General;70;96;114
**ID_07772?G;2026-10-16;Waterfront;Bayview Hospital;General;87;95;115
ID-#00807-B!;2026-10-25;Central;Metropolis General;ER;75;98;99
ID-#07698-A!;2026-10-22;Industrial;Workers Health Center;ICU;33;91;92
ID-#03204-U!;2026-10-31;Central;Central Care;Observation;43;95;103
ID-#00050-E!;2026-10-31;West;Westview Hospital;ER;88;97;85
ID-#04880-T!;2026-10-23;North;Northern Medical;Observation;63;93;111
ID-#07893-W!;2026-10-08;East;Eastern Health;General;50;97;70
ID-#05004-Q!;2026-10-24;South;South Park Hospital;ICU;27;96;N/A
ID-#03905-L!;2026-10-24;Waterfront;Bayview Hospital;ICU;73;95;87
ID-#04245-O!;2026-10-27;East;Eastern Health;ICU;43;88;97
ID-#04346-L!;2026-10-23;Central;Metropolis General;ER;47;99;118
ID-#00817-J!;2026-10-05;North;Northern Medical;ER;21;99;103
ID-#08199-I!;2026-10-12;East;Eastern Health;ICU;82;100;102
ID-#04752-L!;2026-10-04;Central;Central Care;ER;24;99;112
ID-#00642-H!;2026-10-27;North;Northside Clinic;ICU;52;93;116
ID-#05310-G!;2026-10-25;South;South Park Hospital;ER;80;93;107
ID-#07658-X!;2026-10-20;Central;Central Care;ER;29;98;108
ID-#02665-U!;2026-10-31;Industrial;Workers Health Center;General;75;90;116
ID-#07044-Y!;2026-10-22;Central;Central Care;ER;38;96;106
ID-#04657-S!;2026-10-09;Industrial;Workers Health Center;ER;23;95;111
ID-#02764-D!;2026-10-23;Central;Central Care;ER;69;95;86
ID-#03944-F!;2026-10-16;Central;Central Care;General;38;98;94
ID-#01355-W!;2026-10-25;North;Northside Clinic;ICU;86;99;114
ID-#02958-D!;2026-10-23;Central;Metropolis General;ER;-;97;96
ID-#01661-Z!;2026-10-12;Industrial;Industrial Med;ICU;57;95;85
ID-#05510-N!;2026-10-19;West;Westview Hospital;General;58;98;90
ID-#02612-O!;2026-10-26;South;South Park Hospital;General;52;95;113
ID-#04681-T!;2026-10-21;East;Eastern Health;ER;20;-;106
ID-#01323-U!;2026-10-25;Industrial;Workers Health Center;General;55;85;77
ID-#05868-O!;2026-10-20;Central;Metropolis General;ICU;88;95;89
**ID_00585?T;2026-10-04;East;East Point Med;Observation;71;98;87
ID-#08459-O!;2026-10-26;Central;Central Care;ER;66;98;102
ID-#05238-W!;2026-10-07;Central;Metropolis General;ICU;28;-;84
ID-#02552-F!;2026-10-14;Industrial;Workers Health Center;General;24;97;78
ID-#07302-L!;2026-10-16;East;Eastern Health;ER;60;99;118
ID-#05260-G!;2026-10-15;West;Westview Hospital;ER;45;97;101
ID-#04973-P!;2026-10-06;North;Northside Clinic;ER;71;93;N/A
ID-#00879-P!;2026-10-25;Industrial;Workers Health Center;ER;36;85;102
**ID_05326?E;2026-10-30;North;Northside Clinic;ER;24;98;96
ID-#00193-F!;2026-10-22;Central;Central Care;ER;77;98;75
ID-#01644-V!;2026-10-04;Central;Central Care;ER;46;96;94
ID-#06637-C!;2026-10-26;Central;Metropolis General;General;83;98;83
ID-#05040-H!;2026-10-11;Waterfront;Bayview Hospital;ER;76;98;115
ID-#02550-V!;2026-10-19;Central;Central Care;ER;35;94;98
ID-#02893-T!;2026-10-16;Waterfront;Bayview Hospital;ER;76;95;118
ID-#05658-A!;2026-10-26;Central;Central Care;ER;22;96;106
ID-#06781-S!;2026-10-18;East;Eastern Health;General;36;93;76
ID-#06747-H!;2026-10-12;West;Westview Hospital;General;85;93;71
ID-#05714-K!;2026-10-30;Central;Metropolis General;ER;82;100;72
ID-#06164-B!;2026-10-30;Industrial;Workers Health Center;General;77;81;95
ID-#01057-C!;2026-10-24;Industrial;Industrial Med;ER;61;88;101
ID-#02384-L!;2026-10-27;East;Eastern Health;ICU;62;83;104
ID-#05865-P!;2026-10-26;West;Westview Hospital;General;38;-;118
